class,seed,pretrain_seed,method,auroc,auprc
class_AED,42,0,finlayson_structure,0.4666666666666666,0.045661637989224194
class_AED,42,0,finlayson_expression,0.49444444444444446,0.056769787214504853
class_AED,42,0,finlayson_concat,0.4811111111111111,0.044853943337724536
class_AED,42,1,finlayson_structure,0.5888888888888888,0.05933358897718599
class_AED,42,1,finlayson_expression,0.6244444444444445,0.060518887319121015
class_AED,42,1,finlayson_concat,0.6188888888888888,0.06720828458895839
class_AED,42,2,finlayson_structure,0.6166666666666667,0.0608681819518434
class_AED,42,2,finlayson_expression,0.6255555555555555,0.05862408645427513
class_AED,42,2,finlayson_concat,0.6444444444444444,0.06884909256973976
class_AED,43,0,finlayson_structure,0.41888888888888887,0.04062528696446094
class_AED,43,0,finlayson_expression,0.38222222222222224,0.03396903786999987
class_AED,43,0,finlayson_concat,0.43222222222222223,0.04239380235609572
class_AED,43,1,finlayson_structure,0.5988888888888888,0.06994901843528956
class_AED,43,1,finlayson_expression,0.49333333333333335,0.041557223827359255
class_AED,43,1,finlayson_concat,0.5788888888888889,0.05542416072595538
class_AED,43,2,finlayson_structure,0.518888888888889,0.05492535698900787
class_AED,43,2,finlayson_expression,0.46555555555555556,0.03947065287942218
class_AED,43,2,finlayson_concat,0.5111111111111111,0.04843246558140286
class_AED,44,0,finlayson_structure,0.5744444444444444,0.05147180405801095
class_AED,44,0,finlayson_expression,0.508888888888889,0.0439457524826789
class_AED,44,0,finlayson_concat,0.5577777777777777,0.05375989020494083
class_AED,44,1,finlayson_structure,0.6,0.06250536182543509
class_AED,44,1,finlayson_expression,0.5277777777777778,0.045002853161740554
class_AED,44,1,finlayson_concat,0.5988888888888888,0.05779012701013622
class_AED,44,2,finlayson_structure,0.5855555555555556,0.06840717309509045
class_AED,44,2,finlayson_expression,0.55,0.05604961487314429
class_AED,44,2,finlayson_concat,0.5588888888888889,0.07349719377181689
class_AED,45,0,finlayson_structure,0.6266666666666667,0.06087431087431087
class_AED,45,0,finlayson_expression,0.49000000000000005,0.048328588116898274
class_AED,45,0,finlayson_concat,0.5522222222222222,0.0730167284652615
class_AED,45,1,finlayson_structure,0.7222222222222222,0.23877333634036713
class_AED,45,1,finlayson_expression,0.6188888888888888,0.06033933099919839
class_AED,45,1,finlayson_concat,0.7433333333333334,0.10794868186509053
class_AED,45,2,finlayson_structure,0.6833333333333333,0.10206532670145685
class_AED,45,2,finlayson_expression,0.5766666666666667,0.08437362342620872
class_AED,45,2,finlayson_concat,0.66,0.10102347422608861
class_AED,46,0,finlayson_structure,0.47,0.04546025227997337
class_AED,46,0,finlayson_expression,0.4488888888888889,0.048106301529363564
class_AED,46,0,finlayson_concat,0.4577777777777778,0.04224162621680494
class_AED,46,1,finlayson_structure,0.6422222222222222,0.06220173474846371
class_AED,46,1,finlayson_expression,0.508888888888889,0.04668663904759579
class_AED,46,1,finlayson_concat,0.6044444444444445,0.052743313442765984
class_AED,46,2,finlayson_structure,0.5088888888888888,0.04758159562243765
class_AED,46,2,finlayson_expression,0.4722222222222222,0.04144509675069947
class_AED,46,2,finlayson_concat,0.4888888888888889,0.04237139627523469
class_AED,47,0,finlayson_structure,0.4022222222222222,0.03696930880908504
class_AED,47,0,finlayson_expression,0.4111111111111111,0.044732753002331455
class_AED,47,0,finlayson_concat,0.3933333333333333,0.03684047652780831
class_AED,47,1,finlayson_structure,0.6211111111111112,0.0912670253854254
class_AED,47,1,finlayson_expression,0.4611111111111111,0.06080958740085074
class_AED,47,1,finlayson_concat,0.6066666666666667,0.0755039407634078
class_AED,47,2,finlayson_structure,0.5166666666666666,0.06577999546749547
class_AED,47,2,finlayson_expression,0.39444444444444443,0.050574659913146254
class_AED,47,2,finlayson_concat,0.4666666666666667,0.0672480773739355
class_AED,48,0,finlayson_structure,0.5888888888888888,0.05619546363946891
class_AED,48,0,finlayson_expression,0.6488888888888888,0.13502029844195743
class_AED,48,0,finlayson_concat,0.61,0.06801849681775754
class_AED,48,1,finlayson_structure,0.6233333333333333,0.09726660813579163
class_AED,48,1,finlayson_expression,0.6622222222222223,0.08250860702886688
class_AED,48,1,finlayson_concat,0.6577777777777778,0.09489581151666318
class_AED,48,2,finlayson_structure,0.6422222222222222,0.09698711811945951
class_AED,48,2,finlayson_expression,0.6033333333333333,0.24153347488543558
class_AED,48,2,finlayson_concat,0.6366666666666667,0.13887607490548667
class_AED,49,0,finlayson_structure,0.6444444444444444,0.11334922497397582
class_AED,49,0,finlayson_expression,0.4833333333333333,0.06821880794604387
class_AED,49,0,finlayson_concat,0.5666666666666667,0.14609762510104754
class_AED,49,1,finlayson_structure,0.6033333333333333,0.054561326910687456
class_AED,49,1,finlayson_expression,0.5644444444444445,0.12649475253306192
class_AED,49,1,finlayson_concat,0.6377777777777778,0.06578638242254126
class_AED,49,2,finlayson_structure,0.6755555555555555,0.07017029258461799
class_AED,49,2,finlayson_expression,0.5311111111111111,0.1014019653304751
class_AED,49,2,finlayson_concat,0.6066666666666667,0.06986622539834925
class_AED,50,0,finlayson_structure,0.4811111111111111,0.04535074361334717
class_AED,50,0,finlayson_expression,0.5988888888888888,0.11130098886068157
class_AED,50,0,finlayson_concat,0.5044444444444445,0.07762637263767846
class_AED,50,1,finlayson_structure,0.6633333333333334,0.09362579470338092
class_AED,50,1,finlayson_expression,0.5811111111111111,0.07594784030336793
class_AED,50,1,finlayson_concat,0.6433333333333333,0.0794658961973381
class_AED,50,2,finlayson_structure,0.7166666666666666,0.09577008151158675
class_AED,50,2,finlayson_expression,0.6344444444444444,0.1103935610083151
class_AED,50,2,finlayson_concat,0.6722222222222223,0.08002698554169141
class_AED,51,0,finlayson_structure,0.47444444444444445,0.040275477781337964
class_AED,51,0,finlayson_expression,0.6033333333333333,0.06643022464722206
class_AED,51,0,finlayson_concat,0.5444444444444445,0.04827727978134483
class_AED,51,1,finlayson_structure,0.6788888888888889,0.22353261003215355
class_AED,51,1,finlayson_expression,0.5744444444444444,0.05037905400496854
class_AED,51,1,finlayson_concat,0.6488888888888888,0.07731134014138036
class_AED,51,2,finlayson_structure,0.6799999999999999,0.08082661531946433
class_AED,51,2,finlayson_expression,0.5133333333333333,0.04386587534881538
class_AED,51,2,finlayson_concat,0.6077777777777778,0.05879809534470552
class_Statin,42,0,finlayson_structure,0.9533333333333333,0.5625
class_Statin,42,0,finlayson_expression,0.9666666666666667,0.5833333333333334
class_Statin,42,0,finlayson_concat,0.9633333333333333,0.5769230769230769
class_Statin,42,1,finlayson_structure,0.9733333333333334,0.3611111111111111
class_Statin,42,1,finlayson_expression,0.9600000000000001,0.5714285714285714
class_Statin,42,1,finlayson_concat,0.9733333333333334,0.3611111111111111
class_Statin,42,2,finlayson_structure,0.9366666666666666,0.3
class_Statin,42,2,finlayson_expression,0.9533333333333334,0.31666666666666665
class_Statin,42,2,finlayson_concat,0.9666666666666666,0.34090909090909094
class_Statin,43,0,finlayson_structure,0.9933333333333334,0.75
class_Statin,43,0,finlayson_expression,0.8066666666666666,0.5166666666666667
class_Statin,43,0,finlayson_concat,0.9733333333333333,0.6
class_Statin,43,1,finlayson_structure,0.8966666666666667,0.5303030303030303
class_Statin,43,1,finlayson_expression,0.7733333333333333,0.5142857142857142
class_Statin,43,1,finlayson_concat,0.84,0.52
class_Statin,43,2,finlayson_structure,0.8566666666666667,0.2727272727272727
class_Statin,43,2,finlayson_expression,0.6866666666666666,0.135752688172043
class_Statin,43,2,finlayson_concat,0.8233333333333334,0.2685185185185185
class_Statin,44,0,finlayson_structure,0.9933333333333334,0.75
class_Statin,44,0,finlayson_expression,0.8933333333333333,0.5294117647058824
class_Statin,44,0,finlayson_concat,0.9866666666666667,0.6666666666666666
class_Statin,44,1,finlayson_structure,0.9466666666666667,0.5555555555555556
class_Statin,44,1,finlayson_expression,0.8733333333333333,0.525
class_Statin,44,1,finlayson_concat,0.9466666666666667,0.5555555555555556
class_Statin,44,2,finlayson_structure,0.88,0.5263157894736842
class_Statin,44,2,finlayson_expression,0.8133333333333334,0.5172413793103449
class_Statin,44,2,finlayson_concat,0.86,0.5227272727272727
class_Statin,45,0,finlayson_structure,0.9366666666666666,0.5476190476190477
class_Statin,45,0,finlayson_expression,0.9333333333333333,0.5454545454545454
class_Statin,45,0,finlayson_concat,0.9500000000000001,0.5588235294117647
class_Statin,45,1,finlayson_structure,0.96,0.3269230769230769
class_Statin,45,1,finlayson_expression,0.9066666666666667,0.5333333333333333
class_Statin,45,1,finlayson_concat,0.9566666666666667,0.5666666666666667
class_Statin,45,2,finlayson_structure,0.9133333333333333,0.28703703703703703
class_Statin,45,2,finlayson_expression,0.9299999999999999,0.5434782608695652
class_Statin,45,2,finlayson_concat,0.9266666666666666,0.2934782608695652
class_Statin,46,0,finlayson_structure,0.9966666666666666,0.8333333333333333
class_Statin,46,0,finlayson_expression,1.0,1.0
class_Statin,46,0,finlayson_concat,1.0,1.0
class_Statin,46,1,finlayson_structure,1.0,1.0
class_Statin,46,1,finlayson_expression,1.0,1.0
class_Statin,46,1,finlayson_concat,1.0,1.0
class_Statin,46,2,finlayson_structure,0.9833333333333334,0.6428571428571428
class_Statin,46,2,finlayson_expression,1.0,1.0
class_Statin,46,2,finlayson_concat,1.0,1.0
class_Statin,47,0,finlayson_structure,0.9933333333333334,0.75
class_Statin,47,0,finlayson_expression,0.8433333333333333,0.5204081632653061
class_Statin,47,0,finlayson_concat,0.99,0.7
class_Statin,47,1,finlayson_structure,0.9500000000000001,0.5588235294117647
class_Statin,47,1,finlayson_expression,0.8266666666666667,0.5185185185185185
class_Statin,47,1,finlayson_concat,0.9299999999999999,0.5434782608695652
class_Statin,47,2,finlayson_structure,0.9233333333333333,0.2916666666666667
class_Statin,47,2,finlayson_expression,0.8200000000000001,0.5178571428571429
class_Statin,47,2,finlayson_concat,0.91,0.2857142857142857
class_Statin,48,0,finlayson_structure,0.9,0.15948275862068967
class_Statin,48,0,finlayson_expression,0.72,0.03736413043478261
class_Statin,48,0,finlayson_concat,0.9166666666666666,0.10555555555555556
class_Statin,48,1,finlayson_structure,0.9,0.10250000000000001
class_Statin,48,1,finlayson_expression,0.7766666666666666,0.044217687074829926
class_Statin,48,1,finlayson_concat,0.8999999999999999,0.09722222222222221
class_Statin,48,2,finlayson_structure,0.7266666666666667,0.034922394678492244
class_Statin,48,2,finlayson_expression,0.7266666666666666,0.0386002886002886
class_Statin,48,2,finlayson_concat,0.7633333333333333,0.039596273291925464
class_Statin,49,0,finlayson_structure,0.9566666666666667,0.5666666666666667
class_Statin,49,0,finlayson_expression,0.9733333333333333,0.6
class_Statin,49,0,finlayson_concat,0.9766666666666667,0.6111111111111112
class_Statin,49,1,finlayson_structure,0.9733333333333333,0.6
class_Statin,49,1,finlayson_expression,0.9533333333333333,0.5625
class_Statin,49,1,finlayson_concat,0.98,0.625
class_Statin,49,2,finlayson_structure,0.9233333333333333,0.2916666666666667
class_Statin,49,2,finlayson_expression,0.97,0.5909090909090909
class_Statin,49,2,finlayson_concat,0.9466666666666667,0.3088235294117647
class_Statin,50,0,finlayson_structure,1.0,1.0
class_Statin,50,0,finlayson_expression,0.8033333333333333,0.5163934426229508
class_Statin,50,0,finlayson_concat,0.9866666666666667,0.6666666666666666
class_Statin,50,1,finlayson_structure,0.8966666666666667,0.5303030303030303
class_Statin,50,1,finlayson_expression,0.7666666666666666,0.5138888888888888
class_Statin,50,1,finlayson_concat,0.88,0.5263157894736842
class_Statin,50,2,finlayson_structure,0.8566666666666667,0.2727272727272727
class_Statin,50,2,finlayson_expression,0.7333333333333334,0.5121951219512195
class_Statin,50,2,finlayson_concat,0.8200000000000001,0.2681818181818182
class_Statin,51,0,finlayson_structure,0.9933333333333334,0.75
class_Statin,51,0,finlayson_expression,0.8066666666666666,0.5166666666666667
class_Statin,51,0,finlayson_concat,0.9766666666666667,0.6111111111111112
class_Statin,51,1,finlayson_structure,0.9133333333333333,0.5357142857142857
class_Statin,51,1,finlayson_expression,0.7933333333333333,0.515625
class_Statin,51,1,finlayson_concat,0.8966666666666667,0.5303030303030303
class_Statin,51,2,finlayson_structure,0.8933333333333333,0.5294117647058824
class_Statin,51,2,finlayson_expression,0.75,0.512987012987013
class_Statin,51,2,finlayson_concat,0.8533333333333333,0.5217391304347826
class_SSRI,42,0,finlayson_structure,0.42666666666666664,0.022727272727272728
class_SSRI,42,0,finlayson_expression,0.6799999999999999,0.030024509803921566
class_SSRI,42,0,finlayson_concat,0.4733333333333333,0.018294573643410854
class_SSRI,42,1,finlayson_structure,0.88,0.1
class_SSRI,42,1,finlayson_expression,0.8066666666666666,0.048924731182795694
class_SSRI,42,1,finlayson_concat,0.89,0.08125
class_SSRI,42,2,finlayson_structure,0.20666666666666667,0.01652892561983471
class_SSRI,42,2,finlayson_expression,0.4,0.015953453453453455
class_SSRI,42,2,finlayson_concat,0.2733333333333333,0.013382594417077176
class_SSRI,43,0,finlayson_structure,0.37333333333333335,0.015337763012181618
class_SSRI,43,0,finlayson_expression,0.4666666666666667,0.02325858778625954
class_SSRI,43,0,finlayson_concat,0.33999999999999997,0.014609094535301157
class_SSRI,43,1,finlayson_structure,0.6566666666666666,0.027500922849760058
class_SSRI,43,1,finlayson_expression,0.6766666666666666,0.04995579133510168
class_SSRI,43,1,finlayson_concat,0.6633333333333333,0.02827380952380952
class_SSRI,43,2,finlayson_structure,0.35,0.014719848053181387
class_SSRI,43,2,finlayson_expression,0.39,0.015909090909090907
class_SSRI,43,2,finlayson_concat,0.35666666666666663,0.01486949080017116
class_SSRI,44,0,finlayson_structure,0.7733333333333333,0.5142857142857142
class_SSRI,44,0,finlayson_expression,0.6699999999999999,0.08195488721804511
class_SSRI,44,0,finlayson_concat,0.7566666666666666,0.5133333333333333
class_SSRI,44,1,finlayson_structure,0.8866666666666666,0.5277777777777778
class_SSRI,44,1,finlayson_expression,0.7666666666666666,0.09825870646766169
class_SSRI,44,1,finlayson_concat,0.8833333333333333,0.527027027027027
class_SSRI,44,2,finlayson_structure,0.5633333333333334,0.5075187969924813
class_SSRI,44,2,finlayson_expression,0.69,0.03543776057176891
class_SSRI,44,2,finlayson_concat,0.6366666666666667,0.10934579439252337
class_SSRI,45,0,finlayson_structure,0.7333333333333334,0.2623456790123457
class_SSRI,45,0,finlayson_expression,0.6233333333333333,0.06490134994807892
class_SSRI,45,0,finlayson_concat,0.7366666666666666,0.13782051282051283
class_SSRI,45,1,finlayson_structure,0.8666666666666667,0.5238095238095238
class_SSRI,45,1,finlayson_expression,0.75,0.09722222222222221
class_SSRI,45,1,finlayson_concat,0.8333333333333334,0.5192307692307693
class_SSRI,45,2,finlayson_structure,0.5566666666666666,0.2574626865671642
class_SSRI,45,2,finlayson_expression,0.6133333333333333,0.03767876787678768
class_SSRI,45,2,finlayson_concat,0.5866666666666667,0.133130081300813
class_SSRI,46,0,finlayson_structure,0.9566666666666667,0.5666666666666667
class_SSRI,46,0,finlayson_expression,0.8533333333333333,0.06601731601731602
class_SSRI,46,0,finlayson_concat,0.94,0.2222222222222222
class_SSRI,46,1,finlayson_structure,0.88,0.5263157894736842
class_SSRI,46,1,finlayson_expression,0.8533333333333334,0.12380952380952381
class_SSRI,46,1,finlayson_concat,0.86,0.5227272727272727
class_SSRI,46,2,finlayson_structure,0.76,0.5135135135135135
class_SSRI,46,2,finlayson_expression,0.7966666666666666,0.058069381598793365
class_SSRI,46,2,finlayson_concat,0.7733333333333333,0.5142857142857142
class_SSRI,47,0,finlayson_structure,0.7666666666666667,0.2640845070422535
class_SSRI,47,0,finlayson_expression,0.6166666666666667,0.05480033984706882
class_SSRI,47,0,finlayson_concat,0.7733333333333334,0.18137254901960784
class_SSRI,47,1,finlayson_structure,0.8866666666666666,0.5277777777777778
class_SSRI,47,1,finlayson_expression,0.7533333333333333,0.08571428571428572
class_SSRI,47,1,finlayson_concat,0.8633333333333333,0.5232558139534884
class_SSRI,47,2,finlayson_structure,0.56,0.2575187969924812
class_SSRI,47,2,finlayson_expression,0.6366666666666667,0.04591836734693877
class_SSRI,47,2,finlayson_concat,0.5766666666666667,0.10800000000000001
class_SSRI,48,0,finlayson_structure,0.67,0.02860501567398119
class_SSRI,48,0,finlayson_expression,0.51,0.019617224880382776
class_SSRI,48,0,finlayson_concat,0.6466666666666667,0.026830135039090264
class_SSRI,48,1,finlayson_structure,0.86,0.10897435897435898
class_SSRI,48,1,finlayson_expression,0.6866666666666668,0.031947261663286
class_SSRI,48,1,finlayson_concat,0.8333333333333333,0.10460992907801418
class_SSRI,48,2,finlayson_structure,0.4633333333333333,0.025817788591511216
class_SSRI,48,2,finlayson_expression,0.4766666666666667,0.018222506393861894
class_SSRI,48,2,finlayson_concat,0.4766666666666666,0.023025530899546648
class_SSRI,49,0,finlayson_structure,0.42999999999999994,0.01731893837156995
class_SSRI,49,0,finlayson_expression,0.3666666666666667,0.015101410934744267
class_SSRI,49,0,finlayson_concat,0.4666666666666667,0.01796550622804216
class_SSRI,49,1,finlayson_structure,0.6,0.027419354838709678
class_SSRI,49,1,finlayson_expression,0.43666666666666665,0.016968325791855206
class_SSRI,49,1,finlayson_concat,0.5733333333333334,0.02501516070345664
class_SSRI,49,2,finlayson_structure,0.3433333333333333,0.014585883312933496
class_SSRI,49,2,finlayson_expression,0.25999999999999995,0.013051090243514245
class_SSRI,49,2,finlayson_concat,0.33,0.014385353095030515
class_SSRI,50,0,finlayson_structure,0.6666666666666667,0.028298204527712725
class_SSRI,50,0,finlayson_expression,0.5433333333333333,0.02119309262166405
class_SSRI,50,0,finlayson_concat,0.6866666666666666,0.03057889822595705
class_SSRI,50,1,finlayson_structure,0.88,0.15357142857142858
class_SSRI,50,1,finlayson_expression,0.72,0.03736413043478261
class_SSRI,50,1,finlayson_concat,0.8699999999999999,0.12702702702702703
class_SSRI,50,2,finlayson_structure,0.47,0.028933375039099155
class_SSRI,50,2,finlayson_expression,0.51,0.019457013574660634
class_SSRI,50,2,finlayson_concat,0.5,0.027104784978800728
class_SSRI,51,0,finlayson_structure,0.6466666666666667,0.026830135039090264
class_SSRI,51,0,finlayson_expression,0.4533333333333333,0.01779500158177792
class_SSRI,51,0,finlayson_concat,0.6266666666666667,0.025833333333333333
class_SSRI,51,1,finlayson_structure,0.8566666666666666,0.10833333333333334
class_SSRI,51,1,finlayson_expression,0.6666666666666667,0.03221778221778222
class_SSRI,51,1,finlayson_concat,0.8333333333333334,0.08472222222222223
class_SSRI,51,2,finlayson_structure,0.44666666666666666,0.023860911270983214
class_SSRI,51,2,finlayson_expression,0.43,0.016750305167503053
class_SSRI,51,2,finlayson_concat,0.43666666666666665,0.020920920920920922
class_NSAID,42,0,finlayson_structure,0.6444444444444445,0.1038203446698185
class_NSAID,42,0,finlayson_expression,0.4955555555555555,0.027933071438964063
class_NSAID,42,0,finlayson_concat,0.6066666666666667,0.06054943613952268
class_NSAID,42,1,finlayson_structure,0.5644444444444444,0.03687600644122383
class_NSAID,42,1,finlayson_expression,0.5933333333333334,0.03150668775668776
class_NSAID,42,1,finlayson_concat,0.5822222222222222,0.033412698412698415
class_NSAID,42,2,finlayson_structure,0.7377777777777778,0.11456908344733242
class_NSAID,42,2,finlayson_expression,0.6222222222222222,0.04417989417989418
class_NSAID,42,2,finlayson_concat,0.7266666666666667,0.08427041499330655
class_NSAID,43,0,finlayson_structure,0.74,0.22543859649122808
class_NSAID,43,0,finlayson_expression,0.6466666666666666,0.14
class_NSAID,43,0,finlayson_concat,0.7,0.1578125
class_NSAID,43,1,finlayson_structure,0.6755555555555556,0.13529657477025897
class_NSAID,43,1,finlayson_expression,0.7111111111111111,0.16996927803379414
class_NSAID,43,1,finlayson_concat,0.6933333333333332,0.13508522727272726
class_NSAID,43,2,finlayson_structure,0.7644444444444445,0.18767876787678767
class_NSAID,43,2,finlayson_expression,0.7111111111111111,0.18577777777777776
class_NSAID,43,2,finlayson_concat,0.7333333333333334,0.1864734299516908
class_NSAID,44,0,finlayson_structure,0.7155555555555556,0.04625150825938858
class_NSAID,44,0,finlayson_expression,0.5466666666666666,0.03128671416072991
class_NSAID,44,0,finlayson_concat,0.6577777777777778,0.038309990662931837
class_NSAID,44,1,finlayson_structure,0.8022222222222222,0.06540681540681541
class_NSAID,44,1,finlayson_expression,0.7177777777777778,0.04797121007647323
class_NSAID,44,1,finlayson_concat,0.7866666666666666,0.061400923469888985
class_NSAID,44,2,finlayson_structure,0.88,0.1875
class_NSAID,44,2,finlayson_expression,0.7888888888888889,0.09781397939292676
class_NSAID,44,2,finlayson_concat,0.8555555555555556,0.18361581920903952
class_NSAID,45,0,finlayson_structure,0.7133333333333334,0.059730848861283645
class_NSAID,45,0,finlayson_expression,0.571111111111111,0.04494777851458886
class_NSAID,45,0,finlayson_concat,0.6688888888888889,0.060368341561281305
class_NSAID,45,1,finlayson_structure,0.6777777777777777,0.10697594501718213
class_NSAID,45,1,finlayson_expression,0.6111111111111112,0.04544494720965309
class_NSAID,45,1,finlayson_concat,0.64,0.07603212010124814
class_NSAID,45,2,finlayson_structure,0.7799999999999999,0.10314327485380116
class_NSAID,45,2,finlayson_expression,0.6711111111111111,0.05730496453900709
class_NSAID,45,2,finlayson_concat,0.7577777777777778,0.08633390705679862
class_NSAID,46,0,finlayson_structure,0.6799999999999999,0.04368471035137702
class_NSAID,46,0,finlayson_expression,0.6155555555555555,0.04856459330143541
class_NSAID,46,0,finlayson_concat,0.66,0.040981432360742705
class_NSAID,46,1,finlayson_structure,0.7,0.06214063714063714
class_NSAID,46,1,finlayson_expression,0.7355555555555555,0.05655620532813515
class_NSAID,46,1,finlayson_concat,0.7133333333333334,0.05728205506754262
class_NSAID,46,2,finlayson_structure,0.9111111111111112,0.1287037037037037
class_NSAID,46,2,finlayson_expression,0.7844444444444444,0.11507936507936507
class_NSAID,46,2,finlayson_concat,0.9,0.11798941798941799
class_NSAID,47,0,finlayson_structure,0.8111111111111111,0.23110661268556004
class_NSAID,47,0,finlayson_expression,0.62,0.0504040404040404
class_NSAID,47,0,finlayson_concat,0.7777777777777778,0.1537598204264871
class_NSAID,47,1,finlayson_structure,0.7177777777777777,0.13084291187739464
class_NSAID,47,1,finlayson_expression,0.7311111111111112,0.05198879551820729
class_NSAID,47,1,finlayson_concat,0.731111111111111,0.12045690550363447
class_NSAID,47,2,finlayson_structure,0.9466666666666667,0.2846153846153846
class_NSAID,47,2,finlayson_expression,0.8355555555555555,0.10219994430520746
class_NSAID,47,2,finlayson_concat,0.9333333333333333,0.19155844155844157
class_NSAID,48,0,finlayson_structure,0.6533333333333333,0.08388765705838876
class_NSAID,48,0,finlayson_expression,0.6266666666666666,0.09027777777777778
class_NSAID,48,0,finlayson_concat,0.6355555555555555,0.08524046434494195
class_NSAID,48,1,finlayson_structure,0.6711111111111111,0.06752372206917662
class_NSAID,48,1,finlayson_expression,0.7444444444444445,0.23156801661474558
class_NSAID,48,1,finlayson_concat,0.7022222222222222,0.0932030932030932
class_NSAID,48,2,finlayson_structure,0.7422222222222222,0.14832285115303984
class_NSAID,48,2,finlayson_expression,0.6977777777777777,0.1302222222222222
class_NSAID,48,2,finlayson_concat,0.731111111111111,0.1661793372319688
class_NSAID,49,0,finlayson_structure,0.6977777777777777,0.045991561181434604
class_NSAID,49,0,finlayson_expression,0.6133333333333333,0.052241805813234385
class_NSAID,49,0,finlayson_concat,0.6799999999999999,0.04416278432447246
class_NSAID,49,1,finlayson_structure,0.6733333333333333,0.05859077040427155
class_NSAID,49,1,finlayson_expression,0.7244444444444444,0.056072351421188625
class_NSAID,49,1,finlayson_concat,0.6933333333333334,0.056333288464127065
class_NSAID,49,2,finlayson_structure,0.9266666666666667,0.14715608465608465
class_NSAID,49,2,finlayson_expression,0.7644444444444445,0.08941633079564114
class_NSAID,49,2,finlayson_concat,0.9022222222222221,0.11905982905982906
class_NSAID,50,0,finlayson_structure,0.8711111111111112,0.2238095238095238
class_NSAID,50,0,finlayson_expression,0.6822222222222223,0.06600559369438087
class_NSAID,50,0,finlayson_concat,0.8088888888888888,0.13000473821369343
class_NSAID,50,1,finlayson_structure,0.8288888888888888,0.11296296296296296
class_NSAID,50,1,finlayson_expression,0.7555555555555555,0.07701865657802011
class_NSAID,50,1,finlayson_concat,0.8133333333333334,0.1272401433691756
class_NSAID,50,2,finlayson_structure,0.8777777777777778,0.26331236897274635
class_NSAID,50,2,finlayson_expression,0.7444444444444445,0.08819444444444445
class_NSAID,50,2,finlayson_concat,0.8422222222222223,0.2589371980676328
class_NSAID,51,0,finlayson_structure,0.86,0.08580368906455862
class_NSAID,51,0,finlayson_expression,0.6377777777777778,0.034151034151034154
class_NSAID,51,0,finlayson_concat,0.8333333333333334,0.07178797904604356
class_NSAID,51,1,finlayson_structure,0.8644444444444445,0.08679045092838197
class_NSAID,51,1,finlayson_expression,0.7622222222222222,0.05136287163936933
class_NSAID,51,1,finlayson_concat,0.8622222222222222,0.08432539682539683
class_NSAID,51,2,finlayson_structure,0.9555555555555555,0.22222222222222224
class_NSAID,51,2,finlayson_expression,0.86,0.08346579398472806
class_NSAID,51,2,finlayson_concat,0.9422222222222222,0.18977591036414565
class_BetaBlocker,42,0,finlayson_structure,0.9166666666666667,0.537037037037037
class_BetaBlocker,42,0,finlayson_expression,0.6833333333333333,0.5103092783505154
class_BetaBlocker,42,0,finlayson_concat,0.87,0.524390243902439
class_BetaBlocker,42,1,finlayson_structure,0.8366666666666667,0.5196078431372549
class_BetaBlocker,42,1,finlayson_expression,0.6133333333333333,0.25854700854700857
class_BetaBlocker,42,1,finlayson_concat,0.7866666666666666,0.5151515151515151
class_BetaBlocker,42,2,finlayson_structure,0.77,0.5140845070422535
class_BetaBlocker,42,2,finlayson_expression,0.6499999999999999,0.25943396226415094
class_BetaBlocker,42,2,finlayson_concat,0.7333333333333334,0.5121951219512195
class_BetaBlocker,43,0,finlayson_structure,0.9833333333333333,0.3666666666666667
class_BetaBlocker,43,0,finlayson_expression,0.9066666666666666,0.09401709401709402
class_BetaBlocker,43,0,finlayson_concat,0.9766666666666667,0.29166666666666663
class_BetaBlocker,43,1,finlayson_structure,0.8866666666666666,0.19607843137254902
class_BetaBlocker,43,1,finlayson_expression,0.7933333333333334,0.06818181818181818
class_BetaBlocker,43,1,finlayson_concat,0.9033333333333333,0.2833333333333333
class_BetaBlocker,43,2,finlayson_structure,0.7166666666666667,0.033850129198966405
class_BetaBlocker,43,2,finlayson_expression,0.7599999999999999,0.04
class_BetaBlocker,43,2,finlayson_concat,0.7466666666666667,0.03732303732303732
class_BetaBlocker,44,0,finlayson_structure,0.8633333333333333,0.10964912280701754
class_BetaBlocker,44,0,finlayson_expression,0.7166666666666666,0.05482456140350877
class_BetaBlocker,44,0,finlayson_concat,0.8366666666666667,0.10507246376811594
class_BetaBlocker,44,1,finlayson_structure,0.7233333333333333,0.03478523895946763
class_BetaBlocker,44,1,finlayson_expression,0.6733333333333333,0.04131652661064426
class_BetaBlocker,44,1,finlayson_concat,0.7433333333333333,0.04390681003584229
class_BetaBlocker,44,2,finlayson_structure,0.5766666666666667,0.022462149416728715
class_BetaBlocker,44,2,finlayson_expression,0.6533333333333333,0.03288152610441767
class_BetaBlocker,44,2,finlayson_concat,0.6266666666666666,0.025978407557354925
class_BetaBlocker,45,0,finlayson_structure,0.9866666666666667,0.6666666666666666
class_BetaBlocker,45,0,finlayson_expression,0.9466666666666667,0.5555555555555556
class_BetaBlocker,45,0,finlayson_concat,0.9833333333333334,0.6428571428571428
class_BetaBlocker,45,1,finlayson_structure,0.8833333333333333,0.19523809523809524
class_BetaBlocker,45,1,finlayson_expression,0.8566666666666667,0.5222222222222223
class_BetaBlocker,45,1,finlayson_concat,0.9333333333333333,0.2976190476190476
class_BetaBlocker,45,2,finlayson_structure,0.8733333333333333,0.27564102564102566
class_BetaBlocker,45,2,finlayson_expression,0.8766666666666666,0.5256410256410257
class_BetaBlocker,45,2,finlayson_concat,0.89,0.27941176470588236
class_BetaBlocker,46,0,finlayson_structure,0.9733333333333333,0.29166666666666663
class_BetaBlocker,46,0,finlayson_expression,0.9800000000000001,0.3333333333333333
class_BetaBlocker,46,0,finlayson_concat,0.9833333333333334,0.41666666666666663
class_BetaBlocker,46,1,finlayson_structure,0.88,0.11363636363636363
class_BetaBlocker,46,1,finlayson_expression,0.96,0.3269230769230769
class_BetaBlocker,46,1,finlayson_concat,0.9266666666666667,0.2121212121212121
class_BetaBlocker,46,2,finlayson_structure,0.8466666666666667,0.2712765957446808
class_BetaBlocker,46,2,finlayson_expression,0.9366666666666666,0.5476190476190477
class_BetaBlocker,46,2,finlayson_concat,0.8933333333333333,0.2803030303030303
class_BetaBlocker,47,0,finlayson_structure,0.97,0.5909090909090909
class_BetaBlocker,47,0,finlayson_expression,0.9533333333333333,0.5625
class_BetaBlocker,47,0,finlayson_concat,0.9866666666666667,0.6666666666666666
class_BetaBlocker,47,1,finlayson_structure,0.8666666666666667,0.15064102564102563
class_BetaBlocker,47,1,finlayson_expression,0.9066666666666667,0.5333333333333333
class_BetaBlocker,47,1,finlayson_concat,0.9299999999999999,0.5434782608695652
class_BetaBlocker,47,2,finlayson_structure,0.8933333333333333,0.5294117647058824
class_BetaBlocker,47,2,finlayson_expression,0.9266666666666666,0.5416666666666666
class_BetaBlocker,47,2,finlayson_concat,0.9266666666666666,0.5416666666666666
class_BetaBlocker,48,0,finlayson_structure,0.96,0.3269230769230769
class_BetaBlocker,48,0,finlayson_expression,0.9600000000000001,0.5714285714285714
class_BetaBlocker,48,0,finlayson_concat,0.97,0.35
class_BetaBlocker,48,1,finlayson_structure,0.9033333333333334,0.2011494252873563
class_BetaBlocker,48,1,finlayson_expression,0.9066666666666667,0.10101010101010101
class_BetaBlocker,48,1,finlayson_concat,0.9366666666666666,0.3
class_BetaBlocker,48,2,finlayson_structure,0.8933333333333333,0.5294117647058824
class_BetaBlocker,48,2,finlayson_expression,0.92,0.14545454545454545
class_BetaBlocker,48,2,finlayson_concat,0.9133333333333333,0.5357142857142857
class_BetaBlocker,49,0,finlayson_structure,1.0,1.0
class_BetaBlocker,49,0,finlayson_expression,0.98,0.325
class_BetaBlocker,49,0,finlayson_concat,1.0,1.0
class_BetaBlocker,49,1,finlayson_structure,0.9466666666666667,0.19166666666666665
class_BetaBlocker,49,1,finlayson_expression,0.9133333333333333,0.11688311688311688
class_BetaBlocker,49,1,finlayson_concat,0.9633333333333334,0.225
class_BetaBlocker,49,2,finlayson_structure,0.89,0.11666666666666667
class_BetaBlocker,49,2,finlayson_expression,0.9333333333333333,0.12878787878787878
class_BetaBlocker,49,2,finlayson_concat,0.9066666666666667,0.12333333333333332
class_BetaBlocker,50,0,finlayson_structure,0.9633333333333334,0.3333333333333333
class_BetaBlocker,50,0,finlayson_expression,0.9366666666666668,0.21929824561403508
class_BetaBlocker,50,0,finlayson_concat,0.9666666666666666,0.34090909090909094
class_BetaBlocker,50,1,finlayson_structure,0.8866666666666666,0.13125
class_BetaBlocker,50,1,finlayson_expression,0.8633333333333333,0.06696428571428571
class_BetaBlocker,50,1,finlayson_concat,0.9166666666666666,0.16666666666666666
class_BetaBlocker,50,2,finlayson_structure,0.8566666666666666,0.10833333333333334
class_BetaBlocker,50,2,finlayson_expression,0.8566666666666667,0.07402597402597402
class_BetaBlocker,50,2,finlayson_concat,0.8933333333333333,0.15725806451612903
class_BetaBlocker,51,0,finlayson_structure,0.9633333333333333,0.5769230769230769
class_BetaBlocker,51,0,finlayson_expression,0.9666666666666667,0.5833333333333334
class_BetaBlocker,51,0,finlayson_concat,0.9733333333333333,0.6
class_BetaBlocker,51,1,finlayson_structure,0.9466666666666667,0.5555555555555556
class_BetaBlocker,51,1,finlayson_expression,0.9266666666666666,0.12698412698412698
class_BetaBlocker,51,1,finlayson_concat,0.98,0.625
class_BetaBlocker,51,2,finlayson_structure,0.9033333333333333,0.532258064516129
class_BetaBlocker,51,2,finlayson_expression,0.9,0.10250000000000001
class_BetaBlocker,51,2,finlayson_concat,0.9233333333333333,0.21014492753623187
class_Antipsychotic,42,0,finlayson_structure,0.7333333333333334,0.06906906906906907
class_Antipsychotic,42,0,finlayson_expression,0.7100000000000001,0.03538461538461539
class_Antipsychotic,42,0,finlayson_concat,0.7533333333333333,0.06060606060606061
class_Antipsychotic,42,1,finlayson_structure,0.7100000000000001,0.032467532467532464
class_Antipsychotic,42,1,finlayson_expression,0.65,0.027031740495291244
class_Antipsychotic,42,1,finlayson_concat,0.6833333333333333,0.029809725158562367
class_Antipsychotic,42,2,finlayson_structure,0.62,0.03530927835051546
class_Antipsychotic,42,2,finlayson_expression,0.5033333333333334,0.019507542916594414
class_Antipsychotic,42,2,finlayson_concat,0.61,0.025793650793650792
class_Antipsychotic,43,0,finlayson_structure,0.6066666666666666,0.024269005847953218
class_Antipsychotic,43,0,finlayson_expression,0.6666666666666666,0.030365296803652967
class_Antipsychotic,43,0,finlayson_concat,0.66,0.028790389395194696
class_Antipsychotic,43,1,finlayson_structure,0.52,0.02355543987506507
class_Antipsychotic,43,1,finlayson_expression,0.5833333333333333,0.02841950861752842
class_Antipsychotic,43,1,finlayson_concat,0.53,0.02593703148425787
class_Antipsychotic,43,2,finlayson_structure,0.78,0.04738562091503268
class_Antipsychotic,43,2,finlayson_expression,0.5733333333333334,0.07063008130081301
class_Antipsychotic,43,2,finlayson_concat,0.73,0.05555555555555555
class_Antipsychotic,44,0,finlayson_structure,0.7966666666666666,0.04772727272727273
class_Antipsychotic,44,0,finlayson_expression,0.7333333333333334,0.03603896103896104
class_Antipsychotic,44,0,finlayson_concat,0.81,0.051587301587301584
class_Antipsychotic,44,1,finlayson_structure,0.9533333333333334,0.31666666666666665
class_Antipsychotic,44,1,finlayson_expression,0.8400000000000001,0.05756578947368421
class_Antipsychotic,44,1,finlayson_concat,0.9433333333333332,0.1875
class_Antipsychotic,44,2,finlayson_structure,0.9166666666666666,0.10512820512820513
class_Antipsychotic,44,2,finlayson_expression,0.7133333333333334,0.11190476190476191
class_Antipsychotic,44,2,finlayson_concat,0.9133333333333333,0.11011904761904762
class_Antipsychotic,45,0,finlayson_structure,0.7966666666666666,0.049516908212560384
class_Antipsychotic,45,0,finlayson_expression,0.7766666666666666,0.04301572617946346
class_Antipsychotic,45,0,finlayson_concat,0.8166666666666667,0.05277777777777778
class_Antipsychotic,45,1,finlayson_structure,0.9466666666666667,0.22916666666666666
class_Antipsychotic,45,1,finlayson_expression,0.8333333333333334,0.05505952380952381
class_Antipsychotic,45,1,finlayson_concat,0.93,0.175
class_Antipsychotic,45,2,finlayson_structure,0.9066666666666667,0.09583333333333333
class_Antipsychotic,45,2,finlayson_expression,0.6966666666666667,0.05750273822562979
class_Antipsychotic,45,2,finlayson_concat,0.8933333333333333,0.08391608391608392
class_Antipsychotic,46,0,finlayson_structure,0.75,0.07004830917874395
class_Antipsychotic,46,0,finlayson_expression,0.5633333333333334,0.022132550745903645
class_Antipsychotic,46,0,finlayson_concat,0.6866666666666666,0.04191176470588236
class_Antipsychotic,46,1,finlayson_structure,0.7266666666666667,0.042703150912106136
class_Antipsychotic,46,1,finlayson_expression,0.5599999999999999,0.022352647352647352
class_Antipsychotic,46,1,finlayson_concat,0.6699999999999999,0.032388663967611336
class_Antipsychotic,46,2,finlayson_structure,0.8166666666666667,0.050505050505050504
class_Antipsychotic,46,2,finlayson_expression,0.39333333333333337,0.015991096532333646
class_Antipsychotic,46,2,finlayson_concat,0.6733333333333333,0.028853914447134785
class_Antipsychotic,47,0,finlayson_structure,0.94,0.1625
class_Antipsychotic,47,0,finlayson_expression,0.8766666666666667,0.07289002557544758
class_Antipsychotic,47,0,finlayson_concat,0.9266666666666666,0.11858974358974358
class_Antipsychotic,47,1,finlayson_structure,0.8933333333333333,0.5294117647058824
class_Antipsychotic,47,1,finlayson_expression,0.7999999999999999,0.052526595744680854
class_Antipsychotic,47,1,finlayson_concat,0.8766666666666666,0.5256410256410257
class_Antipsychotic,47,2,finlayson_structure,0.9433333333333334,0.5526315789473684
class_Antipsychotic,47,2,finlayson_expression,0.6166666666666667,0.02532051282051282
class_Antipsychotic,47,2,finlayson_concat,0.8733333333333333,0.12777777777777777
class_Antipsychotic,48,0,finlayson_structure,0.4066666666666667,0.01617283950617284
class_Antipsychotic,48,0,finlayson_expression,0.22999999999999998,0.012513842746400886
class_Antipsychotic,48,0,finlayson_concat,0.39333333333333337,0.015828017954169618
class_Antipsychotic,48,1,finlayson_structure,0.45666666666666667,0.0180999180999181
class_Antipsychotic,48,1,finlayson_expression,0.27666666666666667,0.013251565314349428
class_Antipsychotic,48,1,finlayson_concat,0.4066666666666666,0.016312997347480106
class_Antipsychotic,48,2,finlayson_structure,0.36333333333333334,0.015289449112978524
class_Antipsychotic,48,2,finlayson_expression,0.10666666666666663,0.01103061335657479
class_Antipsychotic,48,2,finlayson_concat,0.24666666666666665,0.012775976532345221
class_Antipsychotic,49,0,finlayson_structure,0.7633333333333333,0.03979511426319937
class_Antipsychotic,49,0,finlayson_expression,0.71,0.033078184800437394
class_Antipsychotic,49,0,finlayson_concat,0.7733333333333333,0.04210992907801418
class_Antipsychotic,49,1,finlayson_structure,0.73,0.0375
class_Antipsychotic,49,1,finlayson_expression,0.6166666666666667,0.0251821349382325
class_Antipsychotic,49,1,finlayson_concat,0.6966666666666667,0.03511904761904762
class_Antipsychotic,49,2,finlayson_structure,0.8233333333333334,0.05208333333333333
class_Antipsychotic,49,2,finlayson_expression,0.5466666666666666,0.0239010989010989
class_Antipsychotic,49,2,finlayson_concat,0.7533333333333333,0.038838612368024134
class_Antipsychotic,50,0,finlayson_structure,0.7966666666666666,0.04772727272727273
class_Antipsychotic,50,0,finlayson_expression,0.7133333333333334,0.03361581920903955
class_Antipsychotic,50,0,finlayson_concat,0.78,0.045408163265306126
class_Antipsychotic,50,1,finlayson_structure,0.95,0.3125
class_Antipsychotic,50,1,finlayson_expression,0.7933333333333333,0.04487179487179487
class_Antipsychotic,50,1,finlayson_concat,0.92,0.16847826086956522
class_Antipsychotic,50,2,finlayson_structure,0.9066666666666667,0.09453781512605042
class_Antipsychotic,50,2,finlayson_expression,0.7,0.06204819277108434
class_Antipsychotic,50,2,finlayson_concat,0.89,0.08545454545454545
class_Antipsychotic,51,0,finlayson_structure,0.4033333333333333,0.016025641025641024
class_Antipsychotic,51,0,finlayson_expression,0.2466666666666667,0.012762995049504951
class_Antipsychotic,51,0,finlayson_concat,0.39666666666666667,0.015881577370250508
class_Antipsychotic,51,1,finlayson_structure,0.45999999999999996,0.018963675213675216
class_Antipsychotic,51,1,finlayson_expression,0.23333333333333334,0.01250758035172832
class_Antipsychotic,51,1,finlayson_concat,0.4033333333333333,0.01633986928104575
class_Antipsychotic,51,2,finlayson_structure,0.35333333333333333,0.014978761457634698
class_Antipsychotic,51,2,finlayson_expression,0.07333333333333336,0.010616195398804094
class_Antipsychotic,51,2,finlayson_concat,0.27666666666666667,0.013250359834053002
