se,struct,expr_strongest,expr_exemplar
Abdominal discomfort,0.52796401832607,0.5111744328975305,0.5288859090401161
Abdominal distension,0.4953751832600294,0.5195788351326136,0.5266160202585632
Abdominal pain,0.556428404760053,0.5333540743045293,0.500479634958907
Abdominal pain upper,0.5298777918246945,0.4619749964882709,0.48813035538699245
Abnormal dreams,0.6117346159719041,0.5635974958008857,0.594632768361582
Abscess,0.6173360060828091,0.4586991083154766,0.6077970553673878
Accommodation disorder,0.7918453639383871,0.5135608577469042,0.6330413772274238
Acne,0.6584692028985508,0.444429347826087,0.6142663043478261
Acute coronary syndrome,0.5960248868230567,0.5125765608734597,0.45917156898346534
Affect lability,0.5435087272263983,0.4797744935660594,0.5484456618677538
Ageusia,0.558197463768116,0.4022192028985507,0.4469202898550725
Aggression,0.5850353399951255,0.43144040945649526,0.548476724348038
Agitation,0.673048963249603,0.5762632249983224,0.537544456125439
Agranulocytosis,0.6813687859120199,0.4624653965152255,0.5543303789517761
Akathisia,0.7971255859856896,0.5036392795460152,0.6284850727855908
Alanine aminotransferase increased,0.6286150854285317,0.511543269898597,0.5925823030976525
Albuminuria,0.6505435065272793,0.453788942632756,0.6367608051178031
Alopecia,0.5492341837519503,0.5687476651943657,0.48915551453622524
Altered state of consciousness,0.6542217612998013,0.5257108287961283,0.5779967159277504
Amblyopia,0.5943637479541735,0.4966755319148936,0.5643923895253683
Amenorrhoea,0.6806301961324698,0.5033760507096596,0.6143034311699049
Amnesia,0.5549433048796025,0.5480634475729392,0.6072748120779717
Amylase increased,0.6568750000000001,0.4642857142857143,0.6073214285714285
Anaemia,0.6299250664732898,0.45450150526292654,0.5339618080734831
Anaphylactic shock,0.5566561707338407,0.49783521385463136,0.5284483512638853
Anaphylactoid reaction,0.6033016686234745,0.44476464937560034,0.595972533532572
Angina pectoris,0.6557553866606467,0.501743296460732,0.5502295131311612
Angioedema,0.5616630503868324,0.5539264032261599,0.45602384553005904
Angiopathy,0.5398882113821138,0.47835827790096086,0.5253372135994087
Anorectal discomfort,0.48483277158413274,0.644715236366779,0.5429954195834414
Anorectal disorder,0.5465178571428572,0.3894642857142857,0.4558928571428571
Anxiety,0.5276388494550854,0.5196889946928167,0.4879332561644135
Apathy,0.47113249444855665,0.49062422896619784,0.5483592400690847
Aphasia,0.6397730076486554,0.5594004441154701,0.5059215396002961
Aphthous stomatitis,0.6590418353576248,0.47935222672064776,0.4920377867746289
Aplastic anaemia,0.6713039867109634,0.4594753599114064,0.5651993355481728
Apnoea,0.5419510721836303,0.4331017819389912,0.3678042887345213
Arrhythmia,0.6109404509977928,0.5511866566546066,0.5150977313582269
Arthralgia,0.6399735420571051,0.4720978943887113,0.5271304156101864
Arthritis,0.6298195242001641,0.5523848587835463,0.4953709129262862
Arthropathy,0.5876520359598095,0.47902344438568656,0.5657941124625419
Aspartate aminotransferase increased,0.6807032590051458,0.49185248713550606,0.5613779302458548
Asthenia,0.6979611190137507,0.5500237079184447,0.47908961593172117
Asthma,0.584395041845216,0.5232808949987058,0.4745333755140778
Ataxia,0.6694334175387946,0.5291110309154337,0.5426139781065801
Atrial fibrillation,0.5419996790242336,0.5582731503771465,0.4929545819290644
Atrioventricular block,0.6898286898286896,0.5179635179635179,0.5472305472305472
Back pain,0.6384184587813619,0.4900985663082438,0.5247759856630825
Balance disorder,0.5764446995790279,0.44737849215461156,0.539609644087256
Bladder pain,0.5496337542673428,0.520367240064963,0.47068376918232746
Blepharitis,0.5783507292458699,0.3837699592175296,0.5453791387295224
Blindness,0.6210217755443885,0.40385259631490783,0.48567839195979895
Blister,0.44902814041195244,0.5552074267478968,0.475137800986365
Blood alkaline phosphatase increased,0.6745735231918792,0.4897786550119836,0.5686239954885098
Blood bilirubin increased,0.6691929631160719,0.5481603968582058,0.615313949749667
Blood cholesterol increased,0.5163392857142857,0.4720535714285714,0.484375
Blood creatine phosphokinase increased,0.6862433862433863,0.6056613756613757,0.5268253968253969
Blood creatinine increased,0.6491411501120239,0.49072442120985804,0.5436594473487678
Blood disorder,0.5675223214285714,0.4847184065934066,0.47793612637362637
Blood glucose increased,0.5515873015873016,0.6498015873015873,0.505172902494331
Blood lactate dehydrogenase increased,0.6723373318793167,0.4015267175572519,0.5534714649218466
Blood pressure increased,0.6661455308884621,0.5006476973243401,0.5002010095144503
Blood triglycerides increased,0.5106419303437286,0.41270202595037564,0.4171409059867972
Blood urea increased,0.6154416354556804,0.4794397627965044,0.453144506866417
Blood uric acid increased,0.6800347294000909,0.47029395956505565,0.5039070575102328
Body temperature decreased,0.6611174894756984,0.5181783390738615,0.691542288557214
Body temperature increased,0.6427427259903891,0.5528247304372773,0.5157673273244554
Bone disorder,0.5771874238362174,0.5310748233000244,0.4668291494028759
Bone pain,0.6094655797101449,0.4670742753623188,0.45629528985507245
Bradycardia,0.6230178904301934,0.4406032875783765,0.5145616965647468
Breast disorder,0.5818206050912968,0.5406104224976676,0.40274556843929094
Breast enlargement,0.6451394029114236,0.45361460646434737,0.6373056994818653
Breast feeding,0.4989578163771712,0.4435732009925558,0.6066501240694789
Breast pain,0.6463572609103497,0.44601777817483357,0.5419216509581454
Breath odour,0.5020347394540943,0.5150372208436724,0.37062034739454097
Bronchitis,0.5281275593775594,0.6004299754299754,0.5051443488943489
Bronchospasm,0.5160975609756098,0.4854268292682926,0.4226829268292683
Bundle branch block,0.662217107786728,0.36371308016877635,0.6027617951668585
Burning sensation,0.6063003881755747,0.5770379217676918,0.5856972230516573
Bursitis,0.5240261024322721,0.5017467536747743,0.49766000922813264
Candida infection,0.699691785411176,0.49836958949390275,0.45571090364943945
Cardiac arrest,0.5757102815645305,0.5434450248439292,0.5351000127404765
Cardiac disorder,0.585793929382614,0.5147865189161905,0.44453621492646883
Cardiac failure,0.5704619271021292,0.5119692048598581,0.48866233610008414
Cardiac failure congestive,0.6925142339544512,0.4573628364389234,0.5537978778467909
Cardiomyopathy,0.6122137404580152,0.5148673209741913,0.4367139222101054
Cardiovascular disorder,0.5533769063180827,0.4462269756387403,0.4860863537334126
Cataract,0.6506463233735961,0.5139224411951684,0.6086458995549905
Cellulitis,0.6345138027651462,0.5532129897570163,0.5488953194616691
Cerebral haemorrhage,0.6128116609129267,0.5548906789413117,0.5413885692366704
Cerebral ischaemia,0.6126582278481013,0.43459915611814354,0.49566551591868047
Cerebrovascular accident,0.67318834250444,0.4860686522840423,0.5015285177744782
Cerebrovascular disorder,0.49468920291862933,0.3651057541331855,0.4980142237000092
Chest discomfort,0.5664322723908215,0.6007895386133728,0.5726622255119664
Chest pain,0.6248279478272268,0.5050359397872015,0.5263813331585503
Chills,0.630540293040293,0.5149496336996336,0.5326236263736264
Cholecystitis,0.5043934240362813,0.4236819727891156,0.4581916099773242
Cholelithiasis,0.5882731958762886,0.5412371134020618,0.476610824742268
Cholestasis,0.5819353518821604,0.5374386252045827,0.5230666939443536
Coagulopathy,0.5160856009070295,0.4848356009070295,0.4744189342403628
Colitis,0.5870122696966111,0.5101589931747348,0.47492799936876157
Coma,0.5761342708856521,0.48890842122886324,0.6106646576259837
Completed suicide,0.6683052877040399,0.46826747337240815,0.5847356147980085
Confusional state,0.5534372816212438,0.5378232005590496,0.4939945842068484
Conjunctivitis,0.6150690686238169,0.50376850273062,0.5420466058763931
Connective tissue disorder,0.545343137254902,0.4817354826546003,0.5567496229260935
Constipation,0.6828918607657415,0.4902813359343785,0.5895127741086329
Contusion,0.5207828518173345,0.5072227399813607,0.46794035414725077
Convulsion,0.5930119416187528,0.4488721804511278,0.5041353383458647
Coordination abnormal,0.649773720349563,0.4622347066167291,0.600109238451935
Coronary artery disease,0.5894909688013137,0.5033272837265578,0.42554662518364883
Cough,0.586019392033543,0.5869147449336128,0.5381507686932215
Cyanosis,0.6185428486115259,0.454016124216184,0.4955957002090176
Cyst,0.7225877192982457,0.6991776315789473,0.5348135964912281
Cystitis,0.5266282521389908,0.6039811419591409,0.485140562248996
Cystitis noninfective,0.5085921656526844,0.5518554096844203,0.4811256982246416
Deafness,0.599690785405071,0.5508658008658008,0.5095547309833024
Decreased appetite,0.6610950341474707,0.47429100590346107,0.5300845005208935
Deep vein thrombosis,0.6875168690958164,0.5545883940620783,0.5970985155195682
Dehydration,0.6251829268292682,0.5021036585365853,0.5925609756097561
Delirium,0.6370487711213518,0.518337173579109,0.6016225038402457
Delusion,0.7706666666666667,0.5844025157232704,0.6914213836477988
Dementia,0.5692307692307693,0.3229776674937965,0.5539454094292804
Depersonalisation,0.6403436988543372,0.46179418985270054,0.5494578559738135
Depressed level of consciousness,0.6070884974994565,0.44583605131550336,0.506023048488802
Depressed mood,0.4080558744737849,0.5628587830080367,0.36289705319556065
Depression,0.47319524824855314,0.49941618438420143,0.566148847598741
Dermatitis,0.6619627649039413,0.5663002574767281,0.5491681521093286
Dermatitis atopic,0.5285412262156448,0.5347025067955301,0.48764723648444575
Dermatitis bullous,0.48652659069325743,0.46545584045584043,0.5742818138651472
Dermatitis contact,0.6199754901960783,0.6116830065359478,0.5946486928104575
Dermatitis exfoliative,0.5978454415954415,0.5681980056980057,0.5895952041785375
Diabetes mellitus,0.6277002086342481,0.5507944150216658,0.5402985074626866
Diarrhoea,0.6659605199807415,0.5566361739688652,0.5729096453217782
Diplopia,0.5851371974958732,0.5119132899367739,0.5123493319213879
Discomfort,0.566062062937063,0.4934003496503497,0.5248033216783217
Disorientation,0.6054500598086126,0.4810855263157895,0.49267344497607657
Disturbance in attention,0.4345108695652174,0.5015851449275363,0.5321557971014493
Disturbance in sexual arousal,0.5770830891831712,0.46282081331302005,0.581214109926169
Dizziness,0.6683631198958456,0.5997948475164714,0.4725608553280467
Drug eruption,0.5470305187528838,0.4710961703249621,0.40623558104277896
Drug interaction,0.5642683743512472,0.45906579608237064,0.536581282437636
Drug withdrawal syndrome,0.7243971998962925,0.4747212859735546,0.6777288047705472
Dry eye,0.6078754578754579,0.5454578754578755,0.6375457875457875
Dry mouth,0.6982230392156864,0.5414259453781513,0.5303527661064426
Dry skin,0.6292748917748918,0.5382846320346321,0.48125
Dysaesthesia,0.6482013011863758,0.5649636433218522,0.46239954075774964
Dysarthria,0.6576767142605323,0.5204036664903932,0.6049709148598624
Dysgeusia,0.5733139124293785,0.49704272598870053,0.49130473163841815
Dyskinesia,0.6976302934883534,0.481288603609059,0.5501594606596423
Dysmenorrhoea,0.6328226202706928,0.460356456872292,0.5098941349890561
Dyspepsia,0.631497919222535,0.47711144788434245,0.48589160712997037
Dysphagia,0.5853253922928394,0.5053710804710234,0.5304723831280085
Dysphonia,0.6382978723404256,0.5758083431060479,0.5382252750321104
Dyspnoea,0.6273932584269664,0.510561797752809,0.536808988764045
Dysuria,0.5293465346534654,0.5471419141914191,0.5241716171617161
Ear disorder,0.5657153412764384,0.6595548166620486,0.5973030386995474
Ear infection,0.512258064516129,0.5450124069478908,0.4509181141439206
Ear pain,0.5761904761904761,0.49923076923076926,0.49802197802197806
Ecchymosis,0.675493054364603,0.49267707082833134,0.518504544675013
Eczema,0.49808892852592684,0.5479997451904701,0.5285705185373933
Ejaculation disorder,0.7729749699824513,0.46291678211877707,0.6147593978017918
Electrocardiogram QT prolonged,0.711565309655442,0.5728486066901212,0.6021109063494722
Electrocardiogram abnormal,0.5963153125943823,0.6494110540622169,0.5139232860163093
Embolism,0.5990767045454545,0.524798768939394,0.5490056818181818
Embolism venous,0.7903251262626263,0.37744633838383834,0.6085858585858586
Encephalopathy,0.4842171717171717,0.46448863636363635,0.45123106060606055
Endocrine disorder,0.554569826955886,0.5425786010236413,0.5501340482573727
Endophthalmitis,0.5644665012406949,0.3666501240694789,0.4726550868486352
Eosinophilia,0.5544620118845501,0.4929966044142614,0.5357067062818337
Epigastric discomfort,0.49029007881693343,0.5027220281140814,0.45738197773624767
Epistaxis,0.6692165211325203,0.5979168170118592,0.5057612277789805
Erectile dysfunction,0.6968293886760525,0.5086845135967284,0.5752461983218559
Eructation,0.5681355681355682,0.5507825507825508,0.5271395271395272
Erythema,0.5621191756272401,0.45481630824372754,0.46223118279569886
Erythema multiforme,0.5633188744299855,0.46328550772995214,0.46186186186186196
Erythema nodosum,0.6139281426064468,0.47630922693266836,0.5282164957975433
Euphoric mood,0.6385371049828381,0.5321734327533831,0.5649189253166055
Extrapyramidal disorder,0.8022769127741504,0.5102544784865226,0.7117445169931358
Extrasystoles,0.4744995648389904,0.4424717145343777,0.5401218450826806
Extravasation,0.5869642857142858,0.6769642857142857,0.5441964285714286
Eye disorder,0.5603481757327912,0.5415229261383109,0.5001028077951155
Eye haemorrhage,0.529592803030303,0.5939078282828283,0.5332228535353536
Eye irritation,0.5274447659730834,0.5737448899912728,0.49772633319553533
Eye pain,0.5461847389558232,0.5101029116465864,0.513773845381526
Eyelid oedema,0.6224999999999999,0.5803571428571429,0.5189285714285714
Face oedema,0.6053469661414683,0.4882668454575929,0.4790758743993742
Faecal incontinence,0.4868204995246738,0.5331432028346729,0.6895687494598566
Fatigue,0.5764882465441692,0.4654416926913114,0.4830174062507565
Febrile neutropenia,0.6425009589566552,0.4883774453394707,0.6600690448791715
Feeling abnormal,0.5988245331311025,0.5301924353019245,0.5323016399658735
Feeling hot,0.5540459838757837,0.4636458644371454,0.5762914302776948
Flat affect,0.466626396858955,0.5206886137118696,0.5441860465116279
Flatulence,0.5665502010679676,0.5283362999099039,0.5952490825587272
Fluid retention,0.5503385503385504,0.452029452029452,0.5135975135975136
Flushing,0.5658052055550447,0.5117492872252368,0.474271130322818
Foetor hepaticus,0.45818298969072163,0.5926546391752577,0.4711984536082474
Folliculitis,0.7659350075802518,0.5522378221607014,0.64273943708391
Fracture,0.6730643402399128,0.4117048346055979,0.5634314794620138
Fungal infection,0.5911284426029735,0.527565196197904,0.5486229588106263
Fungal skin infection,0.6476785714285714,0.5457142857142857,0.6322321428571429
Furuncle,0.5659128978224456,0.5005862646566164,0.6051926298157453
Gait disturbance,0.6227667374107659,0.4694578429480996,0.4319120200655991
Galactorrhoea,0.8067421383647799,0.4885534591194968,0.6543396226415095
Gamma-glutamyltransferase increased,0.4992839607201309,0.4424099836333879,0.4712049918166939
Gastric ulcer,0.4846892928734361,0.4844128015483514,0.5074998271929219
Gastritis,0.6263500700799737,0.48209525379943385,0.48866353367961085
Gastroenteritis,0.5970587276225258,0.5170052499429354,0.5262334105064075
Gastrointestinal disorder,0.5878689663155457,0.5155920824169464,0.5176293552494501
Gastrointestinal haemorrhage,0.6047008547008547,0.4934413580246914,0.5465930674264008
Gastrointestinal pain,0.5973015049299429,0.5179776113870561,0.47290384757950915
Gastrooesophageal reflux disease,0.5599491417673235,0.5632973087518542,0.4709472345835982
Generalised oedema,0.5290224995273209,0.47041028549820385,0.4946744816285372
Gingival bleeding,0.5621144830989391,0.4960523069331359,0.4587342709104367
Gingivitis,0.5898236156428808,0.436515817846503,0.5312337447392065
Glaucoma,0.5338072831423896,0.4703866612111293,0.6503171031096562
Glossitis,0.48982657967032966,0.49828296703296704,0.5962396978021978
Glycosuria,0.642791911285062,0.5295933898673625,0.5099369428136551
Gout,0.655403496023576,0.48984699850631785,0.47155948488151467
Grand mal convulsion,0.6714690952523141,0.38063601074947745,0.558524932815766
Gynaecomastia,0.7118738404452689,0.5019789734075448,0.5898886827458256
Haematemesis,0.6625998959663308,0.4903295975788528,0.5331725540265759
Haematochezia,0.44144661308840416,0.6068694986605434,0.4841178721775737
Haematoma,0.5952858229073063,0.6337872399253474,0.4867629778115712
Haematuria,0.6366881846635368,0.4698014475743349,0.5370451877934272
Haemoglobin,0.619424882629108,0.5243055555555556,0.5207844287949922
Haemoglobin decreased,0.6173361522198731,0.533131984294775,0.505587435819994
Haemolytic anaemia,0.6210387902695595,0.5439184746877055,0.5891518737672584
Haemoptysis,0.6117064239943999,0.45958752894297555,0.5326584459641376
Haemorrhage,0.6031680272937735,0.49457779943950286,0.5225539173875959
Haemorrhoids,0.4528236676574272,0.5585124766710444,0.45095735121310565
Hallucination,0.6334412470023981,0.5977697841726618,0.5347961630695444
Headache,0.5864150943396226,0.4956477987421384,0.444125786163522
Hearing impaired,0.6613158402469611,0.49820567239050745,0.5364846613930156
Hepatic enzyme increased,0.5114852044729724,0.5864922691857414,0.5294497597997659
Hepatic failure,0.5377335400179489,0.48331565635963125,0.5124146746077072
Hepatic function abnormal,0.535845679626131,0.4974313082098704,0.5428060057671273
Hepatic necrosis,0.5211571675302245,0.5424993831729583,0.4850111028867506
Hepatitis,0.576901048550533,0.48024054982817865,0.4883690192968544
Hepatitis cholestatic,0.48614609571788414,0.5218981067685057,0.5446493865279922
Hepatobiliary disease,0.5891428308654465,0.44969189736043413,0.518969005794169
Hepatocellular injury,0.51409240430622,0.5239982057416268,0.5069153708133972
Hepatomegaly,0.5604370589574323,0.5363077623491919,0.47575688595492827
Hepatotoxicity,0.6868407835258664,0.5621965511468274,0.5940900719906245
Hernia,0.5232289646254733,0.5319109633324097,0.4938579477232844
Herpes simplex,0.572964034725093,0.5047999632538698,0.4576271186440678
Herpes zoster,0.6229387717605991,0.5647880207615635,0.44839465343805984
Hiccups,0.6820054945054945,0.4879807692307693,0.4639852335164836
Hirsutism,0.6866662058477916,0.5686735328679063,0.6311605723370429
Hostility,0.6280625227190113,0.43555070883315156,0.6932751726644857
Hot flush,0.5689295458192907,0.47119242497191466,0.4973519499277804
Hyperaesthesia,0.49164026322203264,0.48111138191567143,0.5043626614672192
Hyperbilirubinaemia,0.7032845941936852,0.48878999788090705,0.478364060182242
Hypercalcaemia,0.7494774559570021,0.5565840549417737,0.43184532696327266
Hypercholesterolaemia,0.5823568864165385,0.4789915966386554,0.5043989426756619
Hyperglycaemia,0.6102107956622396,0.5132204215913245,0.5359571097843304
Hyperhidrosis,0.6253549026081214,0.5380873775723561,0.5111257840871575
Hyperkalaemia,0.5871572275044784,0.4829819484635524,0.42308575628129164
Hyperkinesia,0.61515522875817,0.5386846405228759,0.6373774509803922
Hyperlipidaemia,0.6115485564304461,0.40687999106494666,0.4753448372144971
Hyperreflexia,0.791170222591669,0.40777685416089404,0.5879745081740093
Hypersensitivity,0.5801036531411958,0.5036784224497535,0.4730628239160663
Hypertension,0.6064320202748464,0.43726376963579555,0.4282624369142034
Hyperthyroidism,0.5017221584385763,0.47388059701492535,0.5448717948717949
Hypertonia,0.5382395382395382,0.41976541976541976,0.5450845450845451
Hypertriglyceridaemia,0.6263219741480611,0.4522706850072579,0.47245455173843914
Hyperuricaemia,0.7168605676009165,0.48166754803454964,0.5400581702802749
Hyperventilation,0.6392630625188764,0.46535789791603743,0.5551192993053458
Hypoaesthesia,0.584766755411506,0.5666859590230351,0.5177914110429447
Hypocalcaemia,0.6755604098403287,0.4839028449576117,0.5053310448847974
Hypoglycaemia,0.6191784914115012,0.5690814040328603,0.5136071695294996
Hypokalaemia,0.6376500857632933,0.5028587764436822,0.5474842767295597
Hypokinesia,0.56875,0.3968201754385965,0.5083333333333333
Hypomagnesaemia,0.7841146610928635,0.5360555389668558,0.4311734846222753
Hyponatraemia,0.6769441290360148,0.5175706757504295,0.5412699799109093
Hypophosphataemia,0.7237160434091381,0.620515656321283,0.5424759798161332
Hyporeflexia,0.4327543424317618,0.48158808933002484,0.5472952853598015
Hypotension,0.6367103957667292,0.5535663102193804,0.5432697607760997
Hypothermia,0.6611174894756984,0.5181783390738615,0.691542288557214
Hypothyroidism,0.5435215946843853,0.5216550890969496,0.6164904862579281
Hypotonia,0.5268343271973036,0.4013481980814104,0.5272664419669865
Hypoxia,0.6394412878787878,0.39891098484848486,0.5464015151515151
Ileus,0.5580610795454545,0.46401515151515144,0.45093513257575757
Ileus paralytic,0.7919602977667493,0.494590570719603,0.8094292803970223
Ill-defined disorder,0.5633796622097114,0.4963274102744546,0.5009236453201971
Immune system disorder,0.5485258703327021,0.43075915924341257,0.4759533328657268
Inappropriate antidiuretic hormone secretion,0.7560171999776624,0.4826604121293349,0.59697325068409
Increased appetite,0.6615028490028491,0.4625178062678063,0.5032051282051282
Infection,0.5951070336391437,0.5902359108781128,0.5104193971166449
Infestation,0.5985493535162411,0.601808052139178,0.5644644171134237
Inflammation,0.6075566274176006,0.5551142005958292,0.5069276965999905
Influenza,0.5605833763551884,0.5705730511099638,0.44104284976768204
Influenza like illness,0.5646457553058677,0.5958567415730337,0.46652621722846443
Injection site pain,0.4991319444444444,0.5916982323232322,0.5891729797979798
Injection site reaction,0.5453968253968254,0.4457142857142857,0.43851851851851853
Injury,0.5935077519379844,0.5257129014396456,0.5664451827242526
Insomnia,0.5925716440422323,0.5501508295625943,0.48098133484162897
Interstitial lung disease,0.7147585945997068,0.5407859270818556,0.49997635598430035
Intestinal obstruction,0.5117493472584855,0.47641427328111396,0.36269219611256165
Irritability,0.5307971014492754,0.5042701863354038,0.5519215838509317
Jaundice,0.6217304733460041,0.5335776993393067,0.5283962349533895
Jaundice cholestatic,0.6044896831972225,0.5197853789403085,0.5255454294393814
Joint swelling,0.4293491508897375,0.4013163240432274,0.4874461688469976
Keratitis,0.58452002010387,0.5702239347741107,0.5214162059529792
Lacrimal disorder,0.44283121597096187,0.6034050643851007,0.4699680235070435
Lacrimation increased,0.6244025157232705,0.48865408805031446,0.5596477987421384
Laryngeal oedema,0.581516870707674,0.6031651239175874,0.5531501940877874
Laryngeal pain,0.5067234147545028,0.43751542067604243,0.5206020231926968
Laryngitis,0.5740211640211641,0.5608465608465609,0.501005291005291
Laryngospasm,0.6231801852902249,0.48868721245351987,0.4663767567908237
Lethargy,0.5430280001245834,0.5162425639268695,0.4773102438720528
Leukocytoclastic vasculitis,0.5147569444444444,0.6269728535353535,0.48729482323232326
Leukocytosis,0.616324468329429,0.48390060171788163,0.48357907307886644
Leukopenia,0.6301312819164091,0.4957810068599733,0.5226948955662216
Libido decreased,0.5675200803212852,0.4967055722891567,0.5549071285140562
Libido increased,0.6657860824742268,0.48221649484536083,0.6019329896907216
Liver disorder,0.5664823811917127,0.5753615904394929,0.42106438822806724
Liver function test abnormal,0.5502065840330534,0.39157670265227246,0.5247767559642809
Liver injury,0.5604577240940878,0.4984106802288621,0.4741258741258742
Loss of consciousness,0.6027513920733705,0.5125232012228409,0.4807293372638934
Loss of libido,0.5866814445368062,0.5820633601182229,0.4703057171885102
Lower respiratory tract infection,0.5684861919275884,0.5035559250023091,0.4415812321049229
Lung disorder,0.5984622275306063,0.44849208719020606,0.380486712451478
Lymphadenopathy,0.62906296749626,0.5632734938120495,0.44182646538827686
Lymphopenia,0.6849527665317139,0.4789473684210526,0.5767881241565452
Malaise,0.5431652311131567,0.505490170293905,0.505424419751463
Malnutrition,0.6012672601744186,0.4682503633720931,0.46234556686046513
Mania,0.6367048501096758,0.560857908847185,0.5431147940531319
Mediastinal disorder,0.5926576181151102,0.5057510072703536,0.4787854232786368
Melaena,0.6295643592274073,0.49503031157479205,0.4505498378683208
Memory impairment,0.5665570175438596,0.46228070175438596,0.5779605263157894
Menopausal symptoms,0.5646260670149064,0.5293030959357881,0.5182825837686329
Menorrhagia,0.4923226907141116,0.44976846210090177,0.5299536924201803
Menstrual disorder,0.5695439125518281,0.4384255021269721,0.5881751117333477
Menstruation irregular,0.7659760087241003,0.46354053071610324,0.6761904761904762
Mental disability,0.5574795574795575,0.5784955784955785,0.5748325748325748
Mental disorder,0.5460794127460794,0.5147592036480925,0.4791235680124569
Metrorrhagia,0.5709429824561403,0.40712719298245614,0.5745614035087719
Micturition urgency,0.6653202947845805,0.4698837868480726,0.5257227891156462
Migraine,0.5564236111111112,0.5074363425925926,0.4859664351851852
Mood swings,0.5092325273667748,0.46334055094430404,0.5824311319619873
Mouth ulceration,0.5226778185774513,0.5583095335237318,0.5110839113287093
Mucosal inflammation,0.7651035986913849,0.6178117048346057,0.6964013086150491
Multiple fractures,0.6730643402399128,0.4117048346055979,0.5634314794620138
Muscle contractions involuntary,0.5946230386528895,0.5194221201683888,0.5265021048603138
Muscle relaxant therapy,0.5268343271973036,0.4013481980814104,0.5272664419669865
Muscle rigidity,0.781875,0.48642857142857143,0.6025892857142857
Muscle spasms,0.5870340999206979,0.515221605427791,0.579191999295092
Muscle twitching,0.6168679805043442,0.5675778766687858,0.5554990464081374
Muscular weakness,0.605249773960217,0.5016670433996384,0.5457730560578662
Musculoskeletal discomfort,0.6262417693348934,0.4992773074540574,0.5395645490627939
Musculoskeletal pain,0.5393790849673203,0.5323529411764706,0.5155637254901961
Musculoskeletal stiffness,0.6949771689497717,0.5341595999130245,0.6167427701674277
Myalgia,0.6525149976926627,0.5491682598281582,0.5565077900103281
Mydriasis,0.8592084048473501,0.5188016851302856,0.6335361730899256
Myocardial infarction,0.6025211308656367,0.5400514913047703,0.4360730593607306
Myocardial ischaemia,0.6040800158447217,0.5649633590810061,0.41320063378886907
Myoclonus,0.7162595608191462,0.4624352331606218,0.5964100666173205
Myopathy,0.5893640350877193,0.4419407894736842,0.5112390350877193
Myositis,0.5698390151515151,0.4928977272727273,0.6076388888888888
Nail disorder,0.5533555391068344,0.4831606217616581,0.3970515667406859
Nasal congestion,0.6091594827586208,0.5801005747126436,0.5107399425287356
Nasopharyngitis,0.486782720825274,0.5238095238095238,0.5324368303091708
Nausea,0.6843763786475074,0.5783071784206213,0.6039579000441168
Neck pain,0.5014365522745411,0.5395051875498803,0.47466081404628885
Necrosis,0.5876558956916099,0.6026785714285715,0.573625283446712
Neoplasm,0.6130387931034482,0.5176005747126438,0.4226293103448276
Neoplasm malignant,0.58419384057971,0.5529438405797101,0.5502264492753624
Nephrolithiasis,0.624251572327044,0.5638238993710692,0.4741635220125786
Nephropathy,0.5050892857142857,0.6296428571428572,0.35205357142857147
Nephrotic syndrome,0.6709153043317632,0.4745543548536067,0.5224900711185
Nervous system disorder,0.5396366186687707,0.5205251276656366,0.5257632542135139
Nervousness,0.5855947811036901,0.5347149799187876,0.5910311314265427
Neuralgia,0.5615468409586057,0.466627054862349,0.5203505644682116
Neuritis,0.6581688596491228,0.5144736842105263,0.5801535087719298
Neuroleptic malignant syndrome,0.7955968624349087,0.5119636147913784,0.7827433919978907
Neuropathy peripheral,0.6198387253473234,0.5438404741086175,0.49050325463907507
Neutropenia,0.6931562244062244,0.5091369778869779,0.5102119164619163
Night sweats,0.48744314811152856,0.5524355678597324,0.39984180344077513
Nightmare,0.6878676470588235,0.4856617647058824,0.5713235294117647
Nocturia,0.5635143570536829,0.4872034956304619,0.5042134831460674
Nuchal rigidity,0.6733900204337222,0.6127480060642014,0.48632258915035265
Nystagmus,0.6393041237113402,0.44426546391752575,0.4617912371134021
Oedema,0.590098747431904,0.5172421410740716,0.4855192524355491
Oedema peripheral,0.6521739130434783,0.5122013632028288,0.49238141763789056
Oesophagitis,0.5482870435640772,0.4466022839419146,0.49238686028478784
Oliguria,0.5264550264550265,0.49005291005291,0.401058201058201
Optic neuritis,0.5931186868686867,0.5471117424242424,0.5898042929292929
Oral candidiasis,0.7019974226804123,0.48743556701030927,0.47042525773195876
Oropharyngeal discomfort,0.5717280038995857,0.5622715086522057,0.4662929563733853
Oropharyngeal pain,0.5967728758169935,0.5888480392156863,0.4227532679738562
Orthostatic hypotension,0.6869518859123017,0.4817806210848994,0.5335998933759829
Osteoarthritis,0.5649922790444182,0.5180004238956005,0.5675356526478336
Osteoporosis,0.6721378077516861,0.5041846103843342,0.6032339319086699
Otitis media,0.59275214043401,0.5106348608044802,0.49604221635883905
Pain,0.5978110916950244,0.5388117354915847,0.5823829669824335
Pain in extremity,0.5360555484775131,0.5212447445534463,0.573894763664161
Pallor,0.6222222222222221,0.535712213519002,0.5724978241949521
Palpitations,0.6876298807831127,0.465602099967188,0.5319479383134639
Pancreatitis,0.6396235521235522,0.46722972972972976,0.5397200772200772
Pancreatitis acute,0.4827791563275434,0.5790570719602979,0.5382630272952854
Pancytopenia,0.6021577380952381,0.562797619047619,0.5550595238095238
Paraesthesia,0.6393068855449157,0.5166666666666666,0.4827405380756954
Paraesthesia oral,0.5678339073861461,0.52822426329889,0.5563528511289706
Paralysis,0.5379643612201752,0.5542132286318333,0.5905164602839023
Paranoia,0.6925396825396826,0.5262433862433862,0.5999470899470899
Parkinsonism,0.7563451776649746,0.5413556285458345,0.6825918184532697
Parosmia,0.3814591395401775,0.47143182335533806,0.4920327794218074
Pelvic pain,0.7014959723820484,0.44971231300345227,0.5491369390103568
Peptic ulcer,0.6279083260806498,0.5527125036263417,0.6107339715694807
Pericardial effusion,0.6875239188672024,0.5135859165709912,0.5321469575200919
Pericarditis,0.5747948322093117,0.39871617778500035,0.42715527748435844
Peripheral coldness,0.6897415953677296,0.5276121337827328,0.483190735459338
Peripheral vascular disorder,0.5323283082077053,0.2518425460636516,0.3895309882747069
Petechiae,0.6343163538873995,0.5339995125517913,0.5856202778454789
Pharyngitis,0.5629395218002813,0.5102203469292077,0.5236052508204407
Phlebitis,0.553448275862069,0.5277726001863933,0.5001863932898416
Photophobia,0.5967278531524342,0.574660814046289,0.560415003990423
Photosensitivity reaction,0.6095149253731343,0.5338152985074627,0.49713152985074627
Platelet count decreased,0.6142396907216494,0.5615335051546392,0.49085051546391756
Pleural effusion,0.6235978835978836,0.48449735449735454,0.529047619047619
Pneumonia,0.6347641287963031,0.45899127684285956,0.44208861541502953
Pollakiuria,0.6353294592731212,0.5770215699793164,0.5528907712006302
Polyp,0.6840611892425364,0.5901184307920059,0.593819393042191
Polyuria,0.6301746710417289,0.562427496602698,0.5888435915282888
Pregnancy,0.6389046883887218,0.461119687982449,0.4931339887868693
Priapism,0.8227553616866594,0.429807342784442,0.6680479825517994
Proctalgia,0.5166964285714285,0.46830357142857143,0.44955357142857144
Prostatic disorder,0.5222780569514238,0.4661641541038526,0.547068676716918
Protein urine present,0.5965097831835008,0.5552176978670897,0.4841353781068218
Proteinuria,0.546254522714075,0.5476392549247331,0.4841202483584223
Prurigo,0.5743073047858942,0.6224100105630942,0.597383602827659
Pruritus,0.584516765285996,0.5787968441814595,0.5220578566732413
Psoriasis,0.5967684659090909,0.4617069128787879,0.48117897727272724
Psychotic disorder,0.626750516784581,0.5169010393920866,0.5198416164439398
Pulmonary embolism,0.6334105861244019,0.40146531100478466,0.450620514354067
Pulmonary fibrosis,0.450620347394541,0.5759801488833747,0.6905210918114144
Pulmonary function test decreased,0.6556756257504387,0.5220282626766417,0.4764939503094117
Pulmonary oedema,0.5420512820512821,0.5454945054945055,0.4629670329670329
Purpura,0.545451864956509,0.46985109833407046,0.49479581306206694
Rash,0.6867657811357543,0.6118449914696564,0.6309529612478674
Rash erythematous,0.6462962962962964,0.44222222222222224,0.47878306878306875
Rash generalised,0.625380991964533,0.4609771866629722,0.6613096887411102
Rash maculo-papular,0.5891818936877076,0.52062569213732,0.5050526024363233
Rash pustular,0.5835253456221198,0.4007776497695852,0.5345622119815667
Rectal haemorrhage,0.6039282341831916,0.579943342776204,0.5489707271010387
Renal failure,0.6522457408363448,0.45069695405265875,0.5042591636551368
Renal failure acute,0.6786207329317269,0.5423883032128514,0.5694026104417671
Renal impairment,0.6645482266088911,0.5140747873535548,0.5117637618359814
Renal pain,0.561395202020202,0.5107323232323232,0.6087436868686869
Respiratory depression,0.6556756257504387,0.5220282626766417,0.4764939503094117
Respiratory distress,0.7048346055979644,0.5380588876772082,0.33834969102144674
Respiratory failure,0.5805253623188406,0.5327445652173913,0.5000452898550725
Respiratory tract infection,0.4935064935064935,0.5785563273935367,0.5032316520688613
Rhabdomyolysis,0.614957507082153,0.49892351274787533,0.4840037771482531
Rhinitis,0.5327818627450981,0.5227187028657617,0.5356570512820513
Rhinorrhoea,0.526080649840441,0.5614157238178126,0.586190890629533
Salivary hypersecretion,0.670016339869281,0.5340686274509804,0.5707107843137255
Scotoma,0.6093121693121694,0.4801058201058201,0.57
Seborrhoeic dermatitis,0.5542736333434009,0.4924192086982785,0.5917245545152522
Sensory loss,0.5915563746021109,0.48746300329480097,0.5112525827888535
Sepsis,0.7151988636363636,0.5311378588516746,0.5441836124401914
Sexual dysfunction,0.5302880495682551,0.5834157273745962,0.5795267286269857
Shock,0.6126529984398006,0.523479904190564,0.465774496231349
Sinus bradycardia,0.48072562358276644,0.5221088435374149,0.5035430839002268
Sinus congestion,0.5266448564158488,0.46579425663395124,0.44572882588149765
Sinusitis,0.5274837909992373,0.517162471395881,0.4947320747520976
Skin discolouration,0.46826054365408143,0.4768217146013335,0.5199037361423443
Skin disorder,0.6040828883468476,0.4907816379897598,0.4887160217109456
Skin exfoliation,0.639251632345555,0.5373765277080195,0.5660472124560523
Skin hyperpigmentation,0.5692866161616161,0.6389678030303031,0.5403251262626262
Skin ulcer,0.5397108338284808,0.5915527827292534,0.45692216280451575
Sleep disorder,0.6039480019258545,0.5549029048306853,0.48287594286631363
Sneezing,0.4684863523573201,0.5456079404466501,0.542332506203474
Somnolence,0.734453502701678,0.5214712295004267,0.5787041425727557
Speech disorder,0.5810481833631895,0.6312525837122778,0.5153644756786551
Stevens-Johnson syndrome,0.5943796641791045,0.49486940298507465,0.513945895522388
Stomatitis,0.6687695618153364,0.5110524256651018,0.5641627543035993
Stupor,0.67578125,0.5297111742424242,0.6180752840909092
Sudden death,0.6277619949494949,0.546322601010101,0.5039457070707071
Suicidal ideation,0.6236507936507937,0.47195767195767196,0.5167195767195767
Suicide attempt,0.6262760495318637,0.6016309272123226,0.6205980066445183
Supraventricular tachycardia,0.4517629952744457,0.5196655761541258,0.5632860777898946
Swelling,0.6009395424836601,0.4805555555555555,0.5340277777777778
Syncope,0.6118035511239395,0.48416863465407156,0.5365608326773375
Systemic lupus erythematosus,0.6838860544217688,0.544359410430839,0.5391156462585034
Tachycardia,0.6879795396419437,0.5244715500469976,0.5171268061293637
Tardive dyskinesia,0.8637581324148489,0.4321660926138538,0.7180443934175278
Tenderness,0.4877076411960133,0.44862579281183934,0.5243128964059196
Tendonitis,0.6247068676716918,0.5586264656616415,0.44137353433835846
Tension,0.6267373485388452,0.5238105844618675,0.6024590163934427
Thinking abnormal,0.614176951813496,0.5931337778408284,0.575258901971911
Thirst,0.5853390269151139,0.5365877329192547,0.5025879917184265
Thrombocytopenia,0.6576171654432524,0.4844042913608131,0.418317334839074
Thrombocytosis,0.6130134496546711,0.44202108324245726,0.40552526354053076
Thrombophlebitis,0.5435481459330144,0.4320050837320574,0.4588815789473684
Thrombosis,0.5906118924253639,0.5909819886503824,0.4783493708364175
Tinnitus,0.6124188311688312,0.4761228354978355,0.5482503607503607
Tongue discolouration,0.689681626390487,0.5800537015726889,0.6022247794399692
Tongue disorder,0.6368146481178396,0.4760126841243863,0.5158040098199673
Tongue oedema,0.6160438144329897,0.48408505154639175,0.5195231958762886
Tooth abscess,0.6367643246046151,0.5627862760349149,0.590182352432806
Tooth disorder,0.47571801566579625,0.6275601972729911,0.5859588047577604
Toothache,0.5016071090943468,0.6281590722883973,0.6613726602382303
Torsade de pointes,0.7760416666666667,0.4840126811594203,0.6383152173913044
Toxic epidermal necrolysis,0.603264708190546,0.518926413268109,0.47429827085567783
Transaminases increased,0.48377267573696137,0.6204648526077098,0.44699546485260766
Transient ischaemic attack,0.5576881134133043,0.5193747728098873,0.4496546710287168
Traumatic liver injury,0.5615590652997137,0.5531541516578923,0.5262769003417382
Tremor,0.67518983418565,0.5283699718846162,0.484846472294171
Tubulointerstitial nephritis,0.7380246528319552,0.4831226920476413,0.4881676808654496
Ulcer,0.6859328754118501,0.6001563634332943,0.5153292008711677
Upper respiratory tract infection,0.6037721422199567,0.5573085255511661,0.5267745635274628
Urethral disorder,0.6028282828282828,0.4919310754604872,0.4588948306595365
Urinary incontinence,0.5918681318681319,0.49970695970695966,0.4919047619047619
Urinary retention,0.7368979774276455,0.5638060118448989,0.5247793049502738
Urinary tract disorder,0.6028282828282828,0.4919310754604872,0.4588948306595365
Urinary tract infection,0.5863682756217171,0.5880112518981355,0.5457419531502825
Urine abnormality,0.5474894131881429,0.5932935787745225,0.6390113214069657
Urine analysis abnormal,0.5686025679307256,0.5251567632128994,0.5698716034637206
Urine output increased,0.5463593504452593,0.5500261917234154,0.5100750829404574
Urticaria,0.5726322885069093,0.5589173213035701,0.5026315107204895
VIIth nerve paralysis,0.5420347394540943,0.45707196029776676,0.6190570719602977
Vaginal discharge,0.6663015463917525,0.463659793814433,0.49020618556701034
Vaginal haemorrhage,0.5779673409700219,0.4780892030221789,0.4985620277845479
Vaginal infection,0.633289935692587,0.4986783445772675,0.5366315540300627
Vaginal inflammation,0.6130112311930492,0.46073320618775165,0.5137529137529138
Vascular purpura,0.5375251004016065,0.47527610441767065,0.5012863955823293
Vasculitis,0.5598044351318316,0.6155753448576917,0.5120656539200279
Vasodilation procedure,0.556612006798034,0.5174773781636122,0.5219787791098249
Ventricular arrhythmia,0.6243421052631579,0.48064692982456136,0.4751644736842105
Ventricular extrasystoles,0.5442565247252747,0.4987122252747253,0.49111435439560447
Ventricular fibrillation,0.5260541067511576,0.4859858640019498,0.4159395564221301
Ventricular tachycardia,0.6611468301435407,0.47095544258373206,0.4376495215311004
Vertigo,0.6355917366946778,0.4939819677871149,0.5062149859943977
Viral infection,0.5355079217148182,0.5296365330848088,0.4430568499534017
Vision blurred,0.5965565583106984,0.6073118373784281,0.5509506702882677
Visual acuity reduced,0.6060689845856086,0.47929771203428495,0.5330752747632543
Visual impairment,0.6286125516894748,0.5454067761760069,0.5392383084690777
Vomiting,0.6476973243400188,0.5959708759547953,0.5028811363737883
Vulvovaginal candidiasis,0.7371369949494949,0.5,0.5692866161616161
Vulvovaginal mycotic infection,0.700507614213198,0.5282173783218871,0.5365780830098537
Weight decreased,0.5607084357084358,0.5361895986895987,0.5556664619164619
Weight increased,0.6342992713099475,0.5708475561042923,0.48149224102452365
Wheezing,0.5269360269360269,0.5204000792236086,0.4325113883937413
White blood cell count decreased,0.5172845907873131,0.5566502463054187,0.493129375162043
