se,struct,expr,set
Abdominal discomfort,0.5390372284429132,0.549047755766102,all
Abdominal distension,0.5288433647570703,0.43063814358230607,all
Abdominal pain,0.611052853990265,0.4898502183337768,all
Abdominal pain upper,0.5366052317542098,0.5575928626901293,all
Abnormal dreams,0.6219247555653085,0.5178114256455271,all
Abscess,0.5033929033929034,0.49427609427609426,all
Accommodation disorder,0.763842182541562,0.6705821058115853,all
Acne,0.6332365564251451,0.6274930573087603,all
Acute coronary syndrome,0.5958125982189628,0.4606796752226296,all
Affect lability,0.5244225004408394,0.5179642038441192,all
Ageusia,0.5592021193704222,0.5081813931743806,all
Aggression,0.6362349610757255,0.6101843426684191,all
Agitation,0.6649775449101797,0.5919311377245509,all
Agranulocytosis,0.6904169360051714,0.5982223658694248,all
Akathisia,0.7977549377160991,0.7516695874579643,all
Alanine aminotransferase increased,0.6722944574606979,0.5386403877452471,all
Albuminuria,0.6331018518518519,0.5108024691358024,all
Alopecia,0.5545217985433718,0.49310209481167044,all
Amblyopia,0.5457576589652061,0.5262621111677716,all
Amenorrhoea,0.6880268984746596,0.6890929965556831,all
Amnesia,0.5817809114049513,0.46009506003198697,all
Anaemia,0.6222557160732567,0.5131668752132863,all
Anaphylactic shock,0.5643420358461779,0.5037428885118276,all
Anaphylactoid reaction,0.583968253968254,0.5765873015873016,all
Angina pectoris,0.6358156516946818,0.5487220997519977,all
Angioedema,0.5571465134796951,0.44333693550221814,all
Angiopathy,0.5366801619433199,0.5833934486566065,all
Anxiety,0.5732112676056338,0.5458732394366197,all
Apathy,0.586821177005226,0.4863440127243808,all
Aphasia,0.588317532439163,0.5535846913364498,all
Aphthous stomatitis,0.618026418026418,0.4306656306656307,all
Aplastic anaemia,0.6894873624133714,0.5954443538524257,all
Apnoea,0.5498347107438017,0.5021900826446282,all
Arrhythmia,0.5502000529322935,0.5595099092366852,all
Arthralgia,0.6137282425603594,0.5341942728804042,all
Arthritis,0.5746449456975773,0.4643692564745196,all
Arthropathy,0.5605803956662085,0.5471891079932245,all
Aspartate aminotransferase increased,0.6655713357467743,0.5417061171447137,all
Asthenia,0.6631021999443052,0.4980042699340945,all
Asthma,0.5623706827948431,0.511658443418749,all
Ataxia,0.6413091459441279,0.5459609442330734,all
Atrial fibrillation,0.5975762997039593,0.5188379869230934,all
Atrioventricular block,0.6694179894179894,0.5948941798941798,all
Back pain,0.6282834101382488,0.5491071428571429,all
Bladder pain,0.5746765601217656,0.536767503805175,all
Blepharitis,0.5532467532467532,0.4508812615955473,all
Blister,0.3688557293329078,0.43628311522502394,all
Blood alkaline phosphatase increased,0.6580336757990869,0.4798087899543379,all
Blood bilirubin increased,0.7347756410256411,0.6489541160593792,all
Blood creatine phosphokinase increased,0.6172124022022603,0.5065198493190379,all
Blood creatinine increased,0.6625095201827875,0.5578065498857578,all
Blood disorder,0.4908910533910534,0.5008718133718133,all
Blood glucose increased,0.5085656213704994,0.5984320557491289,all
Blood lactate dehydrogenase increased,0.634125636672326,0.5057831069609507,all
Blood potassium decreased,0.6934034626342318,0.5587698151800716,all
Blood pressure increased,0.6266534391534393,0.5528799903799904,all
Blood triglycerides increased,0.5257896261953058,0.5985221674876847,all
Blood urea increased,0.6518312718724121,0.5251516041995031,all
Blood uric acid increased,0.6020017993702204,0.47860436347278457,all
Body temperature increased,0.6594854694104397,0.5479502142658652,all
Bone disorder,0.5755617516811546,0.5119567000164015,all
Bone pain,0.563378525790868,0.5258532024310426,all
Bradycardia,0.6185405056802209,0.5646982951069072,all
Breast disorder,0.5828993055555556,0.5318229166666667,all
Breast enlargement,0.6964171720395788,0.5617219917012448,all
Breast pain,0.6022128720585944,0.5258843696431355,all
Bronchitis,0.5289113570992765,0.4838141724047765,all
Bronchospasm,0.5093567251461989,0.5623224728487886,all
Burning sensation,0.5961538461538461,0.3517206477732794,all
Bursitis,0.529955968930886,0.4912679958442587,all
Candida infection,0.6703677790283821,0.5133392145529766,all
Cardiac arrest,0.5553113553113553,0.5311133311133311,all
Cardiac disorder,0.5926608456554489,0.4993930352624574,all
Cardiac failure,0.5429905572273529,0.47805333610044615,all
Cardiac failure congestive,0.6355383806279011,0.5384263599570118,all
Cardiomyopathy,0.6420124944221329,0.3941878625613565,all
Cardiovascular disorder,0.5349152542372881,0.4630865298840321,all
Cataract,0.5936092955700799,0.5165722585330429,all
Cellulitis,0.6427738927738927,0.4441530691530692,all
Cerebral haemorrhage,0.5269066976384049,0.5459252806813782,all
Cerebrovascular accident,0.6583041540665289,0.5643402833041541,all
Chest discomfort,0.5553124342520513,0.5357037660424995,all
Chest pain,0.5845601233153734,0.5273570630577121,all
Chills,0.6046069315300084,0.552348750150948,all
Cholecystitis,0.41310728744939273,0.4858299595141701,all
Cholelithiasis,0.6200863440127243,0.5549193365144285,all
Cholestasis,0.5823688271604938,0.5304783950617284,all
Coagulopathy,0.5697323504675209,0.5431158165537031,all
Colitis,0.5257816014394961,0.4719410706252811,all
Coma,0.5444589784929882,0.4545979983573145,all
Completed suicide,0.6801496792587314,0.527931218816821,all
Confusional state,0.5813066893424036,0.5640022675736962,all
Conjunctivitis,0.5736658439016087,0.5237552132096348,all
Connective tissue disorder,0.5453693093030524,0.5183575670084681,all
Constipation,0.651648773006135,0.52886090136857,all
Contusion,0.5278532391575314,0.4800728690594138,all
Convulsion,0.6047716168033689,0.5025457426672341,all
Coordination abnormal,0.6580290118344776,0.5059172387999893,all
Cough,0.5451747976618705,0.5357323516187051,all
Cyst,0.6913662574039933,0.5656846977601695,all
Cystitis,0.49697197197197196,0.4976726726726727,all
Cystitis noninfective,0.5745006114961272,0.5047136159804322,all
Deafness,0.5823287823287824,0.5065601065601065,all
Decreased appetite,0.6352428878347007,0.5264516315083703,all
Deep vein thrombosis,0.6860063786098125,0.5898903403381537,all
Dehydration,0.6073957513768686,0.47940597954366637,all
Delirium,0.6290507052992755,0.5001906214258482,all
Delusion,0.7404736999402272,0.5627615062761506,all
Depersonalisation,0.6528317393903168,0.48206814106395696,all
Depressed level of consciousness,0.5963804713804713,0.5048100048100048,all
Depression,0.49225995807127876,0.5036142557651991,all
Dermatitis,0.5922989521525059,0.5381643731852039,all
Dermatitis atopic,0.46977880658436216,0.49189814814814814,all
Dermatitis bullous,0.44340867843590165,0.49791701039432434,all
Dermatitis contact,0.6232970225127087,0.5422222222222222,all
Dermatitis exfoliative,0.565459076097374,0.5572380891529828,all
Diabetes mellitus,0.6168739279588337,0.5173027444253859,all
Diarrhoea,0.6845397324940992,0.5179189614476789,all
Diplopia,0.6519731226334566,0.5852393355074526,all
Discomfort,0.511597484984457,0.47300015472690704,all
Disorientation,0.6010433970099668,0.5298224667774086,all
Disturbance in attention,0.46448453137833473,0.5206704590393332,all
Disturbance in sexual arousal,0.6257648953301127,0.5313204508856683,all
Dizziness,0.6552707930367505,0.5153288201160542,all
Drug eruption,0.4723156349168759,0.4871879884431393,all
Drug interaction,0.5547202329658575,0.5194782040234154,all
Dry eye,0.5668476202499685,0.567201110970837,all
Dry mouth,0.6700192175510948,0.5459748348272525,all
Dry skin,0.623893065998329,0.5597141000649772,all
Dysarthria,0.6131465517241379,0.4772783251231527,all
Dysgeusia,0.5674736493014001,0.45595720444681553,all
Dyskinesia,0.7027614571092831,0.6217685076380728,all
Dysmenorrhoea,0.6467748043423378,0.5017987881848018,all
Dyspepsia,0.6583492147911773,0.5295099646914565,all
Dysphagia,0.6556728479552997,0.5040781504884405,all
Dysphonia,0.5680599826137351,0.5090915676615474,all
Dyspnoea,0.6183705549969551,0.5430586435925396,all
Dysuria,0.5673610495523447,0.6092899565641344,all
Ear pain,0.567094061461794,0.5138860049833887,all
Ecchymosis,0.6283829037779376,0.4694763475801851,all
Eczema,0.46460027481810195,0.4602752686234316,all
Ejaculation disorder,0.8202398512152889,0.5426794074264092,all
Electrocardiogram QT prolonged,0.7032910995175147,0.6620248695720393,all
Electrocardiogram abnormal,0.5315653807505789,0.5981475818078553,all
Embolism,0.6445012787723785,0.5542564852027767,all
Embolism venous,0.8152052655064703,0.5765283355644801,all
Endocrine disorder,0.522015022015022,0.49135586635586637,all
Eosinophilia,0.5981604589745925,0.4576450232219288,all
Epistaxis,0.6135974252637983,0.5474036475429523,all
Erectile dysfunction,0.6913808197373659,0.5029048945483486,all
Eructation,0.5465873015873015,0.5401322751322752,all
Erythema,0.5345068330362448,0.49907902554961375,all
Erythema multiforme,0.5412576755860337,0.5192655341909073,all
Euphoric mood,0.6238160792951541,0.5414922907488986,all
Extrapyramidal disorder,0.8294841826398628,0.6574411718871747,all
Extrasystoles,0.46072341980270365,0.5342832785288028,all
Extravasation,0.563558266932271,0.5892056772908366,all
Eye disorder,0.5833640044166359,0.5292013249907986,all
Eye haemorrhage,0.5345269968763945,0.4245872378402498,all
Eye irritation,0.5505449199399151,0.6061555179136437,all
Eye pain,0.5408876500857632,0.45724699828473414,all
Face oedema,0.6274509803921569,0.465452847805789,all
Fatigue,0.5901369034112397,0.567294455790031,all
Febrile neutropenia,0.7134517389798645,0.7417998317914213,all
Feeling abnormal,0.6027649102489867,0.5408222350897511,all
Feeling hot,0.5386687386687388,0.5390831390831391,all
Flat affect,0.5887829650748396,0.5095776906628653,all
Flatulence,0.5976175675480317,0.5236436181747214,all
Fluid retention,0.5048919412421987,0.5336712724497861,all
Flushing,0.603947224265569,0.5405443475811121,all
Foetor hepaticus,0.46351214574898786,0.3649797570850203,all
Folliculitis,0.7741202102969734,0.6225548240420594,all
Fracture,0.7109780834116658,0.6138128926928215,all
Fungal infection,0.6379321808510638,0.6095079787234042,all
Gait disturbance,0.6276839209030831,0.4873614646815295,all
Galactorrhoea,0.8187114197530864,0.7857638888888889,all
Gamma-glutamyltransferase increased,0.4981804318441756,0.5248674314629328,all
Gastric ulcer,0.4730263157894737,0.4043522267206478,all
Gastritis,0.5785544871205575,0.49605618783209837,all
Gastroenteritis,0.6043173232595791,0.5536751214247166,all
Gastrointestinal disorder,0.6075893334147421,0.5596751789721124,all
Gastrointestinal haemorrhage,0.5851371874050825,0.49824845600890966,all
Gastrointestinal pain,0.6268192844147968,0.5114463311097636,all
Gastrooesophageal reflux disease,0.5972191629955947,0.5450440528634362,all
Generalised oedema,0.4758517228029423,0.5846399535423925,all
Gingival bleeding,0.525974025974026,0.4157235621521336,all
Gingivitis,0.5250060652271862,0.47568710359408034,all
Glaucoma,0.635011954572624,0.5293260609683204,all
Glossitis,0.5044677544677545,0.49349261849261855,all
Glycosuria,0.630989380989381,0.5415695415695415,all
Gout,0.631205470006895,0.42108136060675705,all
Gynaecomastia,0.6432576943140323,0.6302382194400975,all
Haematemesis,0.6168607511891094,0.4013777267508611,all
Haematoma,0.561915598872013,0.45312422698263494,all
Haematuria,0.6247515808491417,0.5146423585447975,all
Haemoglobin,0.6192753057507155,0.5828129065833983,all
Haemoglobin decreased,0.5620041753653444,0.4343139115581704,all
Haemolytic anaemia,0.6513132008656305,0.5093694668502853,all
Haemoptysis,0.6151477832512315,0.4825412923790206,all
Haemorrhage,0.6081705438923564,0.5884250628191618,all
Haemorrhoids,0.3878691930935536,0.5109088210557562,all
Hallucination,0.6668595902303507,0.6317364774362113,all
Headache,0.6213914154473276,0.5361847108569343,all
Hearing impaired,0.6465924426450742,0.5679262258209627,all
Hepatic enzyme increased,0.53727016965529,0.6148796498905909,all
Hepatic failure,0.5820652694037707,0.5373145755574696,all
Hepatic function abnormal,0.49299233497879097,0.5052216406618212,all
Hepatic necrosis,0.4725417439703154,0.5780612244897959,all
Hepatitis,0.6152109328579917,0.544949494949495,all
Hepatobiliary disease,0.6012793824928206,0.5565009952441007,all
Hepatocellular injury,0.5250504418994572,0.5060672369206287,all
Hepatomegaly,0.5636370890520268,0.495531439514842,all
Hepatotoxicity,0.6811428401628383,0.5300864707455502,all
Herpes simplex,0.5563936207612901,0.4232158266483429,all
Herpes zoster,0.6195811170212766,0.4884308510638298,all
Hiccups,0.6330060776063581,0.4777310269596385,all
Hirsutism,0.7043771043771043,0.5970991970991971,all
Hostility,0.65794779286927,0.4620118845500849,all
Hot flush,0.6005912015301687,0.48111198052512605,all
Hyperaesthesia,0.47264416315049224,0.5732419127988748,all
Hyperbilirubinaemia,0.673221745431811,0.5007530762454175,all
Hypercalcaemia,0.6697295505139014,0.5737223511580543,all
Hypercholesterolaemia,0.6248650982085042,0.4966814159292035,all
Hyperglycaemia,0.6450436849543878,0.46998265450340493,all
Hyperhidrosis,0.6165974638087757,0.5598557962069352,all
Hyperkalaemia,0.5650867717089072,0.4668413819553197,all
Hyperkinesia,0.6574153864440019,0.5555225388524054,all
Hyperlipidaemia,0.5933785745106499,0.5081787157258856,all
Hypersensitivity,0.5695929131516754,0.480459518257086,all
Hypertension,0.5666872751798561,0.5540551933453237,all
Hypertonia,0.5503174603174604,0.4102380952380952,all
Hypertriglyceridaemia,0.5292935471187034,0.525012014504784,all
Hyperuricaemia,0.6148931744569578,0.47918461949900454,all
Hyperventilation,0.5947739150193138,0.5471483753692343,all
Hypoaesthesia,0.591673951048951,0.4914616633366633,all
Hypocalcaemia,0.5743268291038992,0.5547467394601152,all
Hypoglycaemia,0.581219806763285,0.5215378421900162,all
Hypokalaemia,0.5876474227963925,0.5130032062700391,all
Hypokinesia,0.5649537184806894,0.5153606766677306,all
Hypomagnesaemia,0.7702245188880968,0.6375178189593728,all
Hyponatraemia,0.6617341440886699,0.5429879926108374,all
Hypophosphataemia,0.6503575995831953,0.615071283095723,all
Hypotension,0.6272718341683859,0.5769020251778872,all
Hypothyroidism,0.5685123966942148,0.5005371900826446,all
Ileus,0.5726594650205762,0.492326817558299,all
Ill-defined disorder,0.5204061059907834,0.45856854838709676,all
Immune system disorder,0.4881307407849219,0.5134647500894667,all
Inappropriate antidiuretic hormone secretion,0.7709236271828319,0.6056806227645698,all
Increased appetite,0.6531390272397466,0.5682633380475107,all
Infection,0.6003256003256003,0.5769721976618528,all
Infestation,0.6102331126254572,0.6108130749279075,all
Inflammation,0.6011620478812398,0.4337602287591641,all
Influenza,0.5321086807928912,0.4813397129186603,all
Influenza like illness,0.5532592272825383,0.49258040146773147,all
Injection site reaction,0.590406455469217,0.48684997011356845,all
Injury,0.5141522535033456,0.5448049488700921,all
Insomnia,0.6011518553619596,0.49077786688051317,all
Interstitial lung disease,0.7123769819573537,0.5711796063422635,all
Intestinal obstruction,0.5033031769408794,0.42369030086261306,all
Irritability,0.5842362534633838,0.5991710404793549,all
Jaundice,0.5924836143415378,0.5065464792240749,all
Jaundice cholestatic,0.5855757931844888,0.5643654524089308,all
Joint swelling,0.4438018894932722,0.4981963927855712,all
Keratitis,0.566820987654321,0.4996141975308642,all
Lacrimation increased,0.6181377009402488,0.5294712364776059,all
Laryngeal pain,0.5305484512645638,0.5119961027889417,all
Laryngitis,0.6411265432098766,0.4486496913580247,all
Lethargy,0.5247375034609078,0.5692075053777181,all
Leukocytoclastic vasculitis,0.52642427712568,0.4230174634984254,all
Leukocytosis,0.5971421831294442,0.5032184140464395,all
Leukopenia,0.6415494938132733,0.5444460067491563,all
Libido decreased,0.6099298434970318,0.47639503507825154,all
Libido increased,0.7086629091081325,0.5570975228532185,all
Liver disorder,0.48491479065853144,0.45167262781401224,all
Liver function test abnormal,0.5307239057239057,0.4727894890938369,all
Liver injury,0.5477783388033324,0.5062484221156274,all
Loss of consciousness,0.6178579494128273,0.5554426377597109,all
Lung disorder,0.5881260611205432,0.5530029711375212,all
Lymphadenopathy,0.5992734011167191,0.5605539706922196,all
Lymphopenia,0.7412241625089094,0.6155114041339985,all
Malaise,0.513758581235698,0.5216962242562929,all
Malnutrition,0.6002758303643259,0.5376106194690267,all
Mania,0.6287623066104079,0.624929676511955,all
Mediastinal disorder,0.5961342973727539,0.5452645142816235,all
Melaena,0.5970240521810029,0.48585915205870367,all
Memory impairment,0.5045203227734609,0.6034817692767482,all
Menopausal symptoms,0.5909983810037777,0.49839179708580683,all
Menorrhagia,0.5712836858881484,0.531331498116488,all
Menstrual disorder,0.6147569921154826,0.5822382614835445,all
Menstruation irregular,0.7457175485344499,0.6849203328076567,all
Mental disability,0.5465740862046378,0.5423817633957815,all
Mental disorder,0.5795722429385797,0.5366393782235367,all
Metrorrhagia,0.5951563996169805,0.574050430896904,all
Micturition urgency,0.6578590785907859,0.46423732094463804,all
Migraine,0.5517379384867829,0.5394713145098353,all
Mood swings,0.5228070175438597,0.4914786967418547,all
Mouth ulceration,0.5122665145238509,0.43256517748617074,all
Mucosal inflammation,0.7833562260218823,0.7276085823899967,all
Multiple fractures,0.7109780834116658,0.6138128926928215,all
Muscle spasms,0.5709169363538296,0.5148076231571378,all
Muscle twitching,0.6311537490532694,0.5650088361524868,all
Muscular weakness,0.5824256611658186,0.46278705333823444,all
Musculoskeletal discomfort,0.6353398058252426,0.5209061488673139,all
Musculoskeletal pain,0.5644945902488213,0.5186275311367291,all
Musculoskeletal stiffness,0.641788689724817,0.555036606917445,all
Myalgia,0.6261081809000112,0.5022584446190101,all
Mydriasis,0.8390206870373885,0.7099259821598026,all
Myocardial infarction,0.6174755686950809,0.5124579124579125,all
Myocardial ischaemia,0.6489092996555684,0.5201574544858127,all
Myoclonus,0.6734832992501705,0.5274255850942968,all
Myopathy,0.5842561983471074,0.5681818181818181,all
Nail disorder,0.5890502494654312,0.5965787598004276,all
Nasal congestion,0.602997242536866,0.5064620549094833,all
Nasopharyngitis,0.5080218968423844,0.5597901236906409,all
Nausea,0.6875220648805555,0.5492488133997568,all
Neck pain,0.4813362381989833,0.47834422657952075,all
Necrosis,0.6096579476861167,0.6024797433248137,all
Neoplasm,0.6121717504205983,0.5553361129397996,all
Neoplasm malignant,0.5822035218949664,0.6069814555088049,all
Nephrolithiasis,0.6282816028038958,0.4774037003336366,all
Nervous system disorder,0.636818616058061,0.5354255486005162,all
Nervousness,0.6369736371227483,0.5431826315161636,all
Neuralgia,0.5753042596348885,0.4659881193856853,all
Neuritis,0.5934332890491554,0.5215031315240084,all
Neuropathy peripheral,0.5798855061150143,0.5629716367421286,all
Neutropenia,0.6902269054672772,0.5801575545381092,all
Night sweats,0.518218449931413,0.4508744855967078,all
Nightmare,0.6528176418767228,0.5453408735684446,all
Nocturia,0.5515594647096913,0.45329699978415716,all
Nuchal rigidity,0.6533022533022533,0.5193991193991194,all
Nystagmus,0.6229193062169601,0.5174974878762725,all
Oedema,0.5830433318365514,0.5259177144140099,all
Oedema peripheral,0.6167018674122133,0.5380699861729444,all
Oesophagitis,0.4904214559386974,0.4807786263467818,all
Oliguria,0.536460989291178,0.4953908916173067,all
Opportunistic infection,0.722010524405734,0.4738401983910966,all
Oral candidiasis,0.6281299704612588,0.5445580549875029,all
Oropharyngeal discomfort,0.5806024495200265,0.5024826216484608,all
Oropharyngeal pain,0.5618782874117679,0.5301828686670482,all
Orthostatic hypotension,0.719355016639394,0.5214105793450882,all
Osteoarthritis,0.5575801598007679,0.48645844142367956,all
Otitis media,0.5347111394829237,0.41473827002872643,all
Pain,0.5564359267734553,0.4988987414187643,all
Pain in extremity,0.5738922901317838,0.5515201826294489,all
Pallor,0.5987472071496969,0.5700606447494414,all
Palpitations,0.6762437083826445,0.5998602654955584,all
Pancreatitis,0.621044825313118,0.4608767303889255,all
Pancytopenia,0.6471218854287345,0.550239482648315,all
Paraesthesia,0.6388356135191579,0.4913125630425208,all
Paralysis,0.4803180567084625,0.5088033553235178,all
Paranoia,0.6976141078838174,0.609998404085541,all
Parosmia,0.43538817588891227,0.5407111298127498,all
Pelvic pain,0.6953069769971179,0.4613083908858557,all
Peptic ulcer,0.6160164271047228,0.6077591856350212,all
Petechiae,0.632149866190901,0.511364852809991,all
Pharyngitis,0.5880840528186897,0.5461052564753681,all
Phlebitis,0.48198699154113156,0.35611498668823505,all
Photophobia,0.594106112705675,0.4896700673505925,all
Photosensitivity reaction,0.6412373120904535,0.5098772966722342,all
Platelet count decreased,0.6299173553719009,0.6044214876033057,all
Pleural effusion,0.6099070032264188,0.5140254317707345,all
Pneumonia,0.6163542340012927,0.5439883645765999,all
Pollakiuria,0.6366978609625669,0.546524064171123,all
Polyp,0.6164096290794705,0.5419633885272402,all
Polyuria,0.5922758557610958,0.5271305421535225,all
Priapism,0.7855475382003394,0.6787457555178269,all
Protein urine present,0.6186372685941819,0.5056309987222536,all
Proteinuria,0.6391895141895142,0.5124158249158248,all
Prurigo,0.5674089068825912,0.5558704453441297,all
Pruritus,0.5260345377158608,0.5238032737704611,all
Psoriasis,0.5360833927298647,0.5199572344975053,all
Psychotic disorder,0.6063920307149527,0.5842274566773893,all
Pulmonary embolism,0.6100766703176341,0.5654903427457056,all
Pulmonary oedema,0.5177784307963562,0.5396842358346913,all
Purpura,0.5466552315608919,0.5281303602058319,all
Rash,0.612062062062062,0.5674924924924925,all
Rash erythematous,0.6286961472765231,0.5310305560827482,all
Rash generalised,0.5685383466135459,0.6489666334661355,all
Rash maculo-papular,0.5852778387340599,0.5197864091873309,all
Rash pustular,0.5437216234013794,0.4722559179288116,all
Rectal haemorrhage,0.5572411894273128,0.5363160792951542,all
Renal failure,0.6563791678148252,0.4717897492422155,all
Renal failure acute,0.704596866244682,0.4569471827332158,all
Renal impairment,0.6156186390597298,0.45540502090218654,all
Respiratory failure,0.5427769985974754,0.5329904940003117,all
Respiratory tract infection,0.501376206911617,0.5350605094150029,all
Rhabdomyolysis,0.623994708994709,0.5775925925925925,all
Rhinitis,0.5455119303118293,0.5317510415351597,all
Rhinorrhoea,0.5395061728395062,0.6052854938271606,all
Salivary hypersecretion,0.6657948532948533,0.515993265993266,all
Scotoma,0.5462135422413477,0.5032182132480046,all
Seborrhoeic dermatitis,0.5130411988291319,0.5382061252129844,all
Sensory loss,0.6691735537190082,0.5920661157024794,all
Sepsis,0.7029966108307122,0.6199253895106429,all
Sexual dysfunction,0.575834879406308,0.5853896103896103,all
Shock,0.6015882592285999,0.5235923842128155,all
Sinus congestion,0.49146588828971455,0.5748775540493741,all
Sinusitis,0.5468059588435804,0.5368955939906578,all
Skin discolouration,0.45475031297816115,0.46799276672694395,all
Skin disorder,0.603548184517013,0.5554778488239324,all
Skin exfoliation,0.534966960352423,0.532874449339207,all
Skin hyperpigmentation,0.593060271646859,0.5081175721561969,all
Skin ulcer,0.5192386550027337,0.49682203389830504,all
Sleep disorder,0.6131037567084079,0.5384168157423972,all
Somnolence,0.719679018447717,0.6316416868976145,all
Speech disorder,0.5298419438546826,0.47241600107842147,all
Stevens-Johnson syndrome,0.5947417448284724,0.4836823846845689,all
Stomatitis,0.6466381255807779,0.5235463958582238,all
Stupor,0.609200926209096,0.502992703918913,all
Sudden death,0.6468235294117648,0.5597058823529412,all
Suicidal ideation,0.6920249776984836,0.5550401427297057,all
Suicide attempt,0.7048852533515111,0.5674164962508521,all
Swelling,0.49302744039586144,0.5477395411605938,all
Syncope,0.6076424962641429,0.5866647690884508,all
Systemic lupus erythematosus,0.7268145161290324,0.5542763157894737,all
Tachycardia,0.6808171667042635,0.5474988720956463,all
Tenderness,0.49696360697278175,0.5047839573594304,all
Tension,0.6053713717633945,0.5775806232960279,all
Thinking abnormal,0.6036085292509569,0.5567249863313286,all
Thirst,0.5765999144009191,0.5370216025048994,all
Thrombocytopenia,0.6690000424250138,0.5525858045903865,all
Thrombocytosis,0.6170150987224158,0.5137921022067363,all
Thrombophlebitis,0.5285449735449735,0.44026455026455025,all
Thrombosis,0.6175324675324675,0.4813079777365492,all
Tinnitus,0.6113077963320317,0.47566590187349006,all
Tongue disorder,0.6722203832432233,0.5234469822354629,all
Tongue oedema,0.6631725417439703,0.44939703153988875,all
Tooth disorder,0.5098253734483484,0.44468756574794865,all
Toothache,0.5593516536327494,0.4584298134475075,all
Torsade de pointes,0.7354834361203788,0.5812017659151417,all
Toxic epidermal necrolysis,0.6100908956547444,0.48706769139816725,all
Transaminases increased,0.4668567355666429,0.47055416963649327,all
Transient ischaemic attack,0.5640727835849787,0.5195509097948122,all
Tremor,0.6666666666666666,0.5491206615420452,all
Tubulointerstitial nephritis,0.7157426778242677,0.5544680215182307,all
Ulcer,0.6315511711931149,0.4214265416311452,all
Upper respiratory tract infection,0.5238793671720501,0.43513513513513513,all
Urethral disorder,0.6288508186779866,0.5809278350515464,all
Urinary incontinence,0.5351355483081941,0.4669282511210762,all
Urinary retention,0.6985067733990148,0.6043526785714286,all
Urinary tract disorder,0.6469998328597693,0.5886375032288453,all
Urinary tract infection,0.5508166228850202,0.5572778149423224,all
Urine output increased,0.6255125284738041,0.5222635175638413,all
Urticaria,0.5791194779869496,0.5737793444836121,all
Vaginal discharge,0.7181357457490646,0.5265476246862123,all
Vaginal haemorrhage,0.6063494264028004,0.5763005580009011,all
Vaginal infection,0.5951816422750933,0.508952661270542,all
Vaginal inflammation,0.5825817700817701,0.5015933140933141,all
Vascular purpura,0.588479262672811,0.5388940092165899,all
Vasculitis,0.559359426910299,0.5726484634551494,all
Vasodilation procedure,0.5145229633679607,0.6203184800437398,all
Ventricular arrhythmia,0.610393006575015,0.5857367005379558,all
Ventricular extrasystoles,0.5532641963569369,0.46114759456809196,all
Ventricular fibrillation,0.5268247676325861,0.48305084745762716,all
Ventricular tachycardia,0.6530945956994523,0.5381952961055242,all
Vertigo,0.6246886674968868,0.5047548964111853,all
Viral infection,0.5739898223974658,0.4838068277558723,all
Vision blurred,0.5724858200105725,0.5564699327075565,all
Visual acuity reduced,0.5811111660812349,0.4820165240191956,all
Visual impairment,0.5689337104907145,0.5253043906038617,all
Vomiting,0.6482591876208896,0.559477756286267,all
Weight decreased,0.5545101826719732,0.5719947379814497,all
Weight increased,0.6681443638760712,0.6046967699406725,all
Wheezing,0.5237308987308987,0.4999676249676249,all
White blood cell count decreased,0.5915492957746479,0.46777965087824247,all
Abdominal discomfort,0.5540189125295509,0.5316390858944051,responsive
Abdominal distension,0.5517587551642921,0.47017259353643004,responsive
Abdominal pain,0.576594345825115,0.544171078584034,responsive
Abdominal pain upper,0.5667359335038363,0.5039162404092071,responsive
Abnormal dreams,0.6699253923334191,0.5540519680987909,responsive
Abscess,0.6072854291417166,0.6395209580838324,responsive
Accommodation disorder,0.7884231536926147,0.6497005988023953,responsive
Acne,0.7061143984220907,0.6912598619329388,responsive
Acute coronary syndrome,0.5736699220815852,0.5052356943905792,responsive
Affect lability,0.5633679354094578,0.44322952710495955,responsive
Ageusia,0.4968039772727273,0.5908380681818182,responsive
Aggression,0.6604243751415841,0.6524201464924866,responsive
Agitation,0.685272998238721,0.5516528925619835,responsive
Agranulocytosis,0.6835719398711525,0.5690765926986399,responsive
Akathisia,0.8368141592920354,0.8179351032448378,responsive
Alanine aminotransferase increased,0.6631048749775139,0.5403849613239791,responsive
Albuminuria,0.5634898837315755,0.6542158747596815,responsive
Alopecia,0.558746089272992,0.5467893318464826,responsive
Amblyopia,0.5591800356506239,0.5368092691622104,responsive
Amenorrhoea,0.6665983046212742,0.6489608969100356,responsive
Amnesia,0.5997118441971383,0.48266096979332274,responsive
Anaemia,0.6533959975742875,0.5582777440873257,responsive
Anaphylactic shock,0.532817212324721,0.5168050244069272,responsive
Anaphylactoid reaction,0.531656050955414,0.6381528662420382,responsive
Angina pectoris,0.5507783265978148,0.5515267175572519,responsive
Angioedema,0.5328429435545152,0.5050913401623149,responsive
Angiopathy,0.6156568877551021,0.5877551020408163,responsive
Anxiety,0.49057806099226214,0.5458352298588985,responsive
Apathy,0.5903193612774451,0.5604790419161677,responsive
Aphasia,0.5922619047619048,0.7071641156462585,responsive
Aphthous stomatitis,0.6227057918452578,0.5451148477854709,responsive
Aplastic anaemia,0.6279569892473118,0.6441457586618877,responsive
Apnoea,0.47458584337349397,0.5748305722891566,responsive
Arrhythmia,0.5580251046025104,0.552234309623431,responsive
Arthralgia,0.6008963178294574,0.5306140988372093,responsive
Arthritis,0.5461440058479532,0.47857273391812866,responsive
Arthropathy,0.6013375796178344,0.6251592356687898,responsive
Aspartate aminotransferase increased,0.6460859152821434,0.5160904056279,responsive
Asthenia,0.6326797385620916,0.6113851992409867,responsive
Asthma,0.633622029757939,0.5510992671552298,responsive
Ataxia,0.7006689734717417,0.5842675893886967,responsive
Atrial fibrillation,0.5903591771407051,0.5042131525679048,responsive
Atrioventricular block,0.690438364224772,0.6537216828478964,responsive
Back pain,0.5913729128014842,0.501113172541744,responsive
Bladder pain,0.5325910107789302,0.48850925360992475,responsive
Blepharitis,0.6115399096385542,0.5135542168674698,responsive
Blister,0.4295069033530572,0.4998816568047337,responsive
Blood alkaline phosphatase increased,0.5693441414885778,0.4772783099975436,responsive
Blood bilirubin increased,0.7314253959433176,0.6697415948874686,responsive
Blood creatine phosphokinase increased,0.5662537129609505,0.5860320220241977,responsive
Blood creatinine increased,0.5992671277997363,0.522562582345191,responsive
Blood disorder,0.5250257841412365,0.5184735788388036,responsive
Blood glucose increased,0.4942871847658261,0.6891405043746783,responsive
Blood lactate dehydrogenase increased,0.5931563421828909,0.5786430678466077,responsive
Blood potassium decreased,0.6677286135693214,0.6023598820058997,responsive
Blood pressure increased,0.6479906311637079,0.5637943786982249,responsive
Blood triglycerides increased,0.5501019406478895,0.5616552140753606,responsive
Blood urea increased,0.5247164694280079,0.5187993096646942,responsive
Blood uric acid increased,0.6172983479105929,0.5663103336572723,responsive
Body temperature increased,0.6288959908869411,0.5840901180267696,responsive
Bone disorder,0.6292580982236154,0.5064437478230581,responsive
Bone pain,0.6109127357013091,0.5993860803107185,responsive
Bradycardia,0.6213723605027953,0.5336324466759249,responsive
Breast disorder,0.6029626464409072,0.5728020510629206,responsive
Breast enlargement,0.6966691462104306,0.6369121414992974,responsive
Breast pain,0.5995740149094781,0.5742654889431811,responsive
Bronchitis,0.507482993197279,0.5188086045228901,responsive
Bronchospasm,0.4528368259711544,0.5508819538670285,responsive
Burning sensation,0.6022954091816367,0.43892215568862275,responsive
Bursitis,0.5339321357285429,0.6447105788423154,responsive
Candida infection,0.6639546351084813,0.4591346153846154,responsive
Cardiac arrest,0.5782988871224166,0.5886327503974562,responsive
Cardiac disorder,0.6241298579678476,0.5902294365537694,responsive
Cardiac failure,0.5630081300813008,0.5356772184743124,responsive
Cardiac failure congestive,0.690919259711206,0.5805369127516778,responsive
Cardiomyopathy,0.72023598820059,0.567669616519174,responsive
Cardiovascular disorder,0.4840069427225391,0.5467393999504091,responsive
Cataract,0.5247013059183107,0.5650458460683523,responsive
Cellulitis,0.6398338607594937,0.5540611814345993,responsive
Cerebral haemorrhage,0.5391442876649977,0.653732362312244,responsive
Cerebrovascular accident,0.5885332616101847,0.5250582750582752,responsive
Chest discomfort,0.5871611445783133,0.48832831325301196,responsive
Chest pain,0.5587939698492462,0.6002740977615348,responsive
Chills,0.5708101422387136,0.5421020082674217,responsive
Cholecystitis,0.4252763605442177,0.5870535714285714,responsive
Cholelithiasis,0.5899125064333505,0.5186824498198662,responsive
Cholestasis,0.453263755378559,0.507644420031127,responsive
Coagulopathy,0.49336078229541946,0.5532681420483788,responsive
Colitis,0.6371753246753247,0.5146683673469388,responsive
Coma,0.5930337861372345,0.559317311041449,responsive
Completed suicide,0.5890219560878245,0.5654690618762476,responsive
Confusional state,0.6092279579716765,0.5448758946246383,responsive
Conjunctivitis,0.5886184681460271,0.5991410164638511,responsive
Connective tissue disorder,0.6244396376061945,0.5256277626257877,responsive
Constipation,0.6434145413018653,0.5648712092374064,responsive
Contusion,0.49377465483234717,0.5462894477317555,responsive
Convulsion,0.5773596938775509,0.48689413265306125,responsive
Coordination abnormal,0.6864392250985769,0.511400651465798,responsive
Cough,0.5752380952380952,0.5798941798941799,responsive
Cyst,0.7420141969831411,0.5855516119491275,responsive
Cystitis,0.44416666666666665,0.5303645833333334,responsive
Cystitis noninfective,0.45198675496688745,0.4938581499679556,responsive
Deafness,0.5938020833333333,0.5318229166666667,responsive
Decreased appetite,0.655734004127967,0.581656346749226,responsive
Deep vein thrombosis,0.7310160427807486,0.5564171122994652,responsive
Dehydration,0.6062252964426877,0.5900444664031621,responsive
Delirium,0.6527777777777778,0.4781635802469136,responsive
Delusion,0.7470611439842209,0.5570808678500986,responsive
Depersonalisation,0.5515331845607075,0.5546739399950409,responsive
Depressed level of consciousness,0.6263330598851516,0.48858353841946955,responsive
Depression,0.5058576362924189,0.5636862158601289,responsive
Dermatitis,0.6387761106207709,0.46672550750220654,responsive
Dermatitis atopic,0.6236185383244206,0.47950089126559714,responsive
Dermatitis bullous,0.5057471264367817,0.4849578820697954,responsive
Dermatitis contact,0.6738351254480286,0.6049581839904421,responsive
Dermatitis exfoliative,0.6454221491228069,0.48565423976608185,responsive
Diabetes mellitus,0.5423904344960693,0.5497340300334228,responsive
Diarrhoea,0.6916813380281691,0.5889524647887324,responsive
Diplopia,0.6708523592085235,0.6359874429223744,responsive
Discomfort,0.5240513983371126,0.4295993953136811,responsive
Disorientation,0.6272523205727113,0.560638233331311,responsive
Disturbance in attention,0.46164172092086714,0.5176857507215249,responsive
Disturbance in sexual arousal,0.630500250962021,0.544127488706709,responsive
Dizziness,0.6259961127308066,0.5250242954324588,responsive
Drug eruption,0.4971762048192771,0.5363328313253012,responsive
Drug interaction,0.5236304070860887,0.5781714493720803,responsive
Dry eye,0.6032894736842105,0.5474780701754387,responsive
Dry mouth,0.6808098538268318,0.5777623097176406,responsive
Dry skin,0.643498817966903,0.6267927501970056,responsive
Dysarthria,0.645611156685808,0.4770987147935466,responsive
Dysgeusia,0.5491744881206827,0.5103614905677911,responsive
Dyskinesia,0.7107223841917718,0.585617103984451,responsive
Dysmenorrhoea,0.6460641399416909,0.5107223841917718,responsive
Dyspepsia,0.6260626824007106,0.5603032610074864,responsive
Dysphagia,0.6620633299284986,0.49197139938712975,responsive
Dysphonia,0.6130177514792899,0.5646548323471401,responsive
Dyspnoea,0.5970366330333606,0.5404357179650335,responsive
Dysuria,0.603583644278607,0.5940220771144278,responsive
Ear pain,0.5200509615967968,0.46017108536067464,responsive
Ecchymosis,0.6358854166666666,0.45546875,responsive
Eczema,0.4783442982456141,0.4868877923976608,responsive
Ejaculation disorder,0.7742772861356934,0.5978761061946902,responsive
Electrocardiogram QT prolonged,0.6716632791327913,0.638550135501355,responsive
Electrocardiogram abnormal,0.5382339553937187,0.5900091033227127,responsive
Embolism,0.5926854754440961,0.555485893416928,responsive
Embolism venous,0.7773505447221459,0.5368488510482469,responsive
Endocrine disorder,0.4932079414838036,0.621246952281435,responsive
Eosinophilia,0.6070135315418335,0.5117972174575949,responsive
Epistaxis,0.5696379781420765,0.5047131147540984,responsive
Erectile dysfunction,0.7291030697993484,0.6348139255702281,responsive
Eructation,0.5986857825567504,0.4857228195937874,responsive
Erythema,0.5731188935414286,0.47557416571501077,responsive
Erythema multiforme,0.4744321786575308,0.43458951909656135,responsive
Euphoric mood,0.6687175280284386,0.5790265244736122,responsive
Extrapyramidal disorder,0.8537485737297805,0.6998456272233036,responsive
Extrasystoles,0.4737004632012352,0.5510036026762738,responsive
Extravasation,0.6611288120163858,0.5854574419663177,responsive
Eye disorder,0.5715388177187837,0.5562895508566137,responsive
Eye haemorrhage,0.45404129793510317,0.4992330383480826,responsive
Eye irritation,0.6243714877255251,0.531351671103224,responsive
Eye pain,0.5362236972179071,0.600621381160853,responsive
Face oedema,0.5904718085996319,0.4853605487702861,responsive
Fatigue,0.5553419019667375,0.6363728367574133,responsive
Febrile neutropenia,0.6856635453664838,0.6944623829512432,responsive
Feeling abnormal,0.6312562562562563,0.5879942442442443,responsive
Feeling hot,0.4683185840707964,0.6043657817109145,responsive
Flat affect,0.6524266201685557,0.5417998643805095,responsive
Flatulence,0.6326562746024248,0.5885687293339632,responsive
Fluid retention,0.5855086220534725,0.5426356589147286,responsive
Flushing,0.5388278642936596,0.5422691879866518,responsive
Foetor hepaticus,0.5023628970216506,0.3155291790306627,responsive
Folliculitis,0.7575757575757576,0.7385333699533094,responsive
Fracture,0.5912737663479504,0.60655017034839,responsive
Fungal infection,0.6069602272727272,0.58984375,responsive
Gait disturbance,0.6233176671651357,0.5648365733817561,responsive
Galactorrhoea,0.8237654320987654,0.7963734567901235,responsive
Gamma-glutamyltransferase increased,0.4790445859872612,0.5353503184713375,responsive
Gastric ulcer,0.577755797340367,0.41158369051544125,responsive
Gastritis,0.5660583941605839,0.5157745336577453,responsive
Gastroenteritis,0.5650978564771668,0.550232991612302,responsive
Gastrointestinal disorder,0.6513280957725402,0.5543992109648676,responsive
Gastrointestinal haemorrhage,0.5013644366197183,0.4908890845070423,responsive
Gastrointestinal pain,0.5629090667464035,0.5510149838865079,responsive
Gastrooesophageal reflux disease,0.6111708482676225,0.5859617682198327,responsive
Generalised oedema,0.4264705882352941,0.5784313725490197,responsive
Gingival bleeding,0.5215549698795181,0.4227221385542168,responsive
Gingivitis,0.5350339037778495,0.525508556667743,responsive
Glaucoma,0.5738636363636364,0.5561079545454546,responsive
Glossitis,0.5845106136347171,0.5388683619503006,responsive
Glycosuria,0.7108324625566005,0.5654475792406827,responsive
Gout,0.6332361516034986,0.4519598315516683,responsive
Gynaecomastia,0.7469965931504393,0.6053433745741438,responsive
Haematemesis,0.5474192898852273,0.33559299281830995,responsive
Haematoma,0.4797405189620758,0.4942115768463074,responsive
Haematuria,0.6273849607182941,0.5341971907628473,responsive
Haemoglobin,0.5702620967741935,0.5607190860215054,responsive
Haemoglobin decreased,0.5829475308641976,0.5067901234567901,responsive
Haemolytic anaemia,0.5796610169491525,0.5774937482634064,responsive
Haemoptysis,0.647965773329028,0.462060058120762,responsive
Haemorrhage,0.5483514644351465,0.5586276150627615,responsive
Haemorrhoids,0.5424771952961864,0.6586438070117595,responsive
Hallucination,0.6868281069821077,0.5808503515232675,responsive
Headache,0.5742028440769278,0.5729499467518637,responsive
Hearing impaired,0.6838739451476793,0.54417194092827,responsive
Hepatic enzyme increased,0.5542030973198468,0.5417452425852906,responsive
Hepatic failure,0.5635883084577115,0.5495180348258707,responsive
Hepatic function abnormal,0.5730811403508772,0.5081688596491228,responsive
Hepatic necrosis,0.5343650432407828,0.541647701411015,responsive
Hepatitis,0.5676992690567352,0.5150460399329178,responsive
Hepatobiliary disease,0.6083268833849329,0.5439886480908154,responsive
Hepatocellular injury,0.5034394904458598,0.5719108280254777,responsive
Hepatomegaly,0.5208333333333334,0.50570987654321,responsive
Hepatotoxicity,0.6670741872742428,0.4906918588496804,responsive
Herpes simplex,0.5725216457480368,0.4415061413517686,responsive
Herpes zoster,0.5992220464135022,0.5438422995780591,responsive
Hiccups,0.5719846969595275,0.5240620175850728,responsive
Hirsutism,0.7208175917853338,0.6253995931415287,responsive
Hostility,0.6919174041297935,0.5100884955752212,responsive
Hot flush,0.5982929642445214,0.603367935409458,responsive
Hyperaesthesia,0.606551204819277,0.6414721385542168,responsive
Hyperbilirubinaemia,0.6813532201840105,0.5187725012857878,responsive
Hypercalcaemia,0.5272108843537415,0.676126700680272,responsive
Hypercholesterolaemia,0.5695182581861822,0.5401451511514943,responsive
Hyperglycaemia,0.6796432858857829,0.5240610529926256,responsive
Hyperhidrosis,0.5763869992441422,0.6087679516250946,responsive
Hyperkalaemia,0.47757733825979864,0.4436716655799464,responsive
Hyperkinesia,0.6886102403343782,0.5920585161964472,responsive
Hyperlipidaemia,0.5879883758475944,0.533984501130126,responsive
Hypersensitivity,0.4770543933054393,0.47906276150627614,responsive
Hypertension,0.5857077833409194,0.5540282203004097,responsive
Hypertonia,0.48483727810650884,0.483542899408284,responsive
Hypertriglyceridaemia,0.6040106951871658,0.6023172905525846,responsive
Hyperuricaemia,0.5824762658227849,0.5358649789029536,responsive
Hyperventilation,0.5313274336283185,0.5812389380530973,responsive
Hypoaesthesia,0.5838188559322034,0.5132746292372881,responsive
Hypocalcaemia,0.5273423894113548,0.5246255660048764,responsive
Hypoglycaemia,0.598445480790584,0.5357317343992894,responsive
Hypokalaemia,0.6358550039401103,0.5764775413711584,responsive
Hypokinesia,0.6314616755793226,0.45276292335115864,responsive
Hypomagnesaemia,0.7233231707317073,0.6222899728997291,responsive
Hyponatraemia,0.609024674958741,0.5740047498289257,responsive
Hypophosphataemia,0.7138428751331978,0.8002518647679938,responsive
Hypotension,0.6165074951644101,0.5889446324951644,responsive
Hypothyroidism,0.6349693251533743,0.6206813044882145,responsive
Ileus,0.6370259481037924,0.44401197604790416,responsive
Ill-defined disorder,0.5184133353912641,0.49331686988732837,responsive
Immune system disorder,0.5382774366241537,0.4998582900330657,responsive
Inappropriate antidiuretic hormone secretion,0.7894830659536541,0.6823529411764706,responsive
Increased appetite,0.6647568287808128,0.5991561181434599,responsive
Infection,0.6015881708652793,0.599640988195205,responsive
Infestation,0.6123514644351464,0.6376903765690377,responsive
Inflammation,0.5325684024713151,0.47007943512797884,responsive
Influenza,0.5617205215419502,0.48699688208616776,responsive
Influenza like illness,0.5172109443954104,0.4373639305678141,responsive
Injection site reaction,0.4917175239755885,0.5370531822144725,responsive
Injury,0.5781539888682745,0.49942022263450836,responsive
Insomnia,0.5613342111037963,0.49979623185679806,responsive
Interstitial lung disease,0.5842675159235668,0.6310191082802548,responsive
Intestinal obstruction,0.5555258467023173,0.3836898395721925,responsive
Irritability,0.5494270833333333,0.5564583333333333,responsive
Jaundice,0.6016461184121393,0.5470464706679312,responsive
Jaundice cholestatic,0.6282027187871955,0.5805299755685022,responsive
Joint swelling,0.5830678197542103,0.41067364588074645,responsive
Keratitis,0.5029867613819826,0.5638521149499516,responsive
Lacrimation increased,0.5921873951271897,0.6337338076380966,responsive
Laryngeal pain,0.5685340652244107,0.5840329350984823,responsive
Laryngitis,0.48543360433604327,0.4723915989159892,responsive
Lethargy,0.6251832111925382,0.6179880079946702,responsive
Leukocytoclastic vasculitis,0.49226217569412833,0.35616750113791534,responsive
Leukocytosis,0.6039342094387966,0.4752458880899248,responsive
Leukopenia,0.6800652804642165,0.5467541102514506,responsive
Libido decreased,0.5979917518379058,0.519723865877712,responsive
Libido increased,0.667524446731858,0.6768914050437468,responsive
Liver disorder,0.4943696786597089,0.38075620250846837,responsive
Liver function test abnormal,0.5454580328371951,0.411308884456038,responsive
Liver injury,0.5779829545454545,0.5178267045454545,responsive
Loss of consciousness,0.5905042706465242,0.544484634791331,responsive
Lung disorder,0.6033968090581575,0.5695316520844056,responsive
Lymphadenopathy,0.5483417194178434,0.5362765784775199,responsive
Lymphopenia,0.7569444444444444,0.6875,responsive
Malaise,0.5174413253566499,0.4636600705629698,responsive
Malnutrition,0.640081799591002,0.5563287855202514,responsive
Mania,0.687962962962963,0.5645833333333333,responsive
Mediastinal disorder,0.6090154715948813,0.5357913614395574,responsive
Melaena,0.5757139181888347,0.45304862361718556,responsive
Memory impairment,0.6346351084812624,0.6865483234714004,responsive
Menopausal symptoms,0.5834247076023391,0.6259137426900584,responsive
Menorrhagia,0.5561109903644135,0.46055205390132586,responsive
Menstrual disorder,0.5569881808413918,0.6161666253409372,responsive
Menstruation irregular,0.7544318512060447,0.6460331299040977,responsive
Mental disability,0.6240975550567252,0.44494327488927987,responsive
Mental disorder,0.6030663879041299,0.5644335363451807,responsive
Metrorrhagia,0.5952932098765433,0.635108024691358,responsive
Micturition urgency,0.6618835034013606,0.4433460884353742,responsive
Migraine,0.5441693157102225,0.5813535218336959,responsive
Mood swings,0.5292629593105518,0.5465849161771642,responsive
Mouth ulceration,0.5470519119846187,0.4219183935056612,responsive
Mucosal inflammation,0.8116765285996056,0.7923471400394477,responsive
Multiple fractures,0.5912737663479504,0.60655017034839,responsive
Muscle spasms,0.6131501774965272,0.5770952307454854,responsive
Muscle twitching,0.6401988636363636,0.5524857954545455,responsive
Muscular weakness,0.5495248765508942,0.5286941366861696,responsive
Musculoskeletal discomfort,0.6301961881665268,0.5312937226005038,responsive
Musculoskeletal pain,0.5339440635806588,0.535036097797731,responsive
Musculoskeletal stiffness,0.6704476810524196,0.47566950802067254,responsive
Myalgia,0.6003381336231621,0.5370286507864626,responsive
Mydriasis,0.8656913794528474,0.7092321679477642,responsive
Myocardial infarction,0.6236869280347541,0.5524338567816829,responsive
Myocardial ischaemia,0.6313918512441893,0.5633716160787531,responsive
Myoclonus,0.6410927056088347,0.6505860699409087,responsive
Myopathy,0.617595898562666,0.6370960358875767,responsive
Nail disorder,0.6089092140921409,0.7512703252032521,responsive
Nasal congestion,0.597118600463082,0.5063030614870081,responsive
Nasopharyngitis,0.5633550995024875,0.5261971393034827,responsive
Nausea,0.6303747534516766,0.5457199211045365,responsive
Neck pain,0.5453572233491097,0.572684246112238,responsive
Necrosis,0.5549743291678775,0.5275598178823985,responsive
Neoplasm,0.5842031686859273,0.545712954333644,responsive
Neoplasm malignant,0.6148298399819698,0.5818120351588912,responsive
Nephrolithiasis,0.5467455621301776,0.4832347140039448,responsive
Nervous system disorder,0.6719555486957863,0.5999382620774811,responsive
Nervousness,0.6269814388294268,0.5780382062051213,responsive
Neuralgia,0.5449628672909267,0.4909589925734582,responsive
Neuritis,0.6606509099146719,0.5467794306426037,responsive
Neuropathy peripheral,0.6360427696460086,0.5751410083393889,responsive
Neutropenia,0.7440232240437159,0.5457650273224044,responsive
Night sweats,0.46585294972391744,0.6251089799476897,responsive
Nightmare,0.7368915617365156,0.6250078306082816,responsive
Nocturia,0.5318996415770608,0.4630227001194743,responsive
Nuchal rigidity,0.6455393718707327,0.5291306326809285,responsive
Nystagmus,0.5917653113741637,0.6055584148224394,responsive
Oedema,0.5863807942020233,0.600422769137853,responsive
Oedema peripheral,0.659024405929451,0.5627190584906268,responsive
Oesophagitis,0.6295504385964913,0.5629934210526316,responsive
Oliguria,0.5161319073083779,0.48680926916221035,responsive
Opportunistic infection,0.7253097345132744,0.47410029498525075,responsive
Oral candidiasis,0.6264705882352941,0.553475935828877,responsive
Oropharyngeal discomfort,0.4485339506172839,0.46342592592592596,responsive
Oropharyngeal pain,0.5618661257606491,0.5313838178949741,responsive
Orthostatic hypotension,0.6703352308665401,0.5806029938857263,responsive
Osteoarthritis,0.6874318370195873,0.6027134319242682,responsive
Otitis media,0.55188884064264,0.6115501519756839,responsive
Pain,0.569358242303873,0.6029357000993049,responsive
Pain in extremity,0.5714348034724949,0.5618374558303887,responsive
Pallor,0.562566844919786,0.6223707664884136,responsive
Palpitations,0.6436785220560512,0.5993150684931506,responsive
Pancreatitis,0.5822726791947255,0.46461939851214606,responsive
Pancytopenia,0.63960801521135,0.5275340061430452,responsive
Paraesthesia,0.6453125,0.5045343137254902,responsive
Paralysis,0.5335658238884045,0.5150634505473216,responsive
Paranoia,0.6681314657145473,0.5760322255790533,responsive
Parosmia,0.3977465986394558,0.5246598639455782,responsive
Pelvic pain,0.5633818843878016,0.49965862539827033,responsive
Peptic ulcer,0.5445187853834277,0.6020586721564591,responsive
Petechiae,0.682410309996517,0.49543712991988853,responsive
Pharyngitis,0.5263849960206235,0.563375895359701,responsive
Phlebitis,0.5468364197530864,0.37569444444444444,responsive
Photophobia,0.5311765890328211,0.5333243841868582,responsive
Photosensitivity reaction,0.6144327030033371,0.518075639599555,responsive
Platelet count decreased,0.5854723707664885,0.4892156862745098,responsive
Pleural effusion,0.5099431818181819,0.39502840909090914,responsive
Pneumonia,0.6371765343449397,0.5261143476493699,responsive
Pollakiuria,0.695554557700943,0.5371576111360575,responsive
Polyp,0.6370808678500985,0.5201577909270216,responsive
Polyuria,0.6323969237342448,0.5465712454603717,responsive
Priapism,0.6712825585229145,0.6873282778327289,responsive
Protein urine present,0.5888617427801792,0.5289732506421099,responsive
Proteinuria,0.6099363057324841,0.5389808917197452,responsive
Prurigo,0.6160714285714286,0.6025722789115646,responsive
Pruritus,0.5590986394557823,0.5976615646258504,responsive
Psoriasis,0.48728769943386513,0.5686052496139989,responsive
Psychotic disorder,0.6580840762025432,0.6280374677587222,responsive
Pulmonary embolism,0.6056003796867585,0.5638875705320888,responsive
Pulmonary oedema,0.5735528685361462,0.5570877283251866,responsive
Purpura,0.5523241840119214,0.4904581070037975,responsive
Rash,0.6062731910946196,0.4907815398886828,responsive
Rash erythematous,0.6312426035502959,0.5031163708086785,responsive
Rash generalised,0.580564406008193,0.5842057350933091,responsive
Rash maculo-papular,0.6404605263157895,0.5328947368421053,responsive
Rash pustular,0.6423965804535247,0.5980583931029487,responsive
Rectal haemorrhage,0.5868784936746102,0.47849367461017944,responsive
Renal failure,0.6507240017551557,0.4230291063331871,responsive
Renal failure acute,0.6638781997657688,0.46566003011544255,responsive
Renal impairment,0.49911463187325256,0.40931966449207824,responsive
Respiratory failure,0.5830592657225317,0.5511779314047923,responsive
Respiratory tract infection,0.5179331306990881,0.4090316977854972,responsive
Rhabdomyolysis,0.6578494026118366,0.5891636565712699,responsive
Rhinitis,0.5523224043715848,0.5863046448087431,responsive
Rhinorrhoea,0.46623687908091577,0.5615340110752954,responsive
Salivary hypersecretion,0.7143833743505605,0.5616625649439432,responsive
Scotoma,0.6067737733391229,0.5661311333043856,responsive
Seborrhoeic dermatitis,0.5144817073170732,0.5185467479674797,responsive
Sensory loss,0.6347271553115919,0.5427026154342912,responsive
Sepsis,0.6739368044515104,0.6369236883942766,responsive
Sexual dysfunction,0.6211209439528024,0.5343952802359881,responsive
Shock,0.5695099818511796,0.5349364791288567,responsive
Sinus congestion,0.5337949225189581,0.6379821958456973,responsive
Sinusitis,0.5199837420403739,0.6328410784446552,responsive
Skin discolouration,0.5000882612533097,0.5087967049132098,responsive
Skin disorder,0.6414641744548286,0.5918068535825545,responsive
Skin exfoliation,0.6182566049675684,0.6317565786004323,responsive
Skin hyperpigmentation,0.5896541702993315,0.5294972391746585,responsive
Skin ulcer,0.540333606781515,0.49330051955154497,responsive
Sleep disorder,0.6149215333161822,0.5714947260097762,responsive
Somnolence,0.7344870738332875,0.6371211427524952,responsive
Speech disorder,0.5671675602204939,0.5073623801253493,responsive
Stevens-Johnson syndrome,0.5355170639684446,0.44510375578802946,responsive
Stomatitis,0.6477805591792124,0.5146141099319537,responsive
Stupor,0.5982035928143712,0.47125748502994014,responsive
Sudden death,0.6424778761061947,0.5544542772861357,responsive
Suicidal ideation,0.6549301595173155,0.5921977022894455,responsive
Suicide attempt,0.6899447278911565,0.6386054421768708,responsive
Swelling,0.5698734922035893,0.5093851132686085,responsive
Syncope,0.5862132352941176,0.5094362745098039,responsive
Systemic lupus erythematosus,0.639736003641329,0.6511151570323168,responsive
Tachycardia,0.7095547309833025,0.5796536796536796,responsive
Tenderness,0.5746880570409981,0.5517825311942959,responsive
Tension,0.6909499030711151,0.5949052817739686,responsive
Thinking abnormal,0.7082232122630824,0.5236728837876614,responsive
Thirst,0.6426511429181798,0.5359965819269387,responsive
Thrombocytopenia,0.6751531862745099,0.5355392156862745,responsive
Thrombocytosis,0.5419855442176871,0.4203869047619047,responsive
Thrombophlebitis,0.5580994720755765,0.4690191719922202,responsive
Thrombosis,0.5958672086720868,0.536839430894309,responsive
Tinnitus,0.6042416966786714,0.5671268507402961,responsive
Tongue disorder,0.6535356796900226,0.5777365192121409,responsive
Tongue oedema,0.7064333504889346,0.5855892949047864,responsive
Tooth disorder,0.4900668314565595,0.5087430193170375,responsive
Toothache,0.5058882235528942,0.5367265469061876,responsive
Torsade de pointes,0.7268559597752144,0.6085477669328601,responsive
Toxic epidermal necrolysis,0.5723798266351457,0.5614657210401891,responsive
Transaminases increased,0.40879141566265065,0.5203313253012047,responsive
Transient ischaemic attack,0.588622754491018,0.5000998003992015,responsive
Tremor,0.646008502598016,0.5475673122342938,responsive
Tubulointerstitial nephritis,0.6656862745098039,0.5278074866310161,responsive
Ulcer,0.5972715531159186,0.4741685502098806,responsive
Upper respiratory tract infection,0.5396034464860375,0.5330980310737395,responsive
Urethral disorder,0.6446903921381547,0.5710969055115606,responsive
Urinary incontinence,0.6200109649122807,0.496765350877193,responsive
Urinary retention,0.7449793795947641,0.6028330643715258,responsive
Urinary tract disorder,0.6446903921381547,0.5710969055115606,responsive
Urinary tract infection,0.5435087719298246,0.5368771929824562,responsive
Urine output increased,0.5751070543159793,0.5442866801893171,responsive
Urticaria,0.5685713366989291,0.515772211325123,responsive
Vaginal discharge,0.6167091836734693,0.6284013605442177,responsive
Vaginal haemorrhage,0.5504702194357367,0.5977708115639151,responsive
Vaginal infection,0.6011339662447258,0.6372626582278482,responsive
Vaginal inflammation,0.6529119318181817,0.5803977272727272,responsive
Vascular purpura,0.5881126703274354,0.5011185682326622,responsive
Vasculitis,0.5243737488502949,0.49331818427744406,responsive
Vasodilation procedure,0.5945121951219513,0.6375338753387534,responsive
Ventricular arrhythmia,0.5930242168774279,0.5260765352508472,responsive
Ventricular extrasystoles,0.5172747820471424,0.495398773006135,responsive
Ventricular fibrillation,0.5984078590785908,0.5398882113821138,responsive
Ventricular tachycardia,0.5555116033755275,0.5404799578059072,responsive
Vertigo,0.643373642265916,0.5230007077140835,responsive
Viral infection,0.5455255681818182,0.5087357954545455,responsive
Vision blurred,0.5896489122742239,0.5288162712698852,responsive
Visual acuity reduced,0.6236559139784946,0.5289160127869805,responsive
Visual impairment,0.5724798387096774,0.5903225806451613,responsive
Vomiting,0.7242578849721708,0.5714285714285715,responsive
Weight decreased,0.5778597295591216,0.6422140270440878,responsive
Weight increased,0.6491854572662653,0.5783423460191137,responsive
Wheezing,0.5130878438331854,0.4752292221236321,responsive
White blood cell count decreased,0.6329266952412353,0.48675678646005055,responsive
