se,n_pos,prev,struct,expr,blend,expr_minus_struct,blend_gain
Abdominal discomfort,129,0.24157303370786518,0.5390372284429132,0.549047755766102,0.5532969662168628,0.010010527323188745,0.01425973777394951
Abdominal distension,140,0.26217228464419473,0.5288433647570703,0.43063814358230607,0.4387055837563452,-0.09820522117476421,-0.09013778100072506
Abdominal pain,353,0.6610486891385767,0.611052853990265,0.4898502183337768,0.5145790618690622,-0.1212026356564882,-0.09647379212120277
Abdominal pain upper,131,0.24531835205992508,0.5366052317542098,0.5575928626901293,0.559979542742409,0.020987630935919488,0.0233743109881992
Abnormal dreams,93,0.17415730337078653,0.6219247555653085,0.5178114256455271,0.5516787360105333,-0.1041133299197814,-0.07024601955477516
Abscess,39,0.07303370786516854,0.5033929033929034,0.49427609427609426,0.519036519036519,-0.009116809116809177,0.015643615643615605
Accommodation disorder,43,0.08052434456928839,0.763842182541562,0.6705821058115853,0.7511012172595083,-0.09326007672997672,-0.012740965282053707
Acne,68,0.12734082397003746,0.6332365564251451,0.6274930573087603,0.6568732643271901,-0.0057434991163848315,0.023636707902044973
Acute coronary syndrome,166,0.31086142322097376,0.5958125982189628,0.4606796752226296,0.48497249869041387,-0.13513292299633323,-0.11084009952854895
Affect lability,106,0.19850187265917604,0.5244225004408394,0.5179642038441192,0.5179862458120261,-0.006458296596720148,-0.006436254628813254
Ageusia,69,0.12921348314606743,0.5592021193704222,0.5081813931743806,0.5423718248402681,-0.05102072619604159,-0.016830294530154055
Aggression,63,0.11797752808988764,0.6362349610757255,0.6101843426684191,0.6501870387220705,-0.02605061840730638,0.013952077646344985
Agitation,200,0.37453183520599254,0.6649775449101797,0.5919311377245509,0.6230389221556887,-0.07304640718562883,-0.041938622754491006
Agranulocytosis,170,0.31835205992509363,0.6904169360051714,0.5982223658694248,0.6466548157724629,-0.09219457013574661,-0.043762120232708535
Akathisia,43,0.08052434456928839,0.7977549377160991,0.7516695874579643,0.827357552219012,-0.04608535025813476,0.029602614502912905
Alanine aminotransferase increased,143,0.26779026217228463,0.6722944574606979,0.5386403877452471,0.5795789887861499,-0.1336540697154508,-0.09271546867454805
Albuminuria,54,0.10112359550561797,0.6331018518518519,0.5108024691358024,0.5753858024691357,-0.12229938271604945,-0.05771604938271613
Alopecia,217,0.40636704119850187,0.5545217985433718,0.49310209481167044,0.5049063076945441,-0.06141970373170136,-0.04961549084882766
Altered state of consciousness,34,0.06367041198501873,0.6040588235294118,0.4056470588235294,0.5628823529411764,-0.19841176470588234,-0.04117647058823537
Amblyopia,53,0.09925093632958802,0.5457576589652061,0.5262621111677716,0.5547012905503471,-0.019495547797434565,0.008943631585140999
Amenorrhoea,65,0.12172284644194757,0.6880268984746596,0.6890929965556831,0.7121207151057897,0.0010660980810235365,0.024093816631130083
Amnesia,103,0.19288389513108614,0.5817809114049513,0.46009506003198697,0.5102381006014461,-0.12168585137296428,-0.07154281080350511
Amylase increased,36,0.06741573033707865,0.6662204373047746,0.5900825524319501,0.6597501115573405,-0.07613788487282458,-0.006470325747434114
Anaemia,236,0.4419475655430712,0.6222557160732567,0.5131668752132863,0.5390029575702422,-0.10908884085997039,-0.0832527585030145
Anaphylactic shock,233,0.4363295880149813,0.5643420358461779,0.5037428885118276,0.5159910455848175,-0.060599147334350345,-0.04835099026136047
Anaphylactoid reaction,84,0.15730337078651685,0.583968253968254,0.5765873015873016,0.5906349206349206,-0.007380952380952377,0.006666666666666599
Angina pectoris,152,0.2846441947565543,0.6358156516946818,0.5487220997519977,0.5897113529898044,-0.08709355194268409,-0.04610429870487742
Angioedema,236,0.4419475655430712,0.5571465134796951,0.44333693550221814,0.45654646797861453,-0.11380957797747698,-0.10060004550108059
Angiopathy,209,0.3913857677902622,0.5366801619433199,0.5833934486566065,0.5836142804563857,0.04671328671328656,0.04693411851306584
Anorectal discomfort,34,0.06367041198501873,0.5409411764705883,0.4945294117647059,0.5701176470588235,-0.046411764705882375,0.029176470588235248
Anorectal disorder,30,0.056179775280898875,0.4851851851851852,0.5029761904761905,0.49933862433862436,0.017791005291005246,0.01415343915343914
Anxiety,250,0.4681647940074906,0.5732112676056338,0.5458732394366197,0.5550985915492956,-0.027338028169014095,-0.01811267605633815
Apathy,45,0.08426966292134831,0.586821177005226,0.4863440127243808,0.5326062258577595,-0.10047716428084513,-0.05421495114746644
Aphasia,47,0.08801498127340825,0.588317532439163,0.5535846913364498,0.5498711171304994,-0.03473284110271313,-0.03844641530866355
Aphthous stomatitis,39,0.07303370786516854,0.618026418026418,0.4306656306656307,0.5681947681947682,-0.18736078736078732,-0.04983164983164978
Aplastic anaemia,88,0.1647940074906367,0.6894873624133714,0.5954443538524257,0.662020994700367,-0.09404300856094572,-0.02746636771300437
Apnoea,50,0.09363295880149813,0.5498347107438017,0.5021900826446282,0.5455785123966943,-0.04764462809917358,-0.004256198347107443
Arrhythmia,183,0.34269662921348315,0.5502000529322935,0.5595099092366852,0.5704544393068982,0.00930985630439174,0.02025438637460475
Arrhythmia supraventricular,25,0.04681647940074907,0.5425540275049116,0.4361493123772103,0.5403536345776031,-0.10640471512770128,-0.0022003929273084477
Arthralgia,274,0.5131086142322098,0.6137282425603594,0.5341942728804042,0.5548568220101067,-0.07953396967995519,-0.05887142055025274
Arthritis,114,0.21348314606741572,0.5746449456975773,0.4643692564745196,0.47959482038429413,-0.1102756892230577,-0.09505012531328316
Arthropathy,67,0.1254681647940075,0.5605803956662085,0.5471891079932245,0.5616989996484387,-0.013391287672984031,0.0011186039822301819
Aspartate aminotransferase increased,135,0.25280898876404495,0.6655713357467743,0.5417061171447137,0.5922769887682169,-0.12386521860206057,-0.07329434697855741
Asthenia,399,0.7471910112359551,0.6631021999443052,0.4980042699340945,0.5537733221943748,-0.16509793001021067,-0.10932887774993039
Asthma,122,0.22846441947565543,0.5623706827948431,0.511658443418749,0.517348400445647,-0.05071223937609415,-0.04502228234919614
Ataxia,113,0.21161048689138576,0.6413091459441279,0.5459609442330734,0.5691884051878167,-0.09534820171105451,-0.07212074075631125
Atrial fibrillation,111,0.20786516853932585,0.5975762997039593,0.5188379869230934,0.542308265712521,-0.07873831278086596,-0.055268033991438315
Atrial flutter,27,0.05056179775280899,0.47118124041200965,0.2827817956023084,0.42260208926875603,-0.18839944480970128,-0.04857915114325362
Atrioventricular block,84,0.15730337078651685,0.6694179894179894,0.5948941798941798,0.6356878306878307,-0.07452380952380955,-0.03373015873015861
Azotaemia,25,0.04681647940074907,0.4906876227897839,0.6129666011787819,0.5402750491159136,0.12227897838899798,0.049587426326129724
Back pain,224,0.41947565543071164,0.6282834101382488,0.5491071428571429,0.582402073732719,-0.07917626728110594,-0.04588133640552983
Bacterial infection,25,0.04681647940074907,0.7981925343811395,0.5690373280943025,0.780589390962672,-0.22915520628683694,-0.01760314341846747
Balance disorder,35,0.06554307116104868,0.6270254795304895,0.3593472659604924,0.530604065273404,-0.2676782135699971,-0.0964214142570855
Bladder pain,96,0.1797752808988764,0.5746765601217656,0.536767503805175,0.5588850837138508,-0.037909056316590584,-0.015791476407914784
Blepharitis,44,0.08239700374531835,0.5532467532467532,0.4508812615955473,0.48752319109461967,-0.1023654916512059,-0.06572356215213354
Blindness,31,0.05805243445692884,0.5802603732444045,0.36195728852690306,0.472647983069326,-0.21830308471750143,-0.10761239017507851
Blister,52,0.09737827715355805,0.3688557293329078,0.43628311522502394,0.40799553143951484,0.06742738589211617,0.03913980210660706
Blood alkaline phosphatase increased,96,0.1797752808988764,0.6580336757990869,0.4798087899543379,0.5241390791476408,-0.178224885844749,-0.1338945966514461
Blood bilirubin increased,78,0.14606741573033707,0.7347756410256411,0.6489541160593792,0.7161493477282951,-0.08582152496626183,-0.018626293297345997
Blood cholesterol increased,31,0.05805243445692884,0.5432565894952863,0.47893285448598727,0.5036234207657282,-0.06432373500929905,-0.03963316872955813
Blood creatine phosphokinase increased,58,0.10861423220973783,0.6172124022022603,0.5065198493190379,0.5619385685308607,-0.11069255288322233,-0.0552738336713996
Blood creatinine increased,130,0.24344569288389514,0.6625095201827875,0.5578065498857578,0.603998476770754,-0.10470297029702968,-0.0585110434120335
Blood disorder,72,0.1348314606741573,0.4908910533910534,0.5008718133718133,0.49681337181337176,0.009980759980759923,0.0059223184223183845
Blood glucose increased,42,0.07865168539325842,0.5085656213704994,0.5984320557491289,0.5549748354626404,0.08986643437862951,0.04640921409214094
Blood lactate dehydrogenase increased,38,0.07116104868913857,0.634125636672326,0.5057831069609507,0.6312075551782682,-0.12834252971137527,-0.0029180814940578115
Blood potassium decreased,27,0.05056179775280899,0.6934034626342318,0.5587698151800716,0.7023157279567536,-0.13463364745416018,0.008912265322521762
Blood pressure increased,72,0.1348314606741573,0.6266534391534393,0.5528799903799904,0.6072029822029822,-0.07377344877344894,-0.019450456950457107
Blood triglycerides increased,58,0.10861423220973783,0.5257896261953058,0.5985221674876847,0.5923645320197044,0.07273254129237894,0.06657490582439862
Blood urea increased,83,0.15543071161048688,0.6518312718724121,0.5251516041995031,0.578420110597601,-0.12667966767290895,-0.07341116127481107
Blood uric acid increased,78,0.14606741573033707,0.6020017993702204,0.47860436347278457,0.5082658569500675,-0.12339743589743579,-0.09373594242015282
Body temperature decreased,27,0.05056179775280899,0.7098400175323253,0.4163927240850317,0.6506684198991891,-0.2934472934472936,-0.059171597633136175
Body temperature increased,321,0.601123595505618,0.6594854694104397,0.5479502142658652,0.5819402395682506,-0.11153525514457452,-0.07754522984218915
Bone disorder,65,0.12172284644194757,0.5755617516811546,0.5119567000164015,0.555683122847302,-0.06360505166475316,-0.019878628833852607
Bone pain,69,0.12921348314606743,0.563378525790868,0.5258532024310426,0.5315256350319464,-0.03752532335982539,-0.031852890758921615
Bradycardia,163,0.3052434456928839,0.6185405056802209,0.5646982951069072,0.5762737089279513,-0.05384221057331373,-0.04226679675226963
Breast disorder,150,0.2808988764044944,0.5828993055555556,0.5318229166666667,0.5569965277777778,-0.05107638888888888,-0.02590277777777783
Breast enlargement,52,0.09737827715355805,0.6964171720395788,0.5617219917012448,0.6444302585381424,-0.13469518033833394,-0.05198691350143636
Breast feeding,25,0.04681647940074907,0.5038113948919449,0.48031434184675836,0.4686836935166995,-0.023497053045186567,-0.03512770137524546
Breast pain,69,0.12921348314606743,0.6022128720585944,0.5258843696431355,0.5522829982858033,-0.07632850241545897,-0.04992987377279112
Breath odour,26,0.04868913857677903,0.48758328285887337,0.49030890369473046,0.46827680193821924,0.00272562083585709,-0.019306480920654123
Bronchitis,149,0.27902621722846443,0.5289113570992765,0.4838141724047765,0.4934367645777042,-0.045097184694500025,-0.03547459252157231
Bronchospasm,114,0.21348314606741572,0.5093567251461989,0.5623224728487886,0.5766081871345029,0.05296574770258966,0.067251461988304
Bundle branch block,36,0.06741573033707865,0.6770414993306559,0.5276104417670683,0.6384426595269969,-0.14943105756358765,-0.03859883980365908
Burning sensation,40,0.0749063670411985,0.5961538461538461,0.3517206477732794,0.4859817813765182,-0.24443319838056676,-0.11017206477732794
Bursitis,41,0.07677902621722846,0.529955968930886,0.4912679958442587,0.45045267896898034,-0.03868797308662736,-0.0795032899619057
Candida infection,71,0.13295880149812733,0.6703677790283821,0.5133392145529766,0.6030176740790314,-0.15702856447540547,-0.06735010494935068
Cardiac arrest,105,0.19662921348314608,0.5553113553113553,0.5311133311133311,0.5413475413475413,-0.024198024198024193,-0.013963813963814076
Cardiac disorder,213,0.398876404494382,0.5926608456554489,0.4993930352624574,0.5213753967209279,-0.09326781039299148,-0.07128544893452093
Cardiac failure,115,0.2153558052434457,0.5429905572273529,0.47805333610044615,0.48218325204939294,-0.06493722112690675,-0.06080730517795996
Cardiac failure congestive,101,0.1891385767790262,0.6355383806279011,0.5384263599570118,0.6077561566780235,-0.09711202067088931,-0.027782223949877616
Cardiomyopathy,36,0.06741573033707865,0.6420124944221329,0.3941878625613565,0.6212070504239179,-0.2478246318607764,-0.020805443998215045
Cardiovascular disorder,59,0.1104868913857678,0.5349152542372881,0.4630865298840321,0.49116859946476354,-0.07182872435325605,-0.043746654772524596
Cataract,75,0.1404494382022472,0.5936092955700799,0.5165722585330429,0.5305446623093683,-0.07703703703703701,-0.06306463326071166
Cellulitis,66,0.12359550561797752,0.6427738927738927,0.4441530691530692,0.5486920486920487,-0.19862082362082356,-0.09408184408184406
Cerebral haemorrhage,42,0.07865168539325842,0.5269066976384049,0.5459252806813782,0.5435540069686411,0.019018583042973325,0.01664730933023617
Cerebral ischaemia,37,0.06928838951310862,0.6138452335635435,0.43400946217847625,0.5231388329979879,-0.17983577138506723,-0.09070640056555557
Cerebrovascular accident,122,0.22846441947565543,0.6583041540665289,0.5643402833041541,0.5965303199108705,-0.09396387076237478,-0.0617738341556584
Cerebrovascular disorder,28,0.052434456928838954,0.4680265386787126,0.48334274421230944,0.45108695652173914,0.01531620553359686,-0.016939582156973443
Cheilitis,28,0.052434456928838954,0.661420101637493,0.5044466403162056,0.6180124223602484,-0.15697346132128742,-0.04340767927724454
Chest discomfort,49,0.09176029962546817,0.5553124342520513,0.5357037660424995,0.5287187039764358,-0.01960866820955187,-0.026593730275615513
Chest pain,243,0.4550561797752809,0.5845601233153734,0.5273570630577121,0.544369493586752,-0.05720306025766131,-0.04019062972862142
Chills,196,0.36704119850187267,0.6046069315300084,0.552348750150948,0.5761381475667191,-0.052258181379060464,-0.028468783963289335
Cholecystitis,40,0.0749063670411985,0.41310728744939273,0.4858299595141701,0.4229757085020243,0.07272267206477734,0.009868421052631582
Cholelithiasis,45,0.08426966292134831,0.6200863440127243,0.5549193365144285,0.5522835719154737,-0.06516700749829585,-0.06780277209725061
Cholestasis,54,0.10112359550561797,0.5823688271604938,0.5304783950617284,0.5673996913580248,-0.051890432098765316,-0.014969135802468947
Coagulopathy,41,0.07677902621722846,0.5697323504675209,0.5431158165537031,0.5819027358630583,-0.026616533913817797,0.012170385395537386
Cognitive disorder,28,0.052434456928838954,0.641304347826087,0.5982495765104461,0.629305477131564,-0.04305477131564095,-0.01199887069452299
Colitis,78,0.14606741573033707,0.5257816014394961,0.4719410706252811,0.4731781376518218,-0.053840530814215026,-0.05260346378767433
Coma,71,0.13295880149812733,0.5444589784929882,0.4545979983573145,0.4761050101907341,-0.08986098013567367,-0.0683539683022541
Completed suicide,46,0.08614232209737828,0.6801496792587314,0.527931218816821,0.6378296507483964,-0.15221846044191034,-0.042320028510335006
Confusional state,240,0.449438202247191,0.5813066893424036,0.5640022675736962,0.5755243764172335,-0.01730442176870739,-0.005782312925170063
Conjunctival hyperaemia,27,0.05056179775280899,0.6028197823069618,0.5679742859230039,0.6278033457520636,-0.03484549638395784,0.024983563445101886
Conjunctivitis,155,0.2902621722846442,0.5736658439016087,0.5237552132096348,0.5246063494765512,-0.04991063069197388,-0.049059494425057526
Connective tissue disorder,203,0.3801498127340824,0.5453693093030524,0.5183575670084681,0.5259476433557067,-0.02701174229458425,-0.019421665947345734
Constipation,326,0.6104868913857678,0.651648773006135,0.52886090136857,0.565965667767815,-0.122787871637565,-0.08568310523832001
Contusion,67,0.1254681647940075,0.5278532391575314,0.4800728690594138,0.5056729201955958,-0.04778037009811753,-0.022180318961935508
Convulsion,211,0.3951310861423221,0.6047716168033689,0.5025457426672341,0.5217378545331828,-0.10222587413613482,-0.0830337622701861
Coordination abnormal,83,0.15543071161048688,0.6580290118344776,0.5059172387999893,0.5905751609542382,-0.1521117730344883,-0.06745385088023936
Coronary artery disease,31,0.05805243445692884,0.5782081703328417,0.5451163983838903,0.5544154428269095,-0.03309177194895141,-0.0237927275059322
Cough,256,0.4794007490636704,0.5451747976618705,0.5357323516187051,0.543263826438849,-0.009442446043165353,-0.0019109712230215292
Cyanosis,34,0.06367041198501873,0.6254705882352941,0.5611176470588235,0.6230000000000001,-0.06435294117647061,-0.0024705882352940023
Cyst,53,0.09925093632958802,0.6913662574039933,0.5656846977601695,0.6805005295571334,-0.12568155964382377,-0.010865727846859907
Cystitis,90,0.16853932584269662,0.49697197197197196,0.4976726726726727,0.4871121121121121,0.0007007007007007182,-0.009859859859859876
Cystitis noninfective,88,0.1647940074906367,0.5745006114961272,0.5047136159804322,0.5323328577252344,-0.069786995515695,-0.04216775377089277
Deafness,105,0.19662921348314608,0.5823287823287824,0.5065601065601065,0.5364635364635365,-0.07576867576867585,-0.045865245865245874
Decreased appetite,311,0.5823970037453183,0.6352428878347007,0.5264516315083703,0.55792827995905,-0.10879125632633047,-0.0773146078756507
Deep vein thrombosis,47,0.08801498127340825,0.6860063786098125,0.5898903403381537,0.662152125475119,-0.09611603827165882,-0.02385425313469347
Dehydration,124,0.23220973782771537,0.6073957513768686,0.47940597954366637,0.5217545239968528,-0.12798977183320226,-0.08564122738001578
Delirium,61,0.11423220973782772,0.6290507052992755,0.5001906214258482,0.5840987072401483,-0.1288600838734273,-0.044951998059127196
Delusion,56,0.10486891385767791,0.7404736999402272,0.5627615062761506,0.6761431560071727,-0.17771219366407653,-0.06433054393305448
Dementia,27,0.05056179775280899,0.5543867338739134,0.4294689166484038,0.49506903353057197,-0.12491781722550954,-0.059317700343341384
Depersonalisation,56,0.10486891385767791,0.6528317393903168,0.48206814106395696,0.6020248057381948,-0.17076359832635984,-0.050806933652121966
Depressed level of consciousness,72,0.1348314606741573,0.5963804713804713,0.5048100048100048,0.5361652236652237,-0.09157046657046652,-0.060215247715247666
Depressed mood,30,0.056179775280898875,0.38756613756613756,0.5146164021164021,0.40634920634920635,0.12705026455026458,0.01878306878306879
Depression,159,0.29775280898876405,0.49225995807127876,0.5036142557651991,0.4959664570230608,0.011354297693920379,0.0037064989517820446
Dermatitis,445,0.8333333333333334,0.5922989521525059,0.5381643731852039,0.5628582249715945,-0.054134578967302005,-0.029440727180911397
Dermatitis atopic,48,0.0898876404494382,0.46977880658436216,0.49189814814814814,0.4621484910836763,0.022119341563785977,-0.00763031550068588
Dermatitis bullous,116,0.21722846441947566,0.44340867843590165,0.49791701039432434,0.48197492163009403,0.054508331958422696,0.038566243194192384
Dermatitis contact,75,0.1404494382022472,0.6232970225127087,0.5422222222222222,0.6049382716049383,-0.08107480029048653,-0.018358750907770394
Dermatitis exfoliative,111,0.20786516853932585,0.565459076097374,0.5572380891529828,0.5705066768896556,-0.008220986944391218,0.005047600792281615
Diabetes mellitus,110,0.20599250936329588,0.6168739279588337,0.5173027444253859,0.5517581475128644,-0.09957118353344774,-0.06511578044596922
Diarrhoea,410,0.7677902621722846,0.6845397324940992,0.5179189614476789,0.5690991345397325,-0.16662077104642026,-0.11544059795436667
Diplopia,107,0.20037453183520598,0.6519731226334566,0.5852393355074526,0.6256867079603405,-0.06673378712600408,-0.0262864146731161
Discomfort,253,0.4737827715355805,0.511597484984457,0.47300015472690704,0.4768120630723138,-0.03859733025754997,-0.03478542191214323
Disorientation,86,0.16104868913857678,0.6010433970099668,0.5298224667774086,0.5468230897009967,-0.07122093023255816,-0.054220307308970095
Disturbance in attention,71,0.13295880149812733,0.46448453137833473,0.5206704590393332,0.49648647826483744,0.05618592766099845,0.03200194688650271
Disturbance in sexual arousal,120,0.2247191011235955,0.6257648953301127,0.5313204508856683,0.5503019323671497,-0.09444444444444444,-0.07546296296296295
Dizziness,440,0.8239700374531835,0.6552707930367505,0.5153288201160542,0.5750725338491296,-0.13994197292069632,-0.08019825918762091
Dizziness postural,27,0.05056179775280899,0.6707575425524143,0.5273577324859375,0.639418511213383,-0.14339981006647673,-0.031339031339031265
Drug eruption,43,0.08052434456928839,0.4723156349168759,0.4871879884431393,0.49239804859565195,0.014872353526263427,0.020082413678776057
Drug interaction,73,0.13670411985018727,0.5547202329658575,0.5194782040234154,0.546875464297388,-0.035242028942442105,-0.007844768668469504
Drug withdrawal syndrome,29,0.054307116104868915,0.7515875725503585,0.7222260157050189,0.8149539091840219,-0.029361556845339587,0.06336633663366342
Dry eye,89,0.16666666666666666,0.5668476202499685,0.567201110970837,0.5817952278752683,0.0003534907208685434,0.014947607625299786
Dry mouth,267,0.5,0.6700192175510948,0.5459748348272525,0.5857425409249674,-0.12404438272384233,-0.08427667662612748
Dry skin,135,0.25280898876404495,0.623893065998329,0.5597141000649772,0.5761811937250534,-0.06417896593335182,-0.04771187227327567
Dysaesthesia,31,0.05805243445692884,0.6080292438914898,0.5900083370743282,0.6339383056499711,-0.01802090681716162,0.02590906175848129
Dysarthria,70,0.13108614232209737,0.6131465517241379,0.4772783251231527,0.5455357142857142,-0.1358682266009852,-0.06761083743842367
Dysgeusia,223,0.41760299625468167,0.5674736493014001,0.45595720444681553,0.46975617493114935,-0.11151644485458456,-0.09771747437025075
Dyskinesia,74,0.13857677902621723,0.7027614571092831,0.6217685076380728,0.682256169212691,-0.08099294947121027,-0.020505287896592006
Dysmenorrhoea,68,0.12734082397003746,0.6467748043423378,0.5017987881848018,0.5679752587730371,-0.14497601615753597,-0.07879954556930069
Dyspepsia,327,0.6123595505617978,0.6583492147911773,0.5295099646914565,0.5650401099144617,-0.12883925009972075,-0.09330910487671551
Dysphagia,133,0.24906367041198502,0.6556728479552997,0.5040781504884405,0.5588472427952674,-0.15159469746685916,-0.09682560516003225
Dysphonia,58,0.10861423220973783,0.5680599826137351,0.5090915676615474,0.5715372355838888,-0.05896841495218774,0.003477252970153666
Dyspnoea,293,0.548689138576779,0.6183705549969551,0.5430586435925396,0.57265659297863,-0.07531191140441551,-0.045713962018325116
Dysuria,145,0.27153558052434457,0.5673610495523447,0.6092899565641344,0.6183848949561209,0.04192890701178975,0.05102384540377625
Ear disorder,30,0.056179775280898875,0.45998677248677244,0.5106481481481481,0.4397486772486772,0.05066137566137563,-0.02023809523809522
Ear infection,30,0.056179775280898875,0.5621693121693122,0.5735449735449736,0.6122354497354496,0.011375661375661372,0.050066137566137425
Ear pain,86,0.16104868913857678,0.567094061461794,0.5138860049833887,0.5456291528239202,-0.05320805647840532,-0.02146490863787376
Ecchymosis,91,0.1704119850187266,0.6283829037779376,0.4694763475801851,0.5211470245330291,-0.1589065561977525,-0.10723587924490852
Eczema,103,0.19288389513108614,0.46460027481810195,0.4602752686234316,0.43799698150609334,-0.0043250061946703555,-0.026603293312008613
Ejaculation disorder,31,0.05805243445692884,0.8202398512152889,0.5426794074264092,0.7659847367408453,-0.2775604437888797,-0.05425511447444353
Electrocardiogram QT prolonged,53,0.09925093632958802,0.7032910995175147,0.6620248695720393,0.7009767387125878,-0.04126622994547535,-0.0023143608049268627
Electrocardiogram abnormal,47,0.08801498127340825,0.5315653807505789,0.5981475818078553,0.5917689719952816,0.06658220105727641,0.06020359124470265
Embolism,51,0.09550561797752809,0.6445012787723785,0.5542564852027767,0.6207120529371168,-0.0902447935696018,-0.023789225835261663
Embolism venous,36,0.06741573033707865,0.8152052655064703,0.5765283355644801,0.7738732708612226,-0.2386769299419902,-0.04133199464524773
Encephalopathy,35,0.06554307116104868,0.5598053249355854,0.5115373604351561,0.5261379902662467,-0.04826796450042936,-0.03366733466933869
Endocrine disorder,66,0.12359550561797752,0.522015022015022,0.49135586635586637,0.512950012950013,-0.030659155659155668,-0.009065009065009066
Endophthalmitis,29,0.054307116104868915,0.6218504609081598,0.5193581427108228,0.5691362239672243,-0.10249231819733695,-0.052714236940935466
Eosinophilia,139,0.2602996254681648,0.5981604589745925,0.4576450232219288,0.4988434568800656,-0.14051543575266368,-0.09931700209452687
Epigastric discomfort,33,0.06179775280898876,0.6346095687413053,0.6034597471723221,0.67053771245388,-0.03114982156898316,0.0359281437125748
Epistaxis,173,0.32397003745318353,0.6135974252637983,0.5474036475429523,0.5723824315885546,-0.066193777720846,-0.04121499367524373
Erectile dysfunction,175,0.32771535580524347,0.6913808197373659,0.5029048945483486,0.5548109828889773,-0.18847592518901723,-0.13656983684838853
Eructation,84,0.15730337078651685,0.5465873015873015,0.5401322751322752,0.5492857142857143,-0.006455026455026269,0.0026984126984127554
Erythema,204,0.38202247191011235,0.5345068330362448,0.49907902554961375,0.5077837195484254,-0.03542780748663105,-0.026723113487819417
Erythema multiforme,201,0.37640449438202245,0.5412576755860337,0.5192655341909073,0.5287526332302452,-0.021992141395126397,-0.01250504235578842
Erythema nodosum,27,0.05056179775280899,0.5629337424209219,0.6085177880049675,0.5560669150412739,0.04558404558404561,-0.006866827379647944
Euphoric mood,80,0.149812734082397,0.6238160792951541,0.5414922907488986,0.603248898678414,-0.08232378854625555,-0.02056718061674012
Extrapyramidal disorder,69,0.12921348314606743,0.8294841826398628,0.6574411718871747,0.7883434626772636,-0.17204301075268813,-0.04114071996259916
Extrasystoles,51,0.09550561797752809,0.46072341980270365,0.5342832785288028,0.49255064344578414,0.0735598587260991,0.03182722364308049
Extravasation,32,0.0599250936329588,0.563558266932271,0.5892056772908366,0.5948082669322708,0.02564741035856566,0.03124999999999989
Eye disorder,209,0.3913857677902622,0.5833640044166359,0.5292013249907986,0.539815973500184,-0.0541626794258373,-0.043548030916451985
Eye haemorrhage,36,0.06741573033707865,0.5345269968763945,0.4245872378402498,0.4793061133422579,-0.10993975903614467,-0.05522088353413657
Eye irritation,67,0.1254681647940075,0.5505449199399151,0.6061555179136437,0.6235098596951004,0.05561059797372869,0.07296493975518537
Eye pain,110,0.20599250936329588,0.5408876500857632,0.45724699828473414,0.4693610634648371,-0.08364065180102909,-0.07152658662092615
Eye pruritus,27,0.05056179775280899,0.637226970560304,0.6622835853605085,0.6739718021769304,0.02505661480020449,0.03674483161662645
Eyelid oedema,31,0.05805243445692884,0.6341306996729301,0.5306227153209774,0.6227153209773616,-0.10350798435195274,-0.011415378695568523
Face oedema,126,0.23595505617977527,0.6274509803921569,0.465452847805789,0.500875350140056,-0.16199813258636786,-0.12657563025210083
Faecal incontinence,33,0.06179775280898876,0.5181152845823505,0.48884050081654873,0.5097683421036715,-0.029274783765801726,-0.008346942478678954
Fatigue,339,0.6348314606741573,0.5901369034112397,0.567294455790031,0.5751304742455184,-0.022842447621208684,-0.015006429165721258
Febrile neutropenia,41,0.07677902621722846,0.7134517389798645,0.7417998317914213,0.845792311878494,0.028348092811556813,0.13234057289862955
Feeling abnormal,314,0.5880149812734082,0.6027649102489867,0.5408222350897511,0.5527214823393167,-0.06194267515923557,-0.05004342790966998
Feeling hot,39,0.07303370786516854,0.5386687386687388,0.5390831390831391,0.5727013727013728,0.0004144004144003288,0.03403263403263401
Flank pain,25,0.04681647940074907,0.5292730844793714,0.6491944990176818,0.5673870333988212,0.1199214145383104,0.03811394891944986
Flat affect,46,0.08614232209737828,0.5887829650748396,0.5095776906628653,0.5668656450463293,-0.07920527441197434,-0.021917320028510323
Flatulence,221,0.41385767790262173,0.5976175675480317,0.5236436181747214,0.5450970754485132,-0.07397394937331037,-0.05252049209951859
Fluid retention,81,0.15168539325842698,0.5048919412421987,0.5336712724497861,0.5062000926607255,0.028779331207587355,0.001308151418526804
Flushing,181,0.3389513108614232,0.603947224265569,0.5405443475811121,0.5608752132471476,-0.06340287668445688,-0.0430720110184214
Foetor hepaticus,40,0.0749063670411985,0.46351214574898786,0.3649797570850203,0.4104251012145749,-0.09853238866396757,-0.053087044534412986
Folliculitis,43,0.08052434456928839,0.7741202102969734,0.6225548240420594,0.7482593662672287,-0.151565386254914,-0.025860844029744756
Fracture,41,0.07677902621722846,0.7109780834116658,0.6138128926928215,0.6918814624251719,-0.09716519071884433,-0.019096620986493895
Fungal infection,64,0.1198501872659176,0.6379321808510638,0.6095079787234042,0.6435837765957446,-0.028424202127659615,0.005651595744680771
Fungal skin infection,29,0.054307116104868915,0.6489586889723455,0.42970297029702975,0.6044383748719699,-0.2192557186753158,-0.0445203141003756
Furuncle,34,0.06367041198501873,0.5346470588235294,0.4880588235294117,0.5356470588235294,-0.04658823529411765,0.0010000000000000009
Gait disturbance,87,0.16292134831460675,0.6276839209030831,0.4873614646815295,0.5702640849597573,-0.1403224562215536,-0.05741983594332578
Galactorrhoea,54,0.10112359550561797,0.8187114197530864,0.7857638888888889,0.8295910493827161,-0.03294753086419744,0.010879629629629739
Gamma-glutamyltransferase increased,61,0.11423220973782772,0.4981804318441756,0.5248674314629328,0.5023394447717742,0.0266869996187572,0.004159012927598571
Gastric ulcer,40,0.0749063670411985,0.4730263157894737,0.4043522267206478,0.4432186234817814,-0.06867408906882588,-0.029807692307692257
Gastritis,137,0.2565543071161049,0.5785544871205575,0.49605618783209837,0.5176230487782456,-0.08249829928845909,-0.06093143834231185
Gastroenteritis,109,0.20411985018726592,0.6043173232595791,0.5536751214247166,0.5841985968699407,-0.050642201834862455,-0.02011872638963841
Gastrointestinal disorder,343,0.6423220973782772,0.6075893334147421,0.5596751789721124,0.5842199258162503,-0.0479141544426297,-0.02336940759849182
Gastrointestinal haemorrhage,119,0.22284644194756553,0.5851371874050825,0.49824845600890966,0.5195504707907259,-0.08688873139617281,-0.06558671661435655
Gastrointestinal pain,340,0.6367041198501873,0.6268192844147968,0.5114463311097636,0.542919951485749,-0.11537295330503328,-0.08389933292904783
Gastrooesophageal reflux disease,80,0.149812734082397,0.5972191629955947,0.5450440528634362,0.5657764317180617,-0.052175110132158586,-0.031442731277533054
Generalised oedema,42,0.07865168539325842,0.4758517228029423,0.5846399535423925,0.506145954316686,0.10878823073945021,0.030294231513743664
Gingival bleeding,44,0.08239700374531835,0.525974025974026,0.4157235621521336,0.48664192949907237,-0.11025046382189241,-0.039332096474953615
Gingivitis,61,0.11423220973782772,0.5250060652271862,0.47568710359408034,0.4800194087269954,-0.04931896163310584,-0.04498665650019079
Glaucoma,56,0.10486891385767791,0.635011954572624,0.5293260609683204,0.6100941422594143,-0.1056858936043037,-0.024917812313209775
Glossitis,66,0.12359550561797752,0.5044677544677545,0.49349261849261855,0.483067858067858,-0.010975135975135941,-0.02139989639989648
Glycosuria,66,0.12359550561797752,0.630989380989381,0.5415695415695415,0.5993589743589743,-0.08941983941983944,-0.031630406630406616
Gout,76,0.14232209737827714,0.631205470006895,0.42108136060675705,0.48411284762123646,-0.21012410940013793,-0.1470926223856585
Grand mal convulsion,37,0.06928838951310862,0.5846429930936974,0.5256403284572299,0.5711022894121486,-0.05900266463646753,-0.013540703681548805
Gynaecomastia,108,0.20224719101123595,0.6432576943140323,0.6302382194400975,0.6571683185532952,-0.013019474873934844,0.013910624239262814
Haematemesis,65,0.12172284644194757,0.6168607511891094,0.4013777267508611,0.504805642119075,-0.21548302443824835,-0.11205510907003446
Haematochezia,28,0.052434456928838954,0.4029503105590062,0.463579898362507,0.44995765104460755,0.060629587803500806,0.047007340485601345
Haematocrit decreased,28,0.052434456928838954,0.5271033314511575,0.6619847543760586,0.6559853190287973,0.13488142292490113,0.1288819875776398
Haematoma,41,0.07677902621722846,0.561915598872013,0.45312422698263494,0.4970563498738436,-0.1087913718893781,-0.06485924899816942
Haematuria,165,0.3089887640449438,0.6247515808491417,0.5146423585447975,0.5507760532150776,-0.11010922230434428,-0.07397552763406412
Haemoglobin,168,0.3146067415730337,0.6192753057507155,0.5828129065833983,0.6001496226906063,-0.036462399167317194,-0.0191256830601092
Haemoglobin decreased,55,0.10299625468164794,0.5620041753653444,0.4343139115581704,0.47963560447902825,-0.12769026380717402,-0.08236857088631616
Haemolytic anaemia,92,0.17228464419475656,0.6513132008656305,0.5093694668502853,0.5891943734015346,-0.1419437340153452,-0.062118827464095916
Haemoptysis,58,0.10861423220973783,0.6151477832512315,0.4825412923790206,0.5446247464503042,-0.13260649087221094,-0.07052303680092731
Haemorrhage,169,0.31647940074906367,0.6081705438923564,0.5884250628191618,0.6058847369700899,-0.019745481073194515,-0.0022858069222664312
Haemorrhage intracranial,30,0.056179775280898875,0.7313492063492064,0.5663359788359789,0.7087301587301587,-0.16501322751322756,-0.02261904761904776
Haemorrhoids,41,0.07677902621722846,0.3878691930935536,0.5109088210557562,0.3973680304754366,0.12303962796220258,0.009498837381883007
Hallucination,163,0.3052434456928839,0.6668595902303507,0.6317364774362113,0.6526549038413838,-0.03512311279413938,-0.01420468638896688
Headache,463,0.8670411985018727,0.6213914154473276,0.5361847108569343,0.6067897666778207,-0.08520670459039326,-0.01460164876950687
Hearing impaired,78,0.14606741573033707,0.6465924426450742,0.5679262258209627,0.6352339181286549,-0.07866621682411146,-0.011358524516419277
Hepatic enzyme increased,77,0.1441947565543071,0.53727016965529,0.6148796498905909,0.6014663673306999,0.0776094802353009,0.06419619767540996
Hepatic failure,129,0.24157303370786518,0.5820652694037707,0.5373145755574696,0.5721504450186621,-0.04475069384630104,-0.0099148243851086
Hepatic function abnormal,91,0.1704119850187266,0.49299233497879097,0.5052216406618212,0.5106541314216257,0.012229305683030212,0.017661796442834776
Hepatic necrosis,44,0.08239700374531835,0.4725417439703154,0.5780612244897959,0.5207792207792208,0.10551948051948051,0.04823747680890539
Hepatic steatosis,26,0.04868913857677903,0.539748637189582,0.44707752877044216,0.4972743791641429,-0.09267110841913984,-0.04247425802543908
Hepatitis,204,0.38202247191011235,0.6152109328579917,0.544949494949495,0.5655525846702317,-0.0702614379084967,-0.04965834818775994
Hepatitis cholestatic,32,0.0599250936329588,0.5150647410358566,0.5271414342629482,0.5391558764940239,0.012076693227091595,0.024091135458167212
Hepatobiliary disease,193,0.36142322097378277,0.6012793824928206,0.5565009952441007,0.576907297950253,-0.044778387248719964,-0.024372084542567674
Hepatocellular injury,77,0.1441947565543071,0.5250504418994572,0.5060672369206287,0.5217255392310097,-0.01898320497882844,-0.003324902668447427
Hepatomegaly,52,0.09737827715355805,0.5636370890520268,0.495531439514842,0.5664698372167252,-0.06810564953718479,0.002832748164698362
Hepatotoxicity,73,0.13670411985018727,0.6811428401628383,0.5300864707455502,0.6222625026000654,-0.15105636941728817,-0.05888033756277289
Hernia,28,0.052434456928838954,0.4815076228119707,0.4827075098814229,0.4625917560700169,0.0011998870694522323,-0.01891586674195378
Herpes simplex,67,0.1254681647940075,0.5563936207612901,0.4232158266483429,0.4838761225989964,-0.13317779411294717,-0.07251749816229364
Herpes zoster,64,0.1198501872659176,0.6195811170212766,0.4884308510638298,0.5506316489361702,-0.13115026595744683,-0.06894946808510638
Hiccups,69,0.12921348314606743,0.6330060776063581,0.4777310269596385,0.573601371357332,-0.1552750506467196,-0.05940470624902605
Hirsutism,39,0.07303370786516854,0.7043771043771043,0.5970991970991971,0.6555814555814556,-0.1072779072779072,-0.04879564879564868
Hostility,38,0.07116104868913857,0.65794779286927,0.4620118845500849,0.6065365025466893,-0.19593590831918506,-0.05141129032258063
Hot flush,108,0.20224719101123595,0.6005912015301687,0.48111198052512605,0.5223874108850635,-0.1194792210050426,-0.07820379064510519
Hyperacusis,25,0.04681647940074907,0.7067976424361493,0.6404715127701375,0.6959528487229862,-0.06632612966601181,-0.010844793713163048
Hyperaesthesia,60,0.11235955056179775,0.47264416315049224,0.5732419127988748,0.5710618846694797,0.10059774964838258,0.09841772151898748
Hyperbilirubinaemia,77,0.1441947565543071,0.673221745431811,0.5007530762454175,0.5699508369092614,-0.17246866918639348,-0.10327090852254961
Hypercalcaemia,43,0.08052434456928839,0.6697295505139014,0.5737223511580543,0.6231231942405153,-0.09600719935584712,-0.04660635627338605
Hypercholesterolaemia,82,0.15355805243445692,0.6248650982085042,0.4966814159292035,0.5543924023311029,-0.12818368227930071,-0.07047269587740135
Hyperglycaemia,172,0.32209737827715357,0.6450436849543878,0.46998265450340493,0.5040472825388668,-0.17506103045098287,-0.14099640241552103
Hyperhidrosis,266,0.49812734082397003,0.6165974638087757,0.5598557962069352,0.5777269666704073,-0.05674166760184052,-0.03887049713836832
Hyperkalaemia,67,0.1254681647940075,0.5650867717089072,0.4668413819553197,0.512512384544089,-0.09824538975358749,-0.052574387164818215
Hyperkinesia,73,0.13670411985018727,0.6574153864440019,0.5555225388524054,0.6185184084628413,-0.10189284759159645,-0.03889697798116054
Hyperlipidaemia,53,0.09925093632958802,0.5933785745106499,0.5081787157258856,0.5366178951084613,-0.08519985878476433,-0.05676067940218865
Hypernatraemia,26,0.04868913857677903,0.5863113264688069,0.5128709872804361,0.5455784373107209,-0.07344033918837078,-0.04073288915808604
Hyperreflexia,27,0.05056179775280899,0.7628022499817372,0.5960990576375191,0.7232814668712105,-0.16670319234421804,-0.03952078311052665
Hypersensitivity,353,0.6610486891385767,0.5695929131516754,0.480459518257086,0.49557854538055807,-0.08913339489458938,-0.0740143677711173
Hypertension,256,0.4794007490636704,0.5666872751798561,0.5540551933453237,0.564242356115108,-0.01263208183453235,-0.0024449190647480856
Hyperthyroidism,27,0.05056179775280899,0.4473664986485499,0.4338519979545621,0.4100372561911024,-0.013514500693987797,-0.03732924245744751
Hypertonia,84,0.15730337078651685,0.5503174603174604,0.4102380952380952,0.4191269841269841,-0.14007936507936525,-0.1311904761904763
Hypertriglyceridaemia,47,0.08801498127340825,0.5292935471187034,0.525012014504784,0.5614487308314038,-0.004281532613919392,0.03215518371270043
Hyperuricaemia,73,0.13670411985018727,0.6148931744569578,0.47918461949900454,0.5442902564407334,-0.13570855495795325,-0.07060291801622443
Hyperventilation,45,0.08426966292134831,0.5947739150193138,0.5471483753692343,0.5834583049306976,-0.04762553965007943,-0.011315610088616146
Hypoaesthesia,182,0.3408239700374532,0.591673951048951,0.4914616633366633,0.5160152347652348,-0.10021228771228774,-0.07565871628371623
Hypocalcaemia,63,0.11797752808988764,0.5743268291038992,0.5547467394601152,0.5866275738887204,-0.019580089643783993,0.012300744784821238
Hypoglycaemia,120,0.2247191011235955,0.581219806763285,0.5215378421900162,0.5533615136876006,-0.0596819645732688,-0.027858293075684437
Hypokalaemia,133,0.24906367041198502,0.5876474227963925,0.5130032062700391,0.5268782929893312,-0.07464421652635334,-0.060769129807061284
Hypokinesia,52,0.09737827715355805,0.5649537184806894,0.5153606766677306,0.5536626236833706,-0.04959304181295887,-0.011291094797318824
Hypomagnesaemia,46,0.08614232209737828,0.7702245188880968,0.6375178189593728,0.7705808980755524,-0.13270669992872408,0.00035637918745556885
Hypomania,26,0.04868913857677903,0.8542549969715323,0.6394609327680194,0.8345699576014536,-0.21479406420351288,-0.019685039370078705
Hyponatraemia,128,0.2397003745318352,0.6617341440886699,0.5429879926108374,0.591248460591133,-0.11874615147783252,-0.07048568349753692
Hypophosphataemia,43,0.08052434456928839,0.6503575995831953,0.615071283095723,0.6860228295363047,-0.03528631648747227,0.03566522995310939
Hyporeflexia,28,0.052434456928838954,0.46548560135516653,0.3458498023715415,0.38918690005646533,-0.11963579898362503,-0.0762987012987012
Hypotension,273,0.5112359550561798,0.6272718341683859,0.5769020251778872,0.5908803839838322,-0.0503698089904987,-0.0363914501845537
Hypothermia,27,0.05056179775280899,0.7098400175323253,0.4163927240850317,0.6506684198991891,-0.2934472934472936,-0.059171597633136175
Hypothyroidism,50,0.09363295880149813,0.5685123966942148,0.5005371900826446,0.5301239669421488,-0.0679752066115702,-0.03838842975206602
Hypotonia,30,0.056179775280898875,0.6265873015873016,0.4601851851851852,0.5813492063492063,-0.16640211640211638,-0.0452380952380953
Hypoxia,32,0.0599250936329588,0.6056399402390438,0.5748256972111554,0.6283615537848606,-0.030814243027888377,0.02272161354581681
Ileus,48,0.0898876404494382,0.5726594650205762,0.492326817558299,0.5287637174211248,-0.0803326474622772,-0.04389574759945136
Ileus paralytic,25,0.04681647940074907,0.7722593320235757,0.7894695481335954,0.8007072691552064,0.017210216110019716,0.02844793713163074
Ill-defined disorder,224,0.41947565543071164,0.5204061059907834,0.45856854838709676,0.46450172811059903,-0.061837557603686644,-0.055904377880184375
Immune system disorder,202,0.3782771535580524,0.4881307407849219,0.5134647500894667,0.5087677442443039,0.02533400930454477,0.02063700345938202
Inappropriate antidiuretic hormone secretion,49,0.09176029962546817,0.7709236271828319,0.6056806227645698,0.7208079107931833,-0.16524300441826212,-0.050115716389648624
Increased appetite,117,0.21910112359550563,0.6531390272397466,0.5682633380475107,0.608723277788026,-0.08487568919223587,-0.044415749451720554
Infection,273,0.5112359550561798,0.6003256003256003,0.5769721976618528,0.590234797131349,-0.023353402663747524,-0.010090803194251374
Infestation,171,0.3202247191011236,0.6102331126254572,0.6108130749279075,0.6364119665555072,0.0005799623024502765,0.02617885393005004
Inflammation,71,0.13295880149812733,0.6011620478812398,0.4337602287591641,0.521278861071396,-0.16740181912207575,-0.07988318680984385
Influenza,154,0.2883895131086142,0.5321086807928912,0.4813397129186603,0.48901230348598773,-0.05076896787423091,-0.043096377306903466
Influenza like illness,82,0.15355805243445692,0.5532592272825383,0.49258040146773147,0.5275469458234405,-0.060678825814806825,-0.025712281459097763
Injection site pain,39,0.07303370786516854,0.5635327635327634,0.4396788396788397,0.5031857031857032,-0.12385392385392369,-0.060347060347060166
Injection site reaction,56,0.10486891385767791,0.590406455469217,0.48684997011356845,0.5474073520621637,-0.10355648535564854,-0.04299910340705326
Injury,89,0.16666666666666666,0.5141522535033456,0.5448049488700921,0.5604342885999242,0.03065269536674653,0.04628203509657858
Insomnia,319,0.5973782771535581,0.6011518553619596,0.49077786688051317,0.5183203324342057,-0.11037398848144642,-0.08283152292775386
Interstitial lung disease,62,0.11610486891385768,0.7123769819573537,0.5711796063422635,0.6510388190267906,-0.14119737561509016,-0.061338162930563045
Intestinal obstruction,49,0.09176029962546817,0.5033031769408794,0.42369030086261306,0.45057858194824324,-0.07961287607826639,-0.05272459499263621
Irritability,103,0.19288389513108614,0.5842362534633838,0.5991710404793549,0.6255265469781273,0.014934787015971063,0.04129029351474345
Jaundice,183,0.34269662921348315,0.5924836143415378,0.5065464792240749,0.5283732660781841,-0.08593713511746293,-0.06411034826335371
Jaundice cholestatic,74,0.13857677902621723,0.5855757931844888,0.5643654524089308,0.5701821386603996,-0.021210340775558056,-0.01539365452408925
Joint swelling,35,0.06554307116104868,0.4438018894932722,0.4981963927855712,0.4096192384769539,0.054394503292299,-0.03418265101631829
Keratitis,54,0.10112359550561797,0.566820987654321,0.4996141975308642,0.4975308641975309,-0.06720679012345676,-0.06929012345679009
Lacrimal disorder,30,0.056179775280898875,0.4286375661375662,0.49318783068783073,0.42010582010582015,0.06455026455026452,-0.008531746031746057
Lacrimation increased,63,0.11797752808988764,0.6181377009402488,0.5294712364776059,0.5675192936339434,-0.08866646446264292,-0.0506184073063054
Laryngeal oedema,36,0.06741573033707865,0.6384426595269969,0.53603302097278,0.6221552878179384,-0.10240963855421681,-0.016287371709058474
Laryngeal pain,51,0.09550561797752809,0.5305484512645638,0.5119961027889417,0.5148784151341697,-0.01855234847562215,-0.015670036130394194
Laryngitis,54,0.10112359550561797,0.6411265432098766,0.4486496913580247,0.541087962962963,-0.19247685185185193,-0.10003858024691359
Laryngospasm,44,0.08239700374531835,0.6529220779220779,0.5317717996289424,0.6295454545454546,-0.12115027829313552,-0.023376623376623273
Lethargy,111,0.20786516853932585,0.5247375034609078,0.5692075053777181,0.5770025344493429,0.04447000191681039,0.05226503098843516
Leukocytoclastic vasculitis,35,0.06554307116104868,0.52642427712568,0.4230174634984254,0.4527912968794733,-0.10340681362725457,-0.07363298024620668
Leukocytosis,63,0.11797752808988764,0.5971421831294442,0.5032184140464395,0.5584538132308833,-0.0939237690830047,-0.03868836989856095
Leukopenia,254,0.4756554307116105,0.6415494938132733,0.5444460067491563,0.570627109111361,-0.09710348706411698,-0.07092238470191226
Libido decreased,109,0.20411985018726592,0.6099298434970318,0.47639503507825154,0.5225256341068538,-0.1335348084187803,-0.08740420939017801
Libido increased,43,0.08052434456928839,0.7086629091081325,0.5570975228532185,0.6764079003457585,-0.151565386254914,-0.03225500876237397
Liver disorder,49,0.09176029962546817,0.48491479065853144,0.45167262781401224,0.4383757626762045,-0.033242162844519196,-0.04653902798232695
Liver function test abnormal,138,0.25842696629213485,0.5307239057239057,0.4727894890938369,0.48757502561850385,-0.05793441663006882,-0.043148880105401854
Liver injury,68,0.12734082397003746,0.5477783388033324,0.5062484221156274,0.5415299166877051,-0.041529916687705004,-0.006248422115627261
Loss of consciousness,246,0.4606741573033708,0.6178579494128273,0.5554426377597109,0.5707853432700993,-0.06241531165311642,-0.04707260614272801
Loss of libido,31,0.05805243445692884,0.5434489835182453,0.5903931251202462,0.5919322773039184,0.04694414160200089,0.048483293785673065
Lower respiratory tract infection,30,0.056179775280898875,0.5404761904761906,0.5292989417989418,0.5984126984126984,-0.011177248677248786,0.05793650793650784
Lung disorder,38,0.07116104868913857,0.5881260611205432,0.5530029711375212,0.5838285229202038,-0.03512308998302205,-0.004297538200339401
Lymphadenopathy,93,0.17415730337078653,0.5992734011167191,0.5605539706922196,0.5899105161777973,-0.038719430424499546,-0.00936288493892179
Lymphoma,25,0.04681647940074907,0.6477799607072691,0.44502946954813355,0.6018074656188606,-0.20275049115913552,-0.045972495088408505
Lymphopenia,46,0.08614232209737828,0.7412241625089094,0.6155114041339985,0.729864575908767,-0.12571275837491092,-0.011359586600142468
Malaise,230,0.4307116104868914,0.513758581235698,0.5216962242562929,0.5236842105263159,0.007937643020594964,0.00992562929061791
Malnutrition,226,0.4232209737827715,0.6002758303643259,0.5376106194690267,0.5583697276175152,-0.0626652108952992,-0.041906102746810614
Mania,60,0.11235955056179775,0.6287623066104079,0.624929676511955,0.6419127988748242,-0.003832630098452916,0.013150492264416336
Mediastinal disorder,229,0.4288389513108614,0.5961342973727539,0.5452645142816235,0.5546567399241177,-0.05086978309113044,-0.04147755744863624
Melaena,88,0.1647940074906367,0.5970240521810029,0.48585915205870367,0.5519262128006522,-0.11116490012229918,-0.04509783938035061
Memory impairment,56,0.10486891385767791,0.5045203227734609,0.6034817692767482,0.5838687985654513,0.09896144650328731,0.07934847579199034
Menopausal symptoms,109,0.20411985018726592,0.5909983810037777,0.49839179708580683,0.530728548300054,-0.09260658391797083,-0.06026983270372366
Menorrhagia,58,0.10861423220973783,0.5712836858881484,0.531331498116488,0.5554187192118226,-0.03995218777166032,-0.015864966676325754
Menstrual disorder,53,0.09925093632958802,0.6147569921154826,0.5822382614835445,0.598713372298278,-0.03251873063193811,-0.01604361981720459
Menstruation irregular,37,0.06928838951310862,0.7457175485344499,0.6849203328076567,0.7948229920060906,-0.0607972157267932,0.0491054434716407
Mental disability,85,0.15917602996254682,0.5465740862046378,0.5423817633957815,0.5452115812917595,-0.004192322808856286,-0.0013625049128782596
Mental disorder,231,0.43258426966292135,0.5795722429385797,0.5366393782235367,0.5483262611975483,-0.042932864715042984,-0.031245981741031326
Metabolic acidosis,25,0.04681647940074907,0.7010609037328095,0.4411001964636542,0.6311198428290766,-0.25996070726915527,-0.06994106090373287
Metrorrhagia,52,0.09737827715355805,0.5951563996169805,0.574050430896904,0.59627353973827,-0.02110596872007653,0.001117140121289495
Micturition urgency,42,0.07865168539325842,0.6578590785907859,0.46423732094463804,0.5609272164150213,-0.1936217576461478,-0.09693186217576455
Migraine,121,0.22659176029962547,0.5517379384867829,0.5394713145098353,0.5421927841034158,-0.012266623976947555,-0.009545154383367116
Mood swings,114,0.21348314606741572,0.5228070175438597,0.4914786967418547,0.4978070175438597,-0.03132832080200504,-0.025000000000000022
Mouth ulceration,91,0.1704119850187266,0.5122665145238509,0.43256517748617074,0.4310520179594672,-0.07970133703768012,-0.08121449656438368
Mucosal inflammation,43,0.08052434456928839,0.7833562260218823,0.7276085823899967,0.8119641926774971,-0.05574764363188556,0.028607966655614825
Multiple fractures,41,0.07677902621722846,0.7109780834116658,0.6138128926928215,0.6918814624251719,-0.09716519071884433,-0.019096620986493895
Muscle contractions involuntary,28,0.052434456928838954,0.6226002258610954,0.627046866177301,0.6167419536984755,0.0044466403162055634,-0.005858272162619915
Muscle relaxant therapy,30,0.056179775280898875,0.6265873015873016,0.4601851851851852,0.5813492063492063,-0.16640211640211638,-0.0452380952380953
Muscle rigidity,31,0.05805243445692884,0.8012569742833321,0.6711344834220483,0.795741678958507,-0.1301224908612838,-0.005515295324825087
Muscle spasms,225,0.42134831460674155,0.5709169363538296,0.5148076231571378,0.5326573175116864,-0.05610931319669177,-0.03825961884214313
Muscle twitching,68,0.12734082397003746,0.6311537490532694,0.5650088361524868,0.6040456955314314,-0.06614491290078262,-0.027108053521837983
Muscular weakness,127,0.23782771535580524,0.5824256611658186,0.46278705333823444,0.48722165257598327,-0.11963860782758418,-0.09520400858983535
Musculoskeletal chest pain,26,0.04868913857677903,0.4778921865536038,0.5018927922471229,0.47115384615384615,0.024000605693519084,-0.006738340399757681
Musculoskeletal discomfort,309,0.5786516853932584,0.6353398058252426,0.5209061488673139,0.5517727436174038,-0.11443365695792873,-0.08356706220783883
Musculoskeletal disorder,26,0.04868913857677903,0.4953058752271351,0.6707298606904906,0.6116747425802544,0.17542398546335547,0.11636886735311935
Musculoskeletal pain,81,0.15168539325842698,0.5644945902488213,0.5186275311367291,0.551658354454528,-0.04586705911209221,-0.012836235794293271
Musculoskeletal stiffness,68,0.12734082397003746,0.641788689724817,0.555036606917445,0.6127240595809139,-0.0867520828073719,-0.029064630143903036
Myalgia,266,0.49812734082397003,0.6261081809000112,0.5022584446190101,0.5275782740433173,-0.12384973628100104,-0.09852990685669394
Mydriasis,55,0.10299625468164794,0.8390206870373885,0.7099259821598026,0.7877775669007401,-0.1290947048775859,-0.051243120136648446
Myocardial infarction,165,0.3089887640449438,0.6174755686950809,0.5124579124579125,0.532627083846596,-0.10501765623716841,-0.08484848484848495
Myocardial ischaemia,65,0.12172284644194757,0.6489092996555684,0.5201574544858127,0.597605379694932,-0.12875184516975569,-0.051303919960636435
Myoclonus,45,0.08426966292134831,0.6734832992501705,0.5274255850942968,0.6416723471938196,-0.14605771415587365,-0.03181095205635087
Myopathy,50,0.09363295880149813,0.5842561983471074,0.5681818181818181,0.5820661157024793,-0.01607438016528928,-0.0021900826446280552
Myositis,35,0.06554307116104868,0.6135699971371313,0.5539650730031491,0.6107643859146865,-0.05960492413398222,-0.002805611222444826
Nail disorder,46,0.08614232209737828,0.5890502494654312,0.5965787598004276,0.6111903064861012,0.007528510334996463,0.022140057020670012
Nasal congestion,95,0.17790262172284643,0.602997242536866,0.5064620549094833,0.5551372737081884,-0.09653518762738278,-0.0478599688286776
Nasopharyngitis,131,0.24531835205992508,0.5080218968423844,0.5597901236906409,0.5515882787490766,0.05176822684825644,0.04356638190669215
Nausea,481,0.900749063670412,0.6875220648805555,0.5492488133997568,0.6302514415721963,-0.1382732514807986,-0.05727062330835919
Neck pain,75,0.1404494382022472,0.4813362381989833,0.47834422657952075,0.4659114015976761,-0.0029920116194625535,-0.015424836601307224
Necrosis,37,0.06928838951310862,0.6096579476861167,0.6024797433248137,0.6208059165805645,-0.007178204361303009,0.011147968894447802
Neoplasm,93,0.17415730337078653,0.6121717504205983,0.5553361129397996,0.6051252042035453,-0.056835637480798784,-0.007046546217053029
Neoplasm malignant,69,0.12921348314606743,0.5822035218949664,0.6069814555088049,0.6154901044101605,0.02477793361383851,0.03328658251519412
Nephrolithiasis,63,0.11797752808988764,0.6282816028038958,0.4774037003336366,0.5405587571192667,-0.15087790247025917,-0.08772284568462907
Nephropathy,30,0.056179775280898875,0.3869047619047619,0.5173941798941799,0.4092592592592593,0.130489417989418,0.022354497354497405
Nephrotic syndrome,29,0.054307116104868915,0.6796176169341072,0.47989074769545925,0.6121543188801639,-0.1997268692386479,-0.06746329805394324
Nervous system disorder,301,0.5636704119850188,0.636818616058061,0.5354255486005162,0.5597365006487673,-0.10139306745754484,-0.07708211540929366
Nervousness,202,0.3782771535580524,0.6369736371227483,0.5431826315161636,0.5706638434927831,-0.09379100560658471,-0.06630979362996525
Neuralgia,58,0.10861423220973783,0.5753042596348885,0.4659881193856853,0.5199579831932772,-0.10931614024920322,-0.055346276441611275
Neuritis,55,0.10299625468164794,0.5934332890491554,0.5215031315240084,0.6109698234959196,-0.07193015752514698,0.017536534446764174
Neuroleptic malignant syndrome,40,0.0749063670411985,0.8237854251012146,0.8132591093117408,0.8420546558704454,-0.010526315789473717,0.018269230769230815
Neuropathy peripheral,168,0.3146067415730337,0.5798855061150143,0.5629716367421286,0.5824388498568827,-0.016913869372885748,0.0025533437418683302
Neutropenia,158,0.2958801498127341,0.6902269054672772,0.5801575545381092,0.6363116078642607,-0.11006935092916792,-0.0539152976030165
Night sweats,48,0.0898876404494382,0.518218449931413,0.4508744855967078,0.478866598079561,-0.06734396433470519,-0.03935185185185197
Nightmare,77,0.1441947565543071,0.6528176418767228,0.5453408735684446,0.5893034755179176,-0.10747676830827813,-0.06351416635880514
Nocturia,82,0.15355805243445692,0.5515594647096913,0.45329699978415716,0.48111374919058925,-0.09826246492553414,-0.07044571551910206
Non-Hodgkin's lymphoma,26,0.04868913857677903,0.7103270745003029,0.39445790430042393,0.6310569351907935,-0.3158691701998789,-0.07927013930950932
Nuchal rigidity,39,0.07303370786516854,0.6533022533022533,0.5193991193991194,0.601864801864802,-0.1339031339031339,-0.051437451437451376
Nystagmus,47,0.08801498127340825,0.6229193062169601,0.5174974878762725,0.5621040674559832,-0.10542181834068765,-0.06081523876097694
Ocular hyperaemia,26,0.04868913857677903,0.5950938824954572,0.5349030890369473,0.544442761962447,-0.06019079345850997,-0.05065112053301024
Oculogyric crisis,25,0.04681647940074907,0.828369351669941,0.7073477406679765,0.8440864440078586,-0.12102161100196451,0.015717092337917626
Oedema,262,0.49063670411985016,0.5830433318365514,0.5259177144140099,0.5421531207903008,-0.05712561742254152,-0.04089021104625068
Oedema peripheral,193,0.36142322097378277,0.6167018674122133,0.5380699861729444,0.5607858629753999,-0.0786318812392689,-0.05591600443681344
Oesophagitis,87,0.16292134831460675,0.4904214559386974,0.4807786263467818,0.4724472215793669,-0.009642829591915592,-0.017974234359330488
Oliguria,53,0.09925093632958802,0.536460989291178,0.4953908916173067,0.498568234417291,-0.04107009767387132,-0.03789275487388705
Opportunistic infection,33,0.06179775280898876,0.722010524405734,0.4738401983910966,0.6796709611080869,-0.2481703260146374,-0.0423395632976471
Optic neuritis,34,0.06367041198501873,0.5733529411764706,0.5401764705882353,0.6273529411764707,-0.03317647058823536,0.05400000000000005
Oral candidiasis,45,0.08426966292134831,0.6281299704612588,0.5445580549875029,0.621177005226085,-0.08357191547375598,-0.006952965235173858
Oropharyngeal discomfort,57,0.10674157303370786,0.5806024495200265,0.5024826216484608,0.5152083563205708,-0.07811982787156568,-0.06539409319945566
Oropharyngeal pain,81,0.15168539325842698,0.5618782874117679,0.5301828686670482,0.5646853623306898,-0.031695418744719706,0.002807074918921848
Orthostatic hypotension,137,0.2565543071161049,0.719355016639394,0.5214105793450882,0.5837209729908621,-0.19794443729430589,-0.13563404364853193
Osteoarthritis,115,0.2153558052434457,0.5575801598007679,0.48645844142367956,0.5062778873093287,-0.07112171837708836,-0.05130227249143926
Osteoporosis,34,0.06367041198501873,0.7139411764705882,0.46,0.6105294117647058,-0.25394117647058817,-0.10341176470588243
Otitis media,52,0.09737827715355805,0.5347111394829237,0.41473827002872643,0.45220236195339925,-0.11997286945419727,-0.08250877752952446
Pain,304,0.5692883895131086,0.5564359267734553,0.4988987414187643,0.510883867276888,-0.057537185354691045,-0.045552059496567376
Pain in extremity,115,0.2153558052434457,0.5738922901317838,0.5515201826294489,0.5781259728131161,-0.02237210750233487,0.004233682681332285
Pallor,52,0.09737827715355805,0.5987472071496969,0.5700606447494414,0.5946776252792849,-0.028686562400255466,-0.0040695818704119535
Palpitations,233,0.4363295880149813,0.6762437083826445,0.5998602654955584,0.6270942352387606,-0.0763834428870861,-0.04914947314388385
Pancreatitis,164,0.30711610486891383,0.621044825313118,0.4608767303889255,0.49469347396176666,-0.16016809492419248,-0.12635135135135134
Pancreatitis acute,31,0.05805243445692884,0.512088757775925,0.41961136407362276,0.47951003655486435,-0.09247739370230224,-0.03257872122106065
Pancytopenia,151,0.28277153558052437,0.6471218854287345,0.550239482648315,0.5800494527345978,-0.09688240278041949,-0.06707243269413665
Paraesthesia,297,0.5561797752808989,0.6388356135191579,0.4913125630425208,0.5243432922757818,-0.14752305047663705,-0.11449232124337605
Paraesthesia oral,30,0.056179775280898875,0.5903439153439154,0.5021164021164021,0.5871031746031746,-0.08822751322751332,-0.0032407407407407662
Paralysis,47,0.08801498127340825,0.4803180567084625,0.5088033553235178,0.4683909301411158,0.028485298615055332,-0.01192712656734668
Paranoia,52,0.09737827715355805,0.6976141078838174,0.609998404085541,0.6727976380466008,-0.08761570379827643,-0.024816469837216637
Parkinsonism,35,0.06554307116104868,0.8172917263097624,0.7565989121099342,0.7977097051245349,-0.06069281419982819,-0.01958202118522756
Parosmia,49,0.09176029962546817,0.43538817588891227,0.5407111298127498,0.49619187881338106,0.10532295392383756,0.060803702924468794
Pelvic pain,37,0.06928838951310862,0.6953069769971179,0.4613083908858557,0.6329327315242809,-0.23399858611126217,-0.06237424547283699
Peptic ulcer,47,0.08801498127340825,0.6160164271047228,0.6077591856350212,0.6216960111844119,-0.008257241469701637,0.0056795840796890484
Pericardial effusion,27,0.05056179775280899,0.7050916794506538,0.46628679962013286,0.6423405654174884,-0.2388048798305209,-0.06275111403316536
Pericarditis,33,0.06179775280898876,0.5267646525131554,0.5147281195185387,0.5305752132099437,-0.012036532994616711,0.003810560696788312
Periorbital oedema,28,0.052434456928838954,0.5918266516092602,0.42595990965556185,0.534867306606437,-0.16586674195369833,-0.05695934500282318
Peripheral coldness,33,0.06179775280898876,0.7018085042037139,0.6060001209701809,0.7296316457993105,-0.09580838323353302,0.027823141595596623
Peripheral sensory neuropathy,27,0.05056179775280899,0.6758711374095988,0.6239316239316238,0.6938417707648477,-0.051939513477974986,0.017970633355248844
Peripheral vascular disorder,31,0.05805243445692884,0.5551850189187456,0.5713461168473033,0.5587763740139806,0.01616109792855769,0.003591355095235005
Petechiae,59,0.1104868913857678,0.632149866190901,0.511364852809991,0.584335414808207,-0.12078501338090997,-0.04781445138269391
Pharyngitis,176,0.3295880149812734,0.5880840528186897,0.5461052564753681,0.5602621889283901,-0.04197879634332158,-0.027821863890299614
Phlebitis,63,0.11797752808988764,0.48198699154113156,0.35611498668823505,0.3897145553196508,-0.1258720048528965,-0.09227243622148074
Photophobia,77,0.1441947565543071,0.594106112705675,0.4896700673505925,0.5392025917190031,-0.10443604535508255,-0.05490352098667195
Photosensitivity reaction,172,0.32209737827715357,0.6412373120904535,0.5098772966722342,0.5471219324168058,-0.1313600154182193,-0.09411537967364769
Pigmentation disorder,25,0.04681647940074907,0.5066404715127701,0.4695481335952849,0.5310019646365423,-0.03709233791748523,0.024361493123772116
Platelet count decreased,50,0.09363295880149813,0.6299173553719009,0.6044214876033057,0.6242148760330578,-0.025495867768595137,-0.005702479338843047
Pleural effusion,55,0.10299625468164794,0.6099070032264188,0.5140254317707345,0.56621749857658,-0.09588157145568432,-0.043689504649838784
Pneumonia,170,0.31835205992509363,0.6163542340012927,0.5439883645765999,0.5615061409179056,-0.07236586942469281,-0.05484809308338712
Pneumothorax,29,0.054307116104868915,0.4163878456811198,0.4223284397405258,0.3855240696483442,0.005940594059406001,-0.030863776032775625
Pollakiuria,160,0.299625468164794,0.6366978609625669,0.546524064171123,0.5660093582887701,-0.09017379679144388,-0.07068850267379678
Polyneuropathy,26,0.04868913857677903,0.68057238037553,0.49916717141126593,0.657404603270745,-0.1814052089642641,-0.023167777104785015
Polyp,47,0.08801498127340825,0.6164096290794705,0.5419633885272402,0.6018611560138057,-0.07444624055223026,-0.014548473065664758
Polyuria,101,0.1891385767790262,0.5922758557610958,0.5271305421535225,0.5377175130908011,-0.06514531360757325,-0.05455834267029469
Pregnancy,34,0.06367041198501873,0.5958823529411765,0.5467647058823529,0.6042941176470588,-0.0491176470588236,0.00841176470588223
Priapism,38,0.07116104868913857,0.7855475382003394,0.6787457555178269,0.7890492359932089,-0.1068017826825125,0.0035016977928694626
Proctalgia,32,0.0599250936329588,0.5256474103585658,0.5195468127490039,0.5418949203187251,-0.006100597609561831,0.016247509960159334
Prostatic disorder,32,0.0599250936329588,0.6226967131474104,0.5350473107569721,0.5514815737051793,-0.08764940239043828,-0.07121513944223112
Protein urine present,73,0.13670411985018727,0.6186372685941819,0.5056309987222536,0.5702611951386206,-0.1130062698719283,-0.048376073455561275
Proteinuria,72,0.1348314606741573,0.6391895141895142,0.5124158249158248,0.5881433381433381,-0.12677368927368937,-0.05104617604617612
Prurigo,40,0.0749063670411985,0.5674089068825912,0.5558704453441297,0.5480263157894737,-0.011538461538461497,-0.019382591093117463
Pruritus,401,0.7509363295880149,0.5260345377158608,0.5238032737704611,0.5333095831848949,-0.002231263945399742,0.007275045469034014
Psoriasis,46,0.08614232209737828,0.5360833927298647,0.5199572344975053,0.5270402708481825,-0.01612615823235941,-0.009043121881682215
Psychotic disorder,115,0.2153558052434457,0.6063920307149527,0.5842274566773893,0.6122652277679776,-0.022164574037563445,0.0058731970530249145
Pulmonary embolism,83,0.15543071161048688,0.6100766703176341,0.5654903427457056,0.6106911014345631,-0.044586327571928486,0.0006144311169289374
Pulmonary fibrosis,30,0.056179775280898875,0.5226851851851853,0.6166005291005292,0.6047619047619047,0.09391534391534395,0.08207671957671947
Pulmonary function test decreased,31,0.05805243445692884,0.6528570512409415,0.522798691720644,0.6568331943820945,-0.13005835952029754,0.003976143141153021
Pulmonary oedema,83,0.15543071161048688,0.5177784307963562,0.5396842358346913,0.5262201800550317,0.021905805038335058,0.008441749258675468
Purpura,110,0.20599250936329588,0.5466552315608919,0.5281303602058319,0.5394511149228131,-0.01852487135505998,-0.00720411663807885
Pyelonephritis,26,0.04868913857677903,0.5423228346456692,0.5033313143549365,0.5071168988491823,-0.03899152029073272,-0.0352059357964869
Rash,444,0.8314606741573034,0.612062062062062,0.5674924924924925,0.5858108108108109,-0.04456956956956959,-0.026251251251251162
Rash erythematous,55,0.10299625468164794,0.6286961472765231,0.5310305560827482,0.5970772442588727,-0.09766559119377494,-0.03161890301765047
Rash generalised,32,0.0599250936329588,0.5685383466135459,0.6489666334661355,0.6476593625498007,0.08042828685258963,0.07912101593625487
Rash maculo-papular,93,0.17415730337078653,0.5852778387340599,0.5197864091873309,0.5445834247677566,-0.06549142954672904,-0.040694413966303356
Rash papular,28,0.052434456928838954,0.4968238283455675,0.4332298136645963,0.48249576510446074,-0.0635940146809712,-0.014328063241106748
Rash pustular,61,0.11423220973782772,0.5437216234013794,0.4722559179288116,0.5058052888781062,-0.07146570547256781,-0.037916334523273254
Rectal haemorrhage,80,0.149812734082397,0.5572411894273128,0.5363160792951542,0.5501376651982379,-0.020925110132158586,-0.007103524229074898
Renal failure,152,0.2846441947565543,0.6563791678148252,0.4717897492422155,0.5334975199779554,-0.1845894185726097,-0.12288164783686983
Renal failure acute,115,0.2153558052434457,0.704596866244682,0.4569471827332158,0.5510843623534296,-0.2476496835114662,-0.15351250389125237
Renal impairment,107,0.20037453183520598,0.6156186390597298,0.45540502090218654,0.5078246405042789,-0.16021361815754326,-0.10779399855545091
Renal pain,33,0.06179775280898876,0.6400532268795742,0.4299885078328192,0.5868263473053892,-0.210064719046755,-0.05322687957418504
Respiratory depression,31,0.05805243445692884,0.6528570512409415,0.522798691720644,0.6568331943820945,-0.13005835952029754,0.003976143141153021
Respiratory distress,37,0.06928838951310862,0.6256457664908369,0.4878459948882484,0.5730599815106858,-0.1377997716025885,-0.052585784980151096
Respiratory failure,69,0.12921348314606743,0.5427769985974754,0.5329904940003117,0.5386629266012155,-0.009786504597163681,-0.004114071996259905
Respiratory tract infection,47,0.08801498127340825,0.501376206911617,0.5350605094150029,0.5169732185766088,0.03368430250338594,0.015597011664991833
Rhabdomyolysis,84,0.15730337078651685,0.623994708994709,0.5775925925925925,0.6116666666666666,-0.046402116402116445,-0.01232804232804241
Rhinitis,178,0.3333333333333333,0.5455119303118293,0.5317510415351597,0.5378108824643353,-0.013760888776669589,-0.007701047847494036
Rhinorrhoea,54,0.10112359550561797,0.5395061728395062,0.6052854938271606,0.5869212962962962,0.06577932098765438,0.04741512345679
Salivary hypersecretion,72,0.1348314606741573,0.6657948532948533,0.515993265993266,0.6188973063973063,-0.14980158730158732,-0.04689754689754699
Scotoma,57,0.10674157303370786,0.5462135422413477,0.5032182132480046,0.5217183419765347,-0.04299532899334302,-0.024495200264813
Seborrhoeic dermatitis,47,0.08801498127340825,0.5130411988291319,0.5382061252129844,0.5680020970771986,0.02516492638385248,0.054960898248066714
Sensory loss,50,0.09363295880149813,0.6691735537190082,0.5920661157024794,0.65,-0.07710743801652886,-0.019173553719008196
Sepsis,93,0.17415730337078653,0.7029966108307122,0.6199253895106429,0.6814424694609027,-0.08307122132006928,-0.021554141369809487
Serotonin syndrome,26,0.04868913857677903,0.8990006056935191,0.7239551786795881,0.9058903694730467,-0.175045427013931,0.006889763779527547
Sexual dysfunction,44,0.08239700374531835,0.575834879406308,0.5853896103896103,0.5991187384044527,0.009554730983302395,0.02328385899814478
Shock,263,0.49250936329588013,0.6015882592285999,0.5235923842128155,0.5373283010396643,-0.07799587501578442,-0.0642599581889356
Sinus bradycardia,39,0.07303370786516854,0.4321678321678322,0.4985754985754986,0.5053095053095054,0.06640766640766638,0.07314167314167314
Sinus congestion,41,0.07677902621722846,0.49146588828971455,0.5748775540493741,0.5392074407559492,0.08341166575965958,0.04774155246623463
Sinus tachycardia,26,0.04868913857677903,0.6985160508782555,0.45623864324651725,0.6437764990914597,-0.24227740763173827,-0.05473955178679579
Sinusitis,178,0.3333333333333333,0.5468059588435804,0.5368955939906578,0.5376057315995455,-0.009910364852922626,-0.009200227244034909
Skin discolouration,79,0.14794007490636704,0.45475031297816115,0.46799276672694395,0.4481012658227848,0.013242453748782801,-0.006649047155376342
Skin disorder,302,0.5655430711610487,0.603548184517013,0.5554778488239324,0.570264329755652,-0.04807033569308061,-0.033283854761360976
Skin exfoliation,80,0.149812734082397,0.534966960352423,0.532874449339207,0.5310022026431718,-0.0020925110132159475,-0.003964757709251199
Skin hyperpigmentation,38,0.07116104868913857,0.593060271646859,0.5081175721561969,0.5718378607809846,-0.08494269949066213,-0.021222410865874397
Skin irritation,25,0.04681647940074907,0.5067976424361493,0.49823182711198427,0.5144204322200393,-0.00856581532416506,0.007622789783889972
Skin ulcer,62,0.11610486891385768,0.5192386550027337,0.49682203389830504,0.5163340623291417,-0.022416621104428658,-0.002904592673591999
Sleep disorder,104,0.1947565543071161,0.6131037567084079,0.5384168157423972,0.5610912343470482,-0.0746869409660107,-0.05201252236135967
Sneezing,29,0.054307116104868915,0.500034141345169,0.5872311369067942,0.5952884943666781,0.08719699556162519,0.09525435302150909
Somnolence,317,0.5936329588014981,0.719679018447717,0.6316416868976145,0.6839320240154676,-0.08803733155010252,-0.03574699443224938
Speech disorder,63,0.11797752808988764,0.5298419438546826,0.47241600107842147,0.4776059043574967,-0.057425942776261174,-0.052236039497185915
Stevens-Johnson syndrome,172,0.32209737827715357,0.5947417448284724,0.4836823846845689,0.518967621739689,-0.1110593601439035,-0.0757741230887834
Stomatitis,162,0.30337078651685395,0.6466381255807779,0.5235463958582238,0.5675361741669984,-0.12309172972255411,-0.07910195141377951
Stupor,47,0.08801498127340825,0.609200926209096,0.502992703918913,0.5688758792433046,-0.10620822229018301,-0.04032504696579142
Sudden death,34,0.06367041198501873,0.6468235294117648,0.5597058823529412,0.6446470588235294,-0.08711764705882363,-0.0021764705882354463
Suicidal ideation,59,0.1104868913857678,0.6920249776984836,0.5550401427297057,0.6466012488849242,-0.1369848349687779,-0.04542372881355938
Suicide attempt,45,0.08426966292134831,0.7048852533515111,0.5674164962508521,0.671665530561236,-0.13746875710065898,-0.033219722790275075
Supraventricular tachycardia,40,0.0749063670411985,0.6159412955465586,0.6293522267206477,0.6492408906882591,0.013410931174089091,0.033299595141700444
Swelling,78,0.14606741573033707,0.49302744039586144,0.5477395411605938,0.538349077822762,0.05471210076473232,0.04532163742690054
Swelling face,25,0.04681647940074907,0.5313948919449902,0.450294695481336,0.5374459724950884,-0.08110019646365424,0.006051080550098176
Syncope,235,0.4400749063670412,0.6076424962641429,0.5866647690884508,0.5986052800113855,-0.02097772717569213,-0.00903721625275744
Systemic lupus erythematosus,38,0.07116104868913857,0.7268145161290324,0.5542763157894737,0.6925403225806452,-0.1725382003395587,-0.03427419354838712
Tachycardia,248,0.46441947565543074,0.6808171667042635,0.5474988720956463,0.5878355515452289,-0.13331829460861722,-0.09298161515903458
Tardive dyskinesia,27,0.05056179775280899,0.8677039959091241,0.7896120973044051,0.8779311856234933,-0.07809189860471899,0.0102271897143692
Tenderness,47,0.08801498127340825,0.49696360697278175,0.5047839573594304,0.5083227751321595,0.007820350386648633,0.011359168159377764
Tendonitis,33,0.06179775280898876,0.6449525192040161,0.6294683360551625,0.648339684267828,-0.01548418314885358,0.00338716506381187
Tension,197,0.36891385767790263,0.6053713717633945,0.5775806232960279,0.5971471177454097,-0.02779074846736662,-0.008224254017984767
Thinking abnormal,62,0.11610486891385768,0.6036085292509569,0.5567249863313286,0.5649603608529251,-0.04688354291962826,-0.03864816839803176
Thirst,103,0.19288389513108614,0.5765999144009191,0.5370216025048994,0.5401977789291105,-0.03957831189601968,-0.036402135471808594
Throat irritation,31,0.05805243445692884,0.5549284935548002,0.5552491502597319,0.5716667735522349,0.00032065670493164333,0.016738279997434713
Throat tightness,26,0.04868913857677903,0.7469715324046032,0.59728952150212,0.7303906723198061,-0.14968201090248323,-0.01658086008479709
Thrombocytopenia,291,0.5449438202247191,0.6690000424250138,0.5525858045903865,0.5926915842914315,-0.11641423783462723,-0.07630845813358222
Thrombocytopenic purpura,25,0.04681647940074907,0.7629862475442043,0.4641257367387034,0.7277013752455795,-0.2988605108055009,-0.03528487229862476
Thrombocytosis,42,0.07865168539325842,0.6170150987224158,0.5137921022067363,0.6115950445218737,-0.10322299651567945,-0.005420054200542035
Thrombophlebitis,84,0.15730337078651685,0.5285449735449735,0.44026455026455025,0.46537037037037043,-0.08828042328042329,-0.0631746031746031
Thrombosis,44,0.08239700374531835,0.6175324675324675,0.4813079777365492,0.5518552875695734,-0.13622448979591828,-0.06567717996289413
Tinnitus,193,0.36142322097378277,0.6113077963320317,0.47566590187349006,0.49920228526279004,-0.13564189445854163,-0.11210551106924166
Tongue discolouration,34,0.06367041198501873,0.724,0.518,0.6837058823529412,-0.20599999999999996,-0.040294117647058814
Tongue disorder,57,0.10674157303370786,0.6722203832432233,0.5234469822354629,0.6075618816433116,-0.14877340100776038,-0.06465850159991171
Tongue oedema,44,0.08239700374531835,0.6631725417439703,0.44939703153988875,0.5673469387755102,-0.2137755102040816,-0.0958256029684601
Tooth abscess,29,0.054307116104868915,0.5491976783885285,0.4759303516558552,0.506657562307955,-0.07326732673267333,-0.04254011608057351
Tooth disorder,49,0.09176029962546817,0.5098253734483484,0.44468756574794865,0.4574794866400168,-0.06513780770039979,-0.05234588680833163
Toothache,47,0.08801498127340825,0.5593516536327494,0.4584298134475075,0.5179343789593255,-0.10092184018524192,-0.04141727467342393
Torsade de pointes,63,0.11797752808988764,0.7354834361203788,0.5812017659151417,0.7127354834361204,-0.1542816702052371,-0.022747952684258443
Toxic epidermal necrolysis,136,0.2546816479400749,0.6100908956547444,0.48706769139816725,0.5259200413833875,-0.12302320425657715,-0.08417085427135684
Transaminases increased,46,0.08614232209737828,0.4668567355666429,0.47055416963649327,0.486992159657876,0.003697434069850347,0.02013542409123309
Transient ischaemic attack,42,0.07865168539325842,0.5640727835849787,0.5195509097948122,0.5630081300813008,-0.04452187379016648,-0.0010646535036779037
Traumatic liver injury,29,0.054307116104868915,0.6682144076476614,0.5701604643222943,0.6660976442471833,-0.0980539433253671,-0.002116763400478061
Tremor,216,0.4044943820224719,0.6666666666666666,0.5491206615420452,0.5827218728162125,-0.11754600512462143,-0.08394479385045417
Tubulointerstitial nephritis,56,0.10486891385767791,0.7157426778242677,0.5544680215182307,0.638336820083682,-0.161274656306037,-0.07740585774058573
Ulcer,51,0.09550561797752809,0.6315511711931149,0.4214265416311452,0.5368408232858362,-0.2101246295619697,-0.09471034790727872
Upper respiratory tract infection,164,0.30711610486891383,0.5238793671720501,0.43513513513513513,0.4474950560316414,-0.08874423203691495,-0.07638431114040867
Urethral disorder,194,0.36329588014981273,0.6288508186779866,0.5809278350515464,0.6035627653123106,-0.04792298362644021,-0.025288053365676078
Urinary incontinence,88,0.1647940074906367,0.5351355483081941,0.4669282511210762,0.4945729718711781,-0.06820729718711788,-0.040562576437015996
Urinary retention,128,0.2397003745318352,0.6985067733990148,0.6043526785714286,0.6482065886699507,-0.09415409482758619,-0.05030018472906406
Urinary tract disorder,193,0.36142322097378277,0.6469998328597693,0.5886375032288453,0.6213058210383967,-0.058362329630923915,-0.025694011821372542
Urinary tract infection,167,0.31273408239700373,0.5508166228850202,0.5572778149423224,0.5635105810178009,0.006461192057302223,0.012693958132780736
Urine abnormality,32,0.0599250936329588,0.5296937250996017,0.6381349601593626,0.6429905378486056,0.10844123505976089,0.11329681274900394
Urine analysis abnormal,37,0.06928838951310862,0.5223775082930012,0.5553863722877808,0.5706128663875143,0.033008863994779536,0.04823535809451307
Urine output increased,95,0.17790262172284643,0.6255125284738041,0.5222635175638413,0.5606521999760221,-0.10324901090996286,-0.064860328497782
Urticaria,335,0.6273408239700374,0.5791194779869496,0.5737793444836121,0.5856146403660092,-0.0053401335033375075,0.00649516237905956
VIIth nerve paralysis,27,0.05056179775280899,0.4601504857915114,0.582219300168018,0.5250200891226532,0.12206881437650663,0.06486960333114178
Vaginal discharge,43,0.08052434456928839,0.7181357457490646,0.5265476246862123,0.639511201629328,-0.19158812106285228,-0.07862454411973663
Vaginal haemorrhage,61,0.11423220973782772,0.6063494264028004,0.5763005580009011,0.5938723876200048,-0.030048868401899353,-0.012477038782795602
Vaginal infection,81,0.15168539325842698,0.5951816422750933,0.508952661270542,0.5461532172348948,-0.08622898100455134,-0.04902842504019844
Vaginal inflammation,72,0.1348314606741573,0.5825817700817701,0.5015933140933141,0.5482202982202983,-0.08098845598845605,-0.03436147186147187
Vascular purpura,100,0.18726591760299627,0.588479262672811,0.5388940092165899,0.5711751152073732,-0.04958525345622111,-0.017304147465437847
Vasculitis,86,0.16104868913857678,0.559359426910299,0.5726484634551494,0.5843023255813953,0.013289036544850363,0.024942898671096225
Vasodilation procedure,62,0.11610486891385768,0.5145229633679607,0.6203184800437398,0.5791416074357573,0.10579551667577913,0.0646186440677966
Ventricular arrhythmia,56,0.10486891385767791,0.610393006575015,0.5857367005379558,0.6252988643156008,-0.02465630603705926,0.014905857740585726
Ventricular extrasystoles,73,0.13670411985018727,0.5532641963569369,0.46114759456809196,0.4775205776602383,-0.09211660178884495,-0.0757436186966986
Ventricular fibrillation,62,0.11610486891385768,0.5268247676325861,0.48305084745762716,0.5073469108802624,-0.04377392017495896,-0.01947785675232372
Ventricular tachycardia,81,0.15168539325842698,0.6530945956994523,0.5381952961055242,0.5886408851824598,-0.11489929959392808,-0.06445371051699245
Vertigo,242,0.45318352059925093,0.6246886674968868,0.5047548964111853,0.5265623231065323,-0.11993377108570147,-0.0981263443903545
Viral infection,63,0.11797752808988764,0.5739898223974658,0.4838068277558723,0.5365483773127085,-0.09018299464159346,-0.03744144508475722
Vision blurred,231,0.43258426966292135,0.5724858200105725,0.5564699327075565,0.5743860100295743,-0.016015887303015952,0.0019001900190018794
Visual acuity reduced,41,0.07677902621722846,0.5811111660812349,0.4820165240191956,0.5661208133379508,-0.09909464206203933,-0.014990352743284086
Visual impairment,188,0.352059925093633,0.5689337104907145,0.5253043906038617,0.5325759439183373,-0.04362931988685281,-0.036357766572377215
Vomiting,440,0.8239700374531835,0.6482591876208896,0.559477756286267,0.5924081237911025,-0.08878143133462268,-0.055851063829787106
Vulvovaginal candidiasis,36,0.06741573033707865,0.7039268183846497,0.4298862115127176,0.6276215975011156,-0.27404060687193205,-0.07630522088353409
Vulvovaginal mycotic infection,38,0.07116104868913857,0.7140810696095077,0.492731324278438,0.6621922750424448,-0.22134974533106966,-0.05188879456706286
Weight decreased,161,0.301498127340824,0.5545101826719732,0.5719947379814497,0.5763242469152249,0.017484555309476568,0.02181406424325172
Weight increased,164,0.30711610486891383,0.6681443638760712,0.6046967699406725,0.6412656558998023,-0.06344759393539878,-0.0268787079762689
Wheezing,66,0.12359550561797752,0.5237308987308987,0.4999676249676249,0.52000777000777,-0.023763273763273807,-0.0037231287231287435
White blood cell count decreased,37,0.06928838951310862,0.5915492957746479,0.46777965087824247,0.5591929958127142,-0.1237696448964054,-0.03235629996193368
Yawning,26,0.04868913857677903,0.7231980617807389,0.4671411265899455,0.677771047849788,-0.25605693519079337,-0.04542701393095083
