se,struct_s1,expr_s1,struct_s2,expr_s2,adv,struct,expr,bin
Abdominal discomfort,0.5217341372380132,0.5710785721121638,0.5290458417073404,0.5183845344052063,0.019341563786008265,0.5253899894726768,0.544731553258685,0.50-0.55
Abdominal distension,0.5432197244379985,0.5154641044234953,0.5700145032632342,0.5126903553299493,-0.04253988397389402,0.5566171138506164,0.5140772298767223,0.55-0.60
Abdominal pain,0.5838980796018343,0.511370572676193,0.6400388148936503,0.4636345139530151,-0.12446590393313825,0.6119684472477422,0.4875025433146041,0.60-0.65
Abdominal pain upper,0.5343511450381679,0.5774060955050859,0.5363400450817344,0.5666092095542969,0.03666205746974027,0.5353455950599512,0.5720076525296914,0.50-0.55
Abnormal dreams,0.6545241752615025,0.4935264428351986,0.6747128959110527,0.5222978080120937,-0.15670641016263145,0.6646185355862776,0.5079121254236462,0.65-0.70
Abscess,0.5573685573685574,0.5513597513597515,0.57000777000777,0.5128205128205128,-0.031598031598031595,0.5636881636881637,0.5320901320901321,0.55-0.60
Accommodation disorder,0.7672997679155023,0.7181831099322692,0.7650262871216785,0.704542225169327,-0.05480035996779231,0.7661630275185904,0.711362667550798,>0.70
Acne,0.6170159050744761,0.6495834385256248,0.6503723807119414,0.6063494067154758,-0.005727720272658443,0.6336941428932088,0.6279664226205504,0.60-0.65
Acute coronary syndrome,0.5952560240963856,0.4958420639078051,0.617699057097957,0.507169984284966,-0.10497151650078576,0.6064775405971713,0.5015060240963856,0.60-0.65
Affect lability,0.5576838300123435,0.4713895256568506,0.5272659143008288,0.5033724210897549,-0.055093898783283385,0.5424748721565862,0.4873809733733028,0.50-0.55
Ageusia,0.5601371357332086,0.5235156615240767,0.5757830762038335,0.5449275362318841,-0.03373850709054066,0.5679601059685211,0.5342215988779804,0.55-0.60
Aggression,0.5822464867050854,0.5558588615913457,0.6155764499713544,0.5502645502645502,-0.045849762410271944,0.59891146833822,0.5530617059279479,0.55-0.60
Agitation,0.6529341317365268,0.5613173652694611,0.673817365269461,0.5726796407185628,-0.09637724550898197,0.6633757485029939,0.5669985029940119,0.65-0.70
Agranulocytosis,0.6838396897220428,0.5801066580478345,0.7164511958629606,0.583726567550097,-0.11822882999353596,0.7001454427925017,0.5819166127989657,>0.70
Akathisia,0.775588499976318,0.7355657651683797,0.7860086202813432,0.7549850802822905,-0.0355231374034955,0.7807985601288305,0.7452754227253351,>0.70
Alanine aminotransferase increased,0.6729919696671615,0.5559351134798705,0.6499204120687496,0.5547904780641354,-0.10609339509595261,0.6614561908679555,0.5553627957720029,0.65-0.70
Albuminuria,0.5905478395061728,0.4951388888888889,0.5904320987654321,0.4964891975308642,-0.09467592592592594,0.5904899691358025,0.49581404320987654,0.55-0.60
Alopecia,0.5580688772914274,0.5641308930206864,0.5551178240707091,0.5395484743200221,-0.004753667010714002,0.5565933506810683,0.5518396836703543,0.55-0.60
Altered state of consciousness,0.6385882352941177,0.4395294117647059,0.6568823529411765,0.4374705882352941,-0.20923529411764707,0.6477352941176471,0.4385,0.60-0.65
Amblyopia,0.4958223826148354,0.5064135252814499,0.5639587337700546,0.5425018632565802,-0.005432863923429926,0.529890558192445,0.5244576942690151,0.50-0.55
Amenorrhoea,0.6861735279645729,0.6838773167131377,0.6715433819911433,0.7154010168935543,0.020780711825487908,0.678858454977858,0.6996391668033459,0.65-0.70
Amnesia,0.5806095555605614,0.4728898700245534,0.5990584101097021,0.4464667853039893,-0.13015565517086036,0.5898339828351318,0.45967832766427136,0.55-0.60
Amylase increased,0.6734716644355199,0.6046965640339134,0.7013052208835341,0.6015171798304328,-0.08428157072735387,0.6873884426595269,0.603106871932173,0.65-0.70
Anaemia,0.6268058241383233,0.5166647707883063,0.6216016380389034,0.5000995336139232,-0.11582157888749861,0.6242037310886134,0.5083821522011147,0.60-0.65
Anaphylactic shock,0.5727403647355738,0.4949025423124634,0.5504398785165329,0.5491138265866282,-0.039581937176507515,0.5615901216260533,0.5220081844495458,0.55-0.60
Anaphylactoid reaction,0.5995502645502645,0.5874074074074074,0.6036243386243386,0.5835185185185185,-0.016124338624338597,0.6015873015873016,0.585462962962963,0.60-0.65
Angina pectoris,0.6520219068613943,0.569406172499311,0.6469413061449436,0.5427631578947368,-0.09339694130614501,0.649481606503169,0.5560846651970239,0.60-0.65
Angioedema,0.5521698327835286,0.4728699806620406,0.5564639972699351,0.4615800250255943,-0.0870919121829144,0.5543169150267319,0.46722500284381746,0.55-0.60
Angiopathy,0.576002944423997,0.5915936694884064,0.5205741626794258,0.5874567537725432,0.04123665807876342,0.5482885535517115,0.5895252116304748,0.50-0.55
Anorectal discomfort,0.5163529411764706,0.5220588235294118,0.5289411764705882,0.5317058823529413,0.004235294117647115,0.5226470588235295,0.5268823529411766,0.50-0.55
Anorectal disorder,0.5402777777777779,0.5040343915343916,0.4864417989417989,0.5087301587301587,-0.006977513227513249,0.5133597883597883,0.5063822751322751,0.50-0.55
Anxiety,0.5450704225352112,0.5332676056338028,0.5755492957746479,0.556830985915493,-0.015260563380281644,0.5603098591549296,0.5450492957746479,0.55-0.60
Apathy,0.578050443081118,0.5465121563281072,0.5375142013178822,0.5351056578050443,-0.01697341513292433,0.5577823221995001,0.5408089070665758,0.55-0.60
Aphasia,0.6015116431473634,0.6107737341080868,0.5633273624885315,0.6461619118353794,0.04604832015378563,0.5824195028179475,0.6284678229717331,0.55-0.60
Aphthous stomatitis,0.6164724164724165,0.532038332038332,0.6241906241906242,0.4715876715876715,-0.1185185185185186,0.6203315203315203,0.5018130018130017,0.60-0.65
Aplastic anaemia,0.6842132083163475,0.6148338768854464,0.7044690175295556,0.6466061964940889,-0.06362107623318386,0.6943411129229515,0.6307200366897676,0.65-0.70
Apnoea,0.5507438016528925,0.488099173553719,0.5860330578512396,0.552892561983471,-0.04789256198347103,0.568388429752066,0.520495867768595,0.55-0.60
Arrhythmia,0.5678389612815843,0.5404387153021033,0.5766661996170193,0.5510718789407314,-0.026497283327884424,0.5722525804493017,0.5457552971214173,0.55-0.60
Arrhythmia supraventricular,0.5311591355599214,0.4617681728880157,0.5218074656188605,0.4488801571709234,-0.07115913555992143,0.526483300589391,0.45532416502946954,0.50-0.55
Arthralgia,0.6147389107243122,0.5422094329028636,0.6068079730488489,0.5224171813587872,-0.07846013475575514,0.6107734418865806,0.5323133071308255,0.60-0.65
Arthritis,0.5778404344193818,0.4987677527151211,0.5689223057644109,0.4714494569757728,-0.08827276524644945,0.5733813700918964,0.48510860484544693,0.55-0.60
Arthropathy,0.5643197289782352,0.5018377065422353,0.6159353127297134,0.525104669372623,-0.07665633289654517,0.5901275208539742,0.5134711879574292,0.55-0.60
Aspartate aminotransferase increased,0.6685045948203844,0.5546644388749653,0.6335839598997494,0.5468857328506452,-0.1002691914972616,0.6510442773600669,0.5507750858628053,0.65-0.70
Asthenia,0.6522231504687646,0.4952380952380952,0.6848602988953867,0.4605216745567623,-0.19066183978464687,0.6685417246820756,0.4778798848974287,0.65-0.70
Asthma,0.5470316727677861,0.5508515040585708,0.5690951774629953,0.5237744707942065,-0.020750437689002088,0.5580634251153906,0.5373129874263887,0.55-0.60
Ataxia,0.665608643558321,0.5497235827044752,0.6879112101402055,0.5631976120908919,-0.12029932945157967,0.6767599268492632,0.5564605973976835,0.65-0.70
Atrial fibrillation,0.6136136136136136,0.5299554874022959,0.6394479585968947,0.5441398845654164,-0.08948310012139798,0.6265307861052541,0.5370476859838562,0.60-0.65
Atrial flutter,0.3908247497991088,0.3825699466725107,0.4367010008035649,0.3652567755131858,-0.03984951420848859,0.4137628753013368,0.37391336109284823,<0.50
Atrioventricular block,0.6878835978835978,0.6185449735449736,0.6727513227513228,0.6257142857142858,-0.058187830687830566,0.6803174603174602,0.6221296296296297,0.65-0.70
Azotaemia,0.5195284872298624,0.5954420432220039,0.4835363457760314,0.5602357563850687,0.0763064833005894,0.5015324165029469,0.5778388998035363,0.50-0.55
Back pain,0.6172091013824885,0.5639256912442396,0.5849798387096774,0.5086261520737327,-0.06481854838709677,0.601094470046083,0.5362759216589862,0.60-0.65
Bacterial infection,0.7604715127701375,0.5489980353634578,0.8061296660117879,0.5284872298624754,-0.24455795677799608,0.7833005893909627,0.5387426326129666,>0.70
Balance disorder,0.5639851130833095,0.3580876037789865,0.5931291153736044,0.3985113083309475,-0.2002576581734899,0.5785571142284569,0.378299456054967,0.55-0.60
Bladder pain,0.544449200913242,0.5530821917808219,0.5655441400304414,0.5114868721461187,-0.02271213850837145,0.5549966704718416,0.5322845319634703,0.55-0.60
Blepharitis,0.5527365491651206,0.4031539888682746,0.5735621521335807,0.4520871985157699,-0.13552875695732844,0.5631493506493507,0.4276205936920222,0.55-0.60
Blindness,0.6002693516321426,0.3874815622394664,0.5905855191432052,0.4199320207785544,-0.1917206438786635,0.5954274353876738,0.4037067915090104,0.55-0.60
Blister,0.4508857325247367,0.5387807213533355,0.3777529524417491,0.5079396744334503,0.10904085541015004,0.41431934248324287,0.5233601978933929,<0.50
Blood alkaline phosphatase increased,0.6518502663622526,0.5028300989345511,0.6429556697108068,0.4514126712328767,-0.17028158295281579,0.6474029680365296,0.47712138508371393,0.60-0.65
Blood bilirubin increased,0.7439271255060728,0.6424032838506524,0.7216599190283401,0.6235098965362124,-0.09983693207377409,0.7327935222672064,0.6329565901934324,>0.70
Blood cholesterol increased,0.5429359327903547,0.5084332713397037,0.5434489835182453,0.4789328544859873,-0.04950939524145448,0.5431924581543,0.4936830629128455,0.50-0.55
Blood creatine phosphokinase increased,0.612286293827876,0.530099971022892,0.5716096783541003,0.5427050130396986,-0.055545494059692835,0.5919479860909882,0.5364024920312953,0.55-0.60
Blood creatinine increased,0.6714965727341964,0.55504569687738,0.6627760853008378,0.5717250571210968,-0.10375095201827866,0.6671363290175171,0.5633853769992384,0.65-0.70
Blood disorder,0.5645442520442521,0.4563492063492063,0.544131794131794,0.4549963924963925,-0.09866522366522365,0.554338023088023,0.45567279942279937,0.55-0.60
Blood glucose increased,0.5386178861788617,0.5969802555168409,0.5333430120015487,0.6226287262872628,0.07382404181184665,0.5359804490902051,0.6098044909020519,0.50-0.55
Blood lactate dehydrogenase increased,0.7324915110356537,0.5446201188455009,0.6621392190152802,0.5715725806451613,-0.13921901528013586,0.6973153650254669,0.5580963497453311,0.65-0.70
Blood potassium decreased,0.758784425451092,0.6366425597194828,0.71246986631602,0.6422675140623859,-0.09617210899262169,0.735627145883556,0.6394550368909344,>0.70
Blood pressure increased,0.6142075517075517,0.5603956228956228,0.6675384800384799,0.5382395382395382,-0.0915554353054353,0.6408730158730158,0.5493175805675805,0.60-0.65
Blood triglycerides increased,0.5344103158504782,0.5762460156476384,0.5027528252680382,0.5496957403651115,0.04438930744711678,0.5185815705592582,0.5629708780063749,0.50-0.55
Blood urea increased,0.6376726417866587,0.5970400448801859,0.615686693559159,0.5807175486869874,-0.03780087088932216,0.6266796676729088,0.5888787967835867,0.60-0.65
Blood uric acid increased,0.6011864597390912,0.4884727845254161,0.6306230319388214,0.5112460638776428,-0.11604532163742687,0.6159047458389564,0.49985942420152946,0.60-0.65
Body temperature decreased,0.7053838848710643,0.322521732778143,0.6989553656220322,0.4285192490320695,-0.326649134341442,0.7021696252465482,0.37552049090510625,>0.70
Body temperature increased,0.6316528454214383,0.5458148684422214,0.6231845904084945,0.5422900852675764,-0.08336624106006751,0.6274187179149664,0.5440524768548989,0.60-0.65
Bone disorder,0.5482696408069543,0.4915860259143841,0.5847793997047729,0.496309660488765,-0.07257667705428902,0.5665245202558635,0.4939478432015746,0.55-0.60
Bone pain,0.6207261960417642,0.4872681938600591,0.6006545114539504,0.5964157706093189,-0.06884837151316828,0.6106903537478573,0.541841982234689,0.60-0.65
Bradycardia,0.611479503249384,0.5606965091859176,0.6279992724025598,0.5507581896052783,-0.06401203843037395,0.6197393878259719,0.555727349395598,0.60-0.65
Breast disorder,0.590625,0.5246180555555555,0.5580208333333334,0.5145833333333334,-0.05472222222222223,0.5743229166666667,0.5196006944444445,0.55-0.60
Breast enlargement,0.6641796999680817,0.6001835301627833,0.689036067666773,0.5847829556335781,-0.08412464091924671,0.6766078838174274,0.5924832428981807,0.65-0.70
Breast feeding,0.437328094302554,0.5157563850687623,0.4779567779960708,0.5565422396856582,0.07850687622789787,0.4576424361493124,0.5361493123772103,<0.50
Breast pain,0.5985039738195419,0.5900264921302789,0.5913978494623655,0.5942340657628176,-0.002820632694405467,0.5949509116409537,0.5921302789465482,0.55-0.60
Breath odour,0.4460932768019382,0.5173379769836463,0.4929588128407026,0.5314960629921259,0.054890975166565686,0.46952604482132043,0.5244170199878861,<0.50
Bronchitis,0.5393009674888869,0.5033905691623813,0.5172491937592609,0.4824718905255818,-0.035343850780092334,0.5282750806240739,0.4929312298439816,0.50-0.55
Bronchospasm,0.5295112781954887,0.5599624060150377,0.5030910609857978,0.527046783625731,0.027203425229741063,0.5163011695906432,0.5435045948203843,0.50-0.55
Bundle branch block,0.6816711289602856,0.499553770638108,0.6340361445783133,0.4918005354752342,-0.1621764837126283,0.6578536367692994,0.49567715305667115,0.65-0.70
Burning sensation,0.6291497975708503,0.3771255060728745,0.6083502024291498,0.385576923076923,-0.23739878542510134,0.6187500000000001,0.38135121457489873,0.60-0.65
Bursitis,0.5143719388512343,0.5223865828921981,0.5550883095037847,0.5404442685400485,-0.0033146984613862673,0.5347301241775095,0.5314154257161232,0.50-0.55
Candida infection,0.6683904724241778,0.4533507741915857,0.6586256198095702,0.5511209807440758,-0.16127216864904328,0.6635080461168741,0.5022358774678307,0.65-0.70
Cardiac arrest,0.5843045843045844,0.5188811188811189,0.55007215007215,0.5502941502941503,-0.03260073260073265,0.5671883671883673,0.5345876345876346,0.55-0.60
Cardiac disorder,0.6291664838459626,0.5543855030494493,0.6261535986427392,0.5487107483948341,-0.0761119155222092,0.6276600412443509,0.5515481257221417,0.60-0.65
Cardiac failure,0.5511258690463837,0.4959634741102003,0.553076683615233,0.4685067967209713,-0.06986614091522256,0.5521012763308084,0.4822351354155858,0.55-0.60
Cardiac failure congestive,0.597329247936341,0.563533258637642,0.627695333043697,0.5817346168797017,-0.0398783527313471,0.612512290490019,0.5726339377586719,0.60-0.65
Cardiomyopathy,0.624665327978581,0.44818161535029,0.6609772423025435,0.4536479250334672,-0.19190651494868366,0.6428212851405622,0.4509147701918786,0.60-0.65
Cardiovascular disorder,0.5460838537020517,0.4501694915254237,0.5114005352363961,0.4857091882247993,-0.06080285459411239,0.5287421944692239,0.4679393398751115,0.50-0.55
Cataract,0.6148438634713145,0.5287726942628903,0.6115613652868555,0.5416122004357298,-0.07801016702977492,0.613202614379085,0.53519244734931,0.60-0.65
Cellulitis,0.6527454027454028,0.4211344211344211,0.5573038073038074,0.4977337477337477,-0.1455905205905207,0.6050246050246051,0.4594340844340844,0.60-0.65
Cerebral haemorrhage,0.531262098335269,0.5875435540069687,0.5452477739063104,0.564847077042199,0.03794037940379413,0.5382549361207898,0.5761953155245838,0.50-0.55
Cerebral ischaemia,0.6110718364239491,0.4709337103703301,0.6050356191201262,0.4392299744412421,-0.15297188536625153,0.6080537277720377,0.4550818424057861,0.60-0.65
Cerebrovascular accident,0.6614276619449307,0.5416202451058412,0.6683113162501989,0.5279126213592232,-0.13010305586503262,0.6648694890975648,0.5347664332325321,0.65-0.70
Cerebrovascular disorder,0.4097967250141163,0.4832721626199887,0.4781197063805759,0.5611942405420666,0.07827498588368154,0.44395821569734606,0.5222332015810276,<0.50
Cheilitis,0.6249294184076792,0.4665443252399774,0.5634528514963297,0.4700734048560136,-0.12588226990400897,0.5941911349520045,0.4683088650479955,0.55-0.60
Chest discomfort,0.5192089206816747,0.5354092152324847,0.5148748159057438,0.5581317062907637,0.029728592467914983,0.5170418682937092,0.5467704607616242,0.50-0.55
Chest pain,0.594233026459067,0.5696689434757399,0.6027038875454301,0.5816893640490433,-0.02278930323985695,0.5984684570022485,0.5756791537623915,0.55-0.60
Chills,0.5962896993116773,0.55832628909552,0.5922744837580002,0.535880328462746,-0.04717878275570575,0.5942820915348388,0.547103308779133,0.55-0.60
Cholecystitis,0.4512651821862348,0.4988360323886639,0.4859817813765182,0.4815789473684211,0.021584008097166013,0.46862348178137647,0.4902074898785425,<0.50
Cholelithiasis,0.6022722108611679,0.5236991592819814,0.6647580095432856,0.5825494205862305,-0.08039082026812078,0.6335151102022267,0.553124289934106,0.60-0.65
Cholestasis,0.5631365740740741,0.5304012345679012,0.6340663580246914,0.5706790123456791,-0.04806134259259259,0.5986014660493828,0.5505401234567902,0.55-0.60
Coagulopathy,0.5830900905357939,0.4966110918715678,0.5267402166922277,0.5277791520308712,-0.04272003166279126,0.5549151536140108,0.5121951219512195,0.55-0.60
Cognitive disorder,0.6571852060982496,0.5575945793337098,0.6197769621682665,0.5665584415584416,-0.07640457368718234,0.638481084133258,0.5620765104460757,0.60-0.65
Colitis,0.5414136302294197,0.4286718398560504,0.5536437246963563,0.4543690958164642,-0.10600820962663068,0.547528677462888,0.4415204678362573,0.50-0.55
Coma,0.5514860219633133,0.5091108204301402,0.562102637422809,0.4659751163568886,-0.06925136129954673,0.5567943296930611,0.4875429683935144,0.55-0.60
Completed suicide,0.6668300071275838,0.5369297933000713,0.6638453314326442,0.5411172487526729,-0.12631414825374193,0.6653376692801141,0.5390235210263721,0.65-0.70
Confusional state,0.5627834467120182,0.555172902494331,0.5781179138321996,0.5502692743764173,-0.017729591836734726,0.5704506802721089,0.5527210884353742,0.55-0.60
Conjunctival hyperaemia,0.5563591204616846,0.5407261304697202,0.6183797209438235,0.5562130177514794,-0.038899846592154286,0.587369420702754,0.5484695741105998,0.55-0.60
Conjunctivitis,0.5476210741339689,0.563316026895906,0.5622946633756065,0.5273640309813601,-0.00961783981615466,0.5549578687547877,0.545340028938633,0.55-0.60
Connective tissue disorder,0.5416784486479246,0.5085202327623413,0.5406069084577263,0.5037280669117319,-0.035018528715788866,0.5411426785528255,0.5061241498370366,0.50-0.55
Constipation,0.6473572439830109,0.5011650542708825,0.6472835063709297,0.4862553091080698,-0.1536101934874941,0.6473203751769703,0.49371018168947617,0.60-0.65
Contusion,0.4926971140017259,0.4724663619802486,0.4819265556585381,0.5190642078685799,0.00845345009428225,0.48731183483013196,0.49576528492441424,<0.50
Convulsion,0.5953663081595821,0.4806098044106642,0.6007952694672282,0.4706762725045119,-0.12243775035581711,0.5980807888134052,0.47564303845758804,0.55-0.60
Coordination abnormal,0.6557315737450912,0.5362915074933882,0.6523121310073998,0.5382149440333395,-0.11676862661288168,0.6540218523762455,0.5372532257633638,0.65-0.70
Coronary artery disease,0.5393445776951196,0.5803886359263772,0.5629449111780928,0.5270313602257424,0.0025652536394536463,0.5511447444366062,0.5537099980760598,0.55-0.60
Cough,0.59064467176259,0.505789118705036,0.5881857014388489,0.538486398381295,-0.06727742805755393,0.5894151866007193,0.5221377585431655,0.55-0.60
Cyanosis,0.5497058823529413,0.6161176470588234,0.5527647058823528,0.6217058823529411,0.06767647058823523,0.551235294117647,0.6189117647058823,0.55-0.60
Cyst,0.6903463695916526,0.5864354920958693,0.6653983446436276,0.5810222413995998,-0.09414349036990555,0.6778723571176402,0.5837288667477345,0.65-0.70
Cystitis,0.5324824824824825,0.5151401401401402,0.5479979979979981,0.5198698698698698,-0.022735235235235296,0.5402402402402403,0.517505005005005,0.50-0.55
Cystitis noninfective,0.5450723603750509,0.5338106400326131,0.5231349368120669,0.5502700774561761,0.00793671015083569,0.5341036485935589,0.5420403587443946,0.50-0.55
Deafness,0.5715395715395716,0.4693306693306693,0.5430791430791431,0.4662892662892663,-0.08949938949938951,0.5573093573093573,0.4678099678099678,0.55-0.60
Decreased appetite,0.6329214309402621,0.5492480498320188,0.647297160901475,0.5536314218563003,-0.08866956007670901,0.6401092959208685,0.5514397358441596,0.60-0.65
Deep vein thrombosis,0.7363362313775176,0.616497007296081,0.7276857879330683,0.6181571934116825,-0.11468390930141115,0.732011009655293,0.6173271003538818,>0.70
Dehydration,0.6020259638080252,0.4771243115656962,0.614162077104642,0.534795436664044,-0.10213414634146348,0.6080940204563337,0.5059598741148701,0.60-0.65
Delirium,0.6637784632447232,0.5474993934772814,0.6305756767060617,0.4728104529858246,-0.1370221467438395,0.6471770699753925,0.510154923231553,0.60-0.65
Delusion,0.7672220561864913,0.5865585774058577,0.7809698147041243,0.5773684997011357,-0.1921323968918111,0.7740959354453079,0.5819635385534967,>0.70
Dementia,0.5697275184454671,0.3736576813499891,0.5923734385272846,0.4375776170647965,-0.17543282927898307,0.5810504784863759,0.4056176492073928,0.55-0.60
Depersonalisation,0.5938433950986252,0.4490436341900777,0.6518604303646145,0.456253735803945,-0.17020322773460847,0.6228519127316199,0.4526486849970114,0.60-0.65
Depressed level of consciousness,0.6276755651755652,0.4574915824915825,0.6193181818181819,0.4842472342472342,-0.1526274651274652,0.6234968734968735,0.4708694083694084,0.60-0.65
Depressed mood,0.4142857142857143,0.4579365079365079,0.4340608465608466,0.496957671957672,0.0532738095238095,0.42417328042328045,0.47744708994708995,<0.50
Depression,0.4854004192872118,0.5284528301886792,0.4973584905660377,0.5424234800838574,0.04405870020964356,0.4913794549266247,0.5354381551362684,<0.50
Dermatitis,0.5911627319782855,0.4714556242898624,0.6113874510794092,0.5104658502714304,-0.11031435424820094,0.6012750915288474,0.4909607372806464,0.60-0.65
Dermatitis atopic,0.551911865569273,0.4203103566529492,0.5017575445816186,0.4823816872427983,-0.07548868312757204,0.5268347050754458,0.45134602194787377,0.50-0.55
Dermatitis bullous,0.4909462134961227,0.4973807952483088,0.4715599736017158,0.4975664081834681,0.016220508166969183,0.48125309354891926,0.49747360171588845,<0.50
Dermatitis contact,0.6315468409586057,0.5480900508351488,0.6487726942628904,0.5431808278867103,-0.09452432824981849,0.640159767610748,0.5456354393609295,0.60-0.65
Dermatitis exfoliative,0.571528975784295,0.5368134091538347,0.5892062275040998,0.5440972887781399,-0.03991225267821008,0.5803676016441974,0.5404553489659873,0.55-0.60
Diabetes mellitus,0.6319039451114924,0.5056603773584906,0.6272512864493996,0.4999142367066895,-0.126790308747856,0.629577615780446,0.50278730703259,0.60-0.65
Diarrhoea,0.679720692368214,0.5458693941778128,0.6844020456333596,0.5526750590086547,-0.13278914240755307,0.6820613690007868,0.5492722265932337,0.65-0.70
Diplopia,0.6359298737113965,0.5513799820525728,0.6382717940861039,0.53767865350522,-0.09257151611985381,0.6371008338987503,0.5445293177788963,0.60-0.65
Discomfort,0.5345111333042634,0.4925098110925126,0.5605474519291632,0.4479906601212496,-0.0772790570098322,0.5475292926167132,0.47025023560688106,0.50-0.55
Disorientation,0.5852886212624585,0.5290178571428572,0.5743095930232558,0.536155523255814,-0.047212416943521573,0.5797991071428572,0.5325866901993356,0.55-0.60
Disturbance in attention,0.5176588689806224,0.5456453624555105,0.5375840355306787,0.5315000152100507,0.010951236577130097,0.5276214522556506,0.5385726888327806,0.50-0.55
Disturbance in sexual arousal,0.6058977455716587,0.5300925925925926,0.6410225442834139,0.5576892109500806,-0.07956924315619968,0.6234601449275363,0.5438909017713366,0.60-0.65
Dizziness,0.6720261121856865,0.5604206963249516,0.6830029013539651,0.5109284332688588,-0.1418399419729206,0.6775145067698258,0.5356745647969052,0.65-0.70
Dizziness postural,0.6106362773029439,0.4146394915625685,0.6612608663890716,0.6424866681276937,-0.1073854920008766,0.6359485718460077,0.5285630798451311,0.60-0.65
Drug eruption,0.4998342253587837,0.4478283522000663,0.5291526547624686,0.4557381707952446,-0.06271017856297073,0.5144934400606261,0.45178326149765546,0.50-0.55
Drug interaction,0.502778355570083,0.5151992392951593,0.5297893204171991,0.4944878614090868,-0.011440287641517971,0.516283837993641,0.504843550352123,0.50-0.55
Drug withdrawal syndrome,0.7882553772618641,0.7394332536701945,0.7142369409354729,0.703721406623421,-0.029668828951860737,0.7512461590986685,0.7215773301468078,>0.70
Dry eye,0.6116651937886631,0.5450321929049362,0.5900265118040651,0.5620249968438329,-0.04731725792197955,0.600845852796364,0.5535285948743845,0.60-0.65
Dry mouth,0.6651727475487101,0.5543772531526603,0.6871046023930761,0.53622578518425,-0.130837155802438,0.6761386749708931,0.5453015191684552,0.65-0.70
Dry skin,0.6000556947925368,0.5873758470249698,0.5728952009653764,0.5568922305764412,-0.0143414090782511,0.5864754478789567,0.5721340388007055,0.55-0.60
Dysaesthesia,0.6048868081831591,0.5991791188353748,0.5636503559289425,0.61713589431155,0.02388892451741159,0.5842685820560508,0.6081575065734623,0.55-0.60
Dysarthria,0.6184729064039409,0.4497536945812807,0.5856834975369458,0.5092672413793103,-0.12256773399014784,0.6020782019704434,0.4795104679802955,0.60-0.65
Dysgeusia,0.5641717012962669,0.4958401222730091,0.5773794933167996,0.4990988133173763,-0.07330612951134055,0.5707755973065333,0.49746946779519274,0.55-0.60
Dyskinesia,0.7062867215041129,0.6026439482961223,0.7430082256169214,0.564042303172738,-0.14130434782608697,0.7246474735605171,0.5833431257344301,>0.70
Dysmenorrhoea,0.6851489522847766,0.483400656399899,0.6631216864428174,0.5427922241858116,-0.1610388790709417,0.674135319363797,0.5130964402928553,0.65-0.70
Dyspepsia,0.6325843194610646,0.5106885904652159,0.6121821861750063,0.528283768411411,-0.10289707337972204,0.6223832528180355,0.5194861794383134,0.60-0.65
Dysphagia,0.6027600172501077,0.4796842480265501,0.6222601391258695,0.4851592822455139,-0.13008831305195664,0.6125100781879886,0.48242176513603197,0.60-0.65
Dysphonia,0.6188785859171255,0.5426687916545929,0.6451028687337004,0.5173500434656622,-0.10198130976528541,0.631990727325413,0.5300094175601275,0.60-0.65
Dyspnoea,0.6117570419044651,0.5730247971336723,0.6162179768597851,0.5382153427839066,-0.058367439423335665,0.6139875093821251,0.5556200699587894,0.60-0.65
Dysuria,0.565109476110274,0.615831929793458,0.5305203439411401,0.6097686375321336,0.06498537363708878,0.547814910025707,0.6128002836627958,0.50-0.55
Ear disorder,0.4712301587301588,0.499537037037037,0.4430224867724868,0.533068783068783,0.05917658730158723,0.4571263227513228,0.51630291005291,<0.50
Ear infection,0.5311507936507937,0.5238756613756614,0.5622354497354497,0.5422619047619047,-0.013624338624338594,0.5466931216931217,0.533068783068783,0.50-0.55
Ear pain,0.5854443521594683,0.5428000415282392,0.5730377906976744,0.4978716777408638,-0.05890521179401981,0.5792410714285714,0.5203358596345515,0.55-0.60
Ecchymosis,0.5870314786793343,0.4725522784213529,0.6305410165455312,0.4650857043633568,-0.13996725622007788,0.6087862476124327,0.46881899139235483,0.60-0.65
Eczema,0.5060933029982205,0.4420742008875273,0.4872615051922601,0.4351586961908409,-0.0580609555560562,0.4966774040952403,0.43861644853918413,<0.50
Ejaculation disorder,0.7722054768165202,0.5198486500352721,0.8142756365035593,0.5771179375360738,-0.24475726287436678,0.7932405566600398,0.548483293785673,>0.70
Electrocardiogram QT prolonged,0.7351037539716786,0.6559447691523164,0.7200407955124937,0.6712430863374259,-0.063978346997215,0.7275722747420861,0.6635939277448711,>0.70
Electrocardiogram abnormal,0.586569968106951,0.6022543579885535,0.5767836078465638,0.5703613089256848,0.004631045480361806,0.5816767879767574,0.5863078334571192,0.55-0.60
Embolism,0.6352048065603052,0.5953395851094061,0.6125928632322494,0.5384240652782852,-0.05701700970243162,0.6238988348962773,0.5668818251938457,0.60-0.65
Embolism venous,0.8046630968317715,0.5759705488621152,0.8313253012048193,0.5519857206604195,-0.25401606425702805,0.8179941990182954,0.5639781347612673,>0.70
Encephalopathy,0.4474663612940166,0.5652447752648153,0.5352991697681077,0.5166332665330662,0.04955625536787861,0.49138276553106214,0.5409390208989407,<0.50
Endocrine disorder,0.569962444962445,0.5248963998964,0.5534835534835535,0.5662716912716912,-0.016138953638953624,0.5617229992229993,0.5455840455840456,0.55-0.60
Endophthalmitis,0.5557528166609764,0.488426083987709,0.6053260498463638,0.5119153294639809,-0.0803687265278252,0.5805394332536702,0.500170706725845,0.55-0.60
Eosinophilia,0.6117475639741371,0.5192787542118205,0.5838812494308352,0.4804662599034697,-0.09794189964484107,0.5978144067024862,0.4998725070576451,0.55-0.60
Epigastric discomfort,0.6173108328796951,0.6276537833424061,0.6300127018689893,0.6533599467731204,0.016845097683421018,0.6236617673743422,0.6405068650577632,0.60-0.65
Epistaxis,0.6373272701071205,0.5224248634973501,0.6370710774502426,0.5273405601011961,-0.11231646197940848,0.6371991737786815,0.5248827117992731,0.60-0.65
Erectile dysfunction,0.6812574612017508,0.5520732192598488,0.6834381217668126,0.5569598089932352,-0.12783127735773975,0.6823477914842817,0.554516514126542,0.65-0.70
Eructation,0.5946825396825397,0.5193650793650794,0.6121825396825397,0.5291534391534392,-0.07917328042328042,0.6034325396825397,0.5242592592592592,0.60-0.65
Erythema,0.5054664289958407,0.5177658942364824,0.5407754010695187,0.4897504456327985,-0.01936274509803923,0.5231209150326797,0.5037581699346405,0.50-0.55
Erythema multiforme,0.5479957569509808,0.486322143038561,0.5496989526840274,0.4811229139587348,-0.06512482631885619,0.5488473548175041,0.4837225284986479,0.50-0.55
Erythema nodosum,0.5275038351961429,0.5968295711885456,0.5516107823800132,0.5564321718167872,0.03707356271458839,0.5395573087880781,0.5766308715026665,0.50-0.55
Euphoric mood,0.675330396475771,0.5759911894273128,0.6642345814977973,0.608535242290749,-0.07751927312775331,0.6697824889867842,0.5922632158590309,0.65-0.70
Extrapyramidal disorder,0.817671809256662,0.69474832476235,0.8230325697366371,0.6810347514414835,-0.1324606513947328,0.8203521894966496,0.6878915381019168,>0.70
Extrasystoles,0.5291681890147364,0.5416311452117079,0.5302236836763691,0.5949742215726871,0.03860674704664474,0.5296959363455527,0.5683026833921975,0.50-0.55
Extravasation,0.5902016932270917,0.5563994023904382,0.5899526892430279,0.5737674302788844,-0.024993774900398502,0.5900771912350598,0.5650834163346613,0.55-0.60
Eye disorder,0.5565844681634156,0.5412145748987854,0.55576002944424,0.5336326831063672,-0.01874861980125142,0.5561722488038278,0.5374236290025763,0.55-0.60
Eye haemorrhage,0.5557786702365015,0.4682619366354306,0.6217648371262828,0.4651383311021865,-0.12207161981258363,0.5887717536813921,0.46670013386880854,0.55-0.60
Eye irritation,0.557256543833296,0.5714468343507303,0.5265748346064113,0.5686023842244877,0.02810892006775534,0.5419156892198537,0.570024609287609,0.50-0.55
Eye pain,0.524056603773585,0.4805960548885077,0.539729845626072,0.511771012006861,-0.0357096912521441,0.5318932246998285,0.4961835334476844,0.50-0.55
Eye pruritus,0.573380086200599,0.6253195996785741,0.5194681861348528,0.6828840674994522,0.10767769742128724,0.5464241361677259,0.6541018335890132,0.50-0.55
Eyelid oedema,0.6109792855768614,0.4974668120310396,0.6251523119348424,0.5362021419867888,-0.10123132174693772,0.618065798755852,0.5168344770089142,0.60-0.65
Face oedema,0.5979030501089324,0.4815203859321506,0.617433084344849,0.4424019607843137,-0.14570689386865857,0.6076680672268907,0.46196117335823217,0.60-0.65
Faecal incontinence,0.5207766285610597,0.4789814310772394,0.5449706647311438,0.4777717292687352,-0.05449706647311442,0.5328736466461017,0.4783765801729873,0.50-0.55
Fatigue,0.598245215944331,0.5890023447545571,0.6029347250586188,0.581726041903033,-0.01522577717267981,0.6005899705014749,0.5853641933287951,0.60-0.65
Febrile neutropenia,0.7081581160639192,0.6995992677979519,0.6675901647454608,0.7525849700687677,0.03821797852866976,0.68787414040469,0.7260921189333598,0.65-0.70
Feeling abnormal,0.5803271569195135,0.5224232773595832,0.5712362478286045,0.5301968731905038,-0.049471627099015536,0.575781702374059,0.5263100752750435,0.55-0.60
Feeling hot,0.4717948717948718,0.542035742035742,0.4988862988862989,0.474022274022274,0.022688422688422666,0.48534058534058533,0.508029008029008,<0.50
Flank pain,0.5254223968565814,0.5820825147347741,0.457524557956778,0.6367779960707268,0.11795677799607077,0.4914734774066797,0.6094302554027504,<0.50
Flat affect,0.6036617961511048,0.5093995010691376,0.5785816108339273,0.537731646471846,-0.0675561297220243,0.591121703492516,0.5235655737704918,0.55-0.60
Flatulence,0.6115536408714383,0.5338354560305322,0.6104549462940744,0.519711448108366,-0.08423084151330723,0.6110042935827563,0.5267734520694491,0.60-0.65
Fluid retention,0.5442182432616575,0.5800016351892732,0.5547924672280816,0.5750688142152454,0.028029869457389722,0.5495053552448695,0.5775352247022593,0.50-0.55
Flushing,0.5841798006041351,0.5253940181240511,0.590158546319628,0.5115896890113157,-0.06867731989419817,0.5871691734618816,0.5184918535676835,0.55-0.60
Foetor hepaticus,0.4617408906882591,0.4116902834008097,0.4798076923076923,0.3618421052631578,-0.08400809716599195,0.47077429149797567,0.3867661943319838,<0.50
Folliculitis,0.7283190451380666,0.6409794913086724,0.7321081797944394,0.6184341401032539,-0.10050679676028984,0.730213612466253,0.6297068157059631,>0.70
Fracture,0.6907435808638006,0.6026814426359275,0.7419482511255133,0.5206550239944591,-0.1546776826794637,0.716345915994657,0.5616682333151932,>0.70
Fungal infection,0.6064494680851064,0.542785904255319,0.5994348404255319,0.5664561170212765,-0.048321143617021334,0.602942154255319,0.5546210106382978,0.60-0.65
Fungal skin infection,0.6480710139979515,0.3485148514851485,0.6616592693752135,0.4858996244452031,-0.2376579037214067,0.6548651416865825,0.4172072379651758,0.65-0.70
Furuncle,0.5863529411764706,0.4834705882352941,0.5749411764705882,0.4796470588235294,-0.09908823529411764,0.5806470588235294,0.48155882352941176,0.55-0.60
Gait disturbance,0.6406695980868626,0.5419270230656483,0.616909665972383,0.5211756537838463,-0.09723829360487546,0.6287896320296228,0.5315513384247473,0.60-0.65
Galactorrhoea,0.7800540123456791,0.7822916666666667,0.819753086419753,0.7843749999999999,-0.01657021604938269,0.799903549382716,0.7833333333333333,>0.70
Gamma-glutamyltransferase increased,0.5830242955671854,0.5612241361383565,0.5221987315010571,0.5770977021453576,0.016549405607735823,0.5526115135341212,0.5691609191418571,0.55-0.60
Gastric ulcer,0.4879048582995951,0.4275303643724696,0.4862854251012145,0.4261133603238866,-0.060273279352226705,0.4870951417004048,0.4268218623481781,<0.50
Gastritis,0.5638272444795822,0.4853554946772326,0.5742337605030429,0.4826895144238725,-0.08500799794076,0.5690305024913125,0.4840225045505525,0.55-0.60
Gastroenteritis,0.5763842417701026,0.5664112250404749,0.5930922827846735,0.6099730167296276,0.003453858607663174,0.584738262277388,0.5881921208850512,0.55-0.60
Gastrointestinal disorder,0.6087036160761986,0.5502266725688032,0.5968281104513609,0.5650634225268267,-0.04512081571596477,0.6027658632637798,0.557645047547815,0.60-0.65
Gastrointestinal haemorrhage,0.567884985319429,0.484479092841956,0.5804596537410145,0.5395160473828086,-0.06217474941783946,0.5741723195302217,0.5119975701123822,0.55-0.60
Gastrointestinal pain,0.6060491206791996,0.5257731958762887,0.585961188599151,0.4844906003638569,-0.09087325651910252,0.5960051546391754,0.5051318981200728,0.55-0.60
Gastrooesophageal reflux disease,0.5494768722466961,0.5540748898678414,0.5513215859030838,0.5440253303964757,-0.0013491189427313754,0.5503992290748899,0.5490501101321585,0.55-0.60
Generalised oedema,0.4499612853271389,0.5213898567557105,0.4564943863724351,0.5120499419279907,0.06349206349206357,0.453227835849787,0.5167198993418506,<0.50
Gingival bleeding,0.5202458256029685,0.3514842300556586,0.5241651205936919,0.3793599257884972,-0.1567833951762523,0.5222054730983302,0.3654220779220779,0.50-0.55
Gingivitis,0.5294076872422278,0.4981457734031123,0.4992895019582019,0.4976605552282258,-0.016445430284545787,0.5143485946002149,0.49790316431566906,0.50-0.55
Glaucoma,0.6452106993424985,0.498767184698147,0.603332337118948,0.4875597728631201,-0.1311080394500897,0.6242715182307232,0.49316347878063355,0.60-0.65
Glossitis,0.5092916342916343,0.4628010878010878,0.4896723646723646,0.5176443926443927,-0.00925925925925919,0.49948199948199945,0.49022274022274026,<0.50
Glycosuria,0.6778036778036778,0.5523504273504274,0.64996114996115,0.5465552965552966,-0.1144295519295519,0.6638824138824139,0.549452861952862,0.65-0.70
Gout,0.6183348655481498,0.3942197196046885,0.6380429786256033,0.3973511836359457,-0.23240347046655946,0.6281889220868766,0.3957854516203171,0.60-0.65
Grand mal convulsion,0.5804013268802002,0.5295557126543041,0.6336940562292674,0.5813257925933982,-0.05160693893088264,0.6070476915547338,0.5554407526238512,0.60-0.65
Gynaecomastia,0.650321683185533,0.5945705094766128,0.6614284472265692,0.633150756390193,-0.04201443227264817,0.6558750652060511,0.6138606329334029,0.65-0.70
Haematemesis,0.5685747088732163,0.4399868787928489,0.6184024930293588,0.470362473347548,-0.13831392488108907,0.5934886009512875,0.45517467607019846,0.55-0.60
Haematochezia,0.4644268774703557,0.444240542066629,0.4519339356295878,0.4155844155844156,-0.028267927724449443,0.4581804065499717,0.4299124788255223,<0.50
Haematocrit decreased,0.6257763975155279,0.6889469226425748,0.6086956521739131,0.6938876341050254,0.07418125352907962,0.6172360248447205,0.6914172783738002,0.60-0.65
Haematoma,0.5874931974471874,0.4273982090733687,0.53772324741503,0.4595557314599516,-0.11913125216444856,0.5626082224311086,0.4434769702666601,0.55-0.60
Haematuria,0.640009854644001,0.4986285620431963,0.6309435821630944,0.5010757986367742,-0.13562453806356245,0.6354767184035477,0.49985218033998524,0.60-0.65
Haemoglobin,0.6127537080405933,0.5806824095758523,0.6081999739786625,0.5806824095758522,-0.029794431433775692,0.610476841009628,0.5806824095758523,0.60-0.65
Haemoglobin decreased,0.6348832795596888,0.5342190168912507,0.5910419434427785,0.4664642247105712,-0.11262099070032269,0.6129626115012337,0.5003416208009109,0.60-0.65
Haemolytic anaemia,0.6013181192209325,0.5305429864253394,0.6358941569939013,0.5149763918945505,-0.09584644894747196,0.6186061381074168,0.5227596891599449,0.60-0.65
Haemoptysis,0.5968559837728195,0.5041654592871632,0.6118878585917126,0.4544334975369458,-0.12507244277021154,0.604371921182266,0.47929947841205445,0.60-0.65
Haemorrhage,0.6508389397746616,0.5662316608575828,0.608105698305909,0.5799140795979574,-0.056399448812515185,0.6294723190402853,0.5730728702277701,0.60-0.65
Haemorrhage intracranial,0.6975529100529101,0.5763227513227513,0.6985449735449736,0.5808201058201058,-0.11947751322751327,0.6980489417989418,0.5785714285714285,0.65-0.70
Haemorrhoids,0.5174887448671647,0.5720081135902637,0.4933458665215455,0.5597882550833622,0.06048087864245785,0.5054173056943551,0.5658981843368129,0.50-0.55
Hallucination,0.647214459345493,0.6159939146395912,0.6434937906173002,0.6020868817488796,-0.036313726787161216,0.6453541249813965,0.6090403981942354,0.60-0.65
Headache,0.6123566452711952,0.5780731907644572,0.6164025187844127,0.5714416086149728,-0.039622182338088896,0.614379582027804,0.5747573996897151,0.60-0.65
Hearing impaired,0.6767037786774629,0.5379554655870445,0.660481331533963,0.5783850652271705,-0.11042228969860546,0.668592555105713,0.5581702654071075,0.65-0.70
Hepatic enzyme increased,0.5538662650260024,0.5881951746284351,0.5303930205461934,0.5671374577282673,0.03553667339225325,0.542129642786098,0.5776663161783512,0.50-0.55
Hepatic failure,0.5761316872427984,0.5481290075605321,0.5750215331610681,0.5173700832615561,-0.04282706479088916,0.5755766102019333,0.532749545411044,0.55-0.60
Hepatic function abnormal,0.5204028477166175,0.4625803090814377,0.5532954630020093,0.4780095750750379,-0.06655421328107558,0.5368491553593133,0.4702949420782378,0.50-0.55
Hepatic necrosis,0.5236549165120594,0.5915584415584416,0.5097866419294991,0.5719851576994435,0.0650510204081633,0.5167207792207793,0.5817717996289425,0.50-0.55
Hepatic steatosis,0.5454270139309509,0.3843882495457298,0.6008479709267112,0.373182919442762,-0.19435190793458515,0.573137492428831,0.37878558449424593,0.55-0.60
Hepatitis,0.5790998217468806,0.5124331550802139,0.5818924539512775,0.5339720736779561,-0.05729352346999406,0.580496137849079,0.523202614379085,0.55-0.60
Hepatitis cholestatic,0.4962026892430279,0.5128237051792829,0.5115164342629482,0.5249003984063745,0.01500249003984061,0.5038595617529881,0.5188620517928286,0.50-0.55
Hepatobiliary disease,0.5889110054244603,0.5576405877258293,0.6071140959992707,0.5461534955100056,-0.04611550909394807,0.5980125507118654,0.5518970416179174,0.55-0.60
Hepatocellular injury,0.524709426241155,0.4821108869248913,0.5469038620023303,0.4779050271391628,-0.05579868708971564,0.5358066441217426,0.48000795703202703,0.50-0.55
Hepatomegaly,0.6028167890201085,0.4978056176188956,0.553622725821896,0.4907835939993616,-0.08392515161187364,0.5782197574210022,0.4942946058091286,0.55-0.60
Hepatotoxicity,0.6271357679850237,0.5428342198318129,0.6084747273645738,0.4820966927168454,-0.10533979140046956,0.6178052476747987,0.5124654562743292,0.60-0.65
Hernia,0.5062817617165443,0.5299265951439864,0.5070581592320722,0.5662055335968379,0.04139610389610393,0.5066699604743082,0.5480660643704122,0.50-0.55
Herpes simplex,0.5415641279682955,0.4057336444117741,0.5604205950973186,0.4805522707660839,-0.10784940394387799,0.550992361532807,0.443142957588929,0.55-0.60
Herpes zoster,0.6112034574468085,0.5252992021276596,0.6547539893617021,0.4971409574468085,-0.1217586436170213,0.6329787234042553,0.511220079787234,0.60-0.65
Hiccups,0.6642979585476079,0.4740532959326788,0.6413900576593424,0.5056568489948574,-0.16298893563970704,0.6528440081034752,0.48985507246376814,0.65-0.70
Hirsutism,0.6991452991452992,0.5776741776741776,0.7017353017353017,0.6010878010878011,-0.1110593110593111,0.7004403004403005,0.5893809893809894,>0.70
Hostility,0.7227292020373515,0.4410547538200339,0.7331812393887945,0.4709783531409168,-0.27193866723259763,0.7279552207130731,0.4560165534804753,>0.70
Hot flush,0.614849591375413,0.5129977395235611,0.5957224830464267,0.5264953921057207,-0.08553947139627893,0.6052860372109199,0.519746565814641,0.60-0.65
Hyperacusis,0.6326129666011788,0.5614931237721021,0.6875442043222004,0.6213752455795678,-0.06864440078585465,0.6600785854616896,0.591434184675835,0.65-0.70
Hyperaesthesia,0.5194092827004219,0.5422995780590717,0.5203586497890295,0.5174753867791843,0.010003516174402316,0.5198839662447257,0.529887482419128,0.50-0.55
Hyperbilirubinaemia,0.690499872119128,0.483986473045554,0.7146551479155419,0.4964335445735883,-0.2123675012077638,0.7025775100173349,0.4902100088095711,>0.70
Hypercalcaemia,0.6747027897503909,0.596078245630654,0.6706294699947899,0.5755221901198314,-0.08686591199734767,0.6726661298725904,0.5858002178752427,0.65-0.70
Hypercholesterolaemia,0.59038420030218,0.5024282322469242,0.5445715519102093,0.4815454349233758,-0.07549104252104463,0.5674778761061947,0.49198683358515005,0.55-0.60
Hyperglycaemia,0.6686849543877682,0.5007227290247976,0.6608634202749583,0.4754272131568804,-0.1766992162405242,0.6647741873313633,0.488074971090839,0.65-0.70
Hyperhidrosis,0.6251262484569633,0.571512737066547,0.6033694310402873,0.5609780047132757,-0.0480024688587139,0.6142478397486253,0.5662453708899113,0.60-0.65
Hyperkalaemia,0.5489149541372367,0.448975678353415,0.5600690338457606,0.436798875003995,-0.11160471731279362,0.5544919939914986,0.442887276678705,0.55-0.60
Hyperkinesia,0.6649332897512852,0.4913974979942352,0.645410513178617,0.525242920393427,-0.14685169227111997,0.6551719014649511,0.5083202091938311,0.65-0.70
Hyperlipidaemia,0.6314282352018201,0.4320793943435452,0.5856117365551328,0.4391009296669674,-0.17292982387322015,0.6085199858784764,0.4355901620052563,0.60-0.65
Hypernatraemia,0.5799515445184736,0.4415505754088431,0.5766959418534222,0.4164900060569352,-0.14930345245305876,0.5783237431859479,0.42902029073288916,0.55-0.60
Hyperreflexia,0.7446855139162831,0.5723573672291621,0.7864708890349916,0.6290452187888086,-0.16487690846665204,0.7655782014756374,0.6007012930089853,>0.70
Hypersensitivity,0.5204012959166107,0.530621507833409,0.556915468048143,0.507817757813845,-0.019438749158749824,0.5386583819823768,0.5192196328236269,0.50-0.55
Hypertension,0.5409032149280576,0.5424488534172662,0.5802607913669064,0.5527624775179856,-0.01297633767985612,0.560582003147482,0.5476056654676259,0.55-0.60
Hyperthyroidism,0.5101176126817152,0.438088976550515,0.5196142888450581,0.4804587625100445,-0.05559208123310691,0.5148659507633866,0.4592738695302797,0.50-0.55
Hypertonia,0.5857936507936508,0.4073544973544973,0.5854232804232804,0.4185449735449735,-0.17265873015873018,0.5856084656084656,0.4129497354497354,0.55-0.60
Hypertriglyceridaemia,0.5401284459784176,0.579710778103019,0.5182838918257678,0.5714972257416226,0.046397833020228096,0.5292061689020927,0.5756040019223208,0.50-0.55
Hyperuricaemia,0.6653790152438118,0.4997177071880663,0.6682910884616527,0.4877722639883516,-0.17309006626452333,0.6668350518527323,0.49374498558820895,0.65-0.70
Hyperventilation,0.6099977277891389,0.4929334242217678,0.6293569643262895,0.5752329016132698,-0.0855941831401954,0.6196773460577142,0.5340831629175188,0.60-0.65
Hypoaesthesia,0.5749406843156843,0.4972371378621378,0.5569274475524476,0.51306505994006,-0.06078296703296707,0.5659340659340659,0.5051510989010989,0.55-0.60
Hypocalcaemia,0.5995012300744785,0.5415023758972803,0.5961311630101439,0.52266370100765,-0.06573315808984603,0.5978161965423112,0.5320830384524652,0.55-0.60
Hypoglycaemia,0.5932568438003221,0.5121779388083736,0.580475040257649,0.5394927536231885,-0.06103059581320447,0.5868659420289855,0.525835346215781,0.55-0.60
Hypokalaemia,0.6235726473290459,0.4940468377927361,0.6301164382277389,0.4983593647460296,-0.13064144150900955,0.6268445427783924,0.49620310126938283,0.60-0.65
Hypokinesia,0.5829077561442707,0.5265320778806256,0.5412543887647622,0.5485157995531439,-0.024557133737631687,0.5620810724545164,0.5375239387168848,0.55-0.60
Hypomagnesaemia,0.7605131860299359,0.6584550962223805,0.7082590876692801,0.6478528153955809,-0.0812321810406273,0.7343861368496081,0.6531539558089807,>0.70
Hypomania,0.878558449424591,0.6465021199273168,0.8219261053906723,0.6409751665657177,-0.20650363416111445,0.8502422774076317,0.6437386432465173,>0.70
Hyponatraemia,0.6605795874384237,0.5709475061576355,0.6815540332512315,0.5450854371921182,-0.11305033866995079,0.6710668103448276,0.5580164716748768,0.65-0.70
Hypophosphataemia,0.6963008572917159,0.6192866954009377,0.683323071093639,0.5693648463032255,-0.09548619334059583,0.6898119641926774,0.5943257708520816,0.65-0.70
Hyporeflexia,0.505081874647092,0.432029926595144,0.4950592885375494,0.442970073404856,-0.06257058159232068,0.5000705815923207,0.4375,0.50-0.55
Hypotension,0.6184862391758944,0.5861647930613447,0.6225422087491054,0.546882236537409,-0.05399070916312304,0.6205142239624999,0.5665235147993768,0.60-0.65
Hypothermia,0.7053838848710643,0.322521732778143,0.6989553656220322,0.4285192490320695,-0.326649134341442,0.7021696252465482,0.37552049090510625,>0.70
Hypothyroidism,0.5558677685950414,0.5337603305785124,0.5834710743801653,0.4497107438016529,-0.07793388429752074,0.5696694214876034,0.4917355371900826,0.55-0.60
Hypotonia,0.567526455026455,0.4512566137566137,0.5877645502645503,0.4535714285714285,-0.12523148148148158,0.5776455026455027,0.4524140211640211,0.55-0.60
Hypoxia,0.5902016932270917,0.5258964143426295,0.6002241035856575,0.5956175298804781,-0.034455926294820804,0.5952128984063746,0.5607569721115537,0.55-0.60
Ileus,0.5652863511659808,0.4697788065843621,0.5540552126200274,0.4852109053497942,-0.08217592592592596,0.5596707818930041,0.4774948559670782,0.55-0.60
Ileus paralytic,0.7701375245579568,0.7633005893909627,0.7859332023575638,0.7801964636542239,-0.006286836935167017,0.7780353634577604,0.7717485265225933,>0.70
Ill-defined disorder,0.5399049539170507,0.4676123271889401,0.5343029953917051,0.4754032258064515,-0.06559619815668213,0.537103974654378,0.4715077764976958,0.50-0.55
Immune system disorder,0.5053381844208518,0.5261541214362401,0.4588452821185733,0.5227991172611237,0.04238488607896937,0.48209173326971255,0.5244766193486818,<0.50
Inappropriate antidiuretic hormone secretion,0.8091731537976016,0.5944456132968652,0.7943614559225752,0.6118241110877339,-0.19863244266778884,0.8017673048600884,0.6031348621922996,>0.70
Increased appetite,0.6418250015372318,0.551394781610609,0.6647809957162475,0.5869355797413351,-0.08413781795076758,0.6533029986267396,0.5691651806759721,0.65-0.70
Infection,0.5847894123756193,0.5650428753877029,0.6021079814183262,0.5920733162112473,-0.01489060109749768,0.5934486968969728,0.5785580957994751,0.55-0.60
Infestation,0.6032091247402253,0.6219129089942487,0.625296022425209,0.6136484461843313,0.0035281040065728853,0.6142525735827171,0.61778067758929,0.60-0.65
Inflammation,0.5690384205883248,0.4683478842819335,0.5702248045508471,0.4872083472758799,-0.09185349679067922,0.5696316125695859,0.4777781157789067,0.55-0.60
Influenza,0.5595181134654819,0.482177033492823,0.5597744360902256,0.50176008202324,-0.06767771701982225,0.5596462747778537,0.4919685577580315,0.55-0.60
Influenza like illness,0.543141592920354,0.4807090438161018,0.5198575437081804,0.4557791927476797,-0.06325545003237645,0.5314995683142671,0.4682441182818907,0.50-0.55
Injection site pain,0.486972286972287,0.4505568505568506,0.5122507122507123,0.4588448588448588,-0.04491064491064495,0.49961149961149964,0.4547008547008547,<0.50
Injection site reaction,0.6152869097429766,0.4880827854154214,0.565002988643156,0.5060893604303647,-0.09305887627017329,0.5901449491930664,0.49708607292289303,0.55-0.60
Injury,0.596010604721626,0.5740184320161595,0.6051761141270042,0.516020704456508,-0.055573791187981336,0.6005933594243151,0.5450195682363338,0.60-0.65
Insomnia,0.5941532405044835,0.5183349128818255,0.6157468834293213,0.521294743748633,-0.08513523365167308,0.6049500619669024,0.5198148283152293,0.60-0.65
Interstitial lung disease,0.6618028977583379,0.5673182066703116,0.6310142154182613,0.5472594313832695,-0.08911973756150904,0.6464085565882995,0.5572888190267906,0.60-0.65
Intestinal obstruction,0.5241321270776351,0.3852724594992636,0.5155480749000632,0.4007994950557542,-0.12680412371134026,0.5198401009888491,0.3930359772775089,0.50-0.55
Irritability,0.5838307841326336,0.6175748428806344,0.5451760412677674,0.6011758610591761,0.04487193926970473,0.5645034127002004,0.6093753519699052,0.55-0.60
Jaundice,0.5806983949060452,0.5313935204645587,0.5941027197857799,0.546572634004328,-0.048417480111469235,0.5874005573459126,0.5389830772344433,0.55-0.60
Jaundice cholestatic,0.6017038777908343,0.5580493537015276,0.6329024676850764,0.5784958871915393,-0.04903055229142189,0.6173031727379554,0.5682726204465335,0.60-0.65
Joint swelling,0.4798740337818494,0.4761523046092184,0.3730890352132837,0.4576581734898369,0.04042370455196112,0.42648153449756654,0.46690523904952763,<0.50
Keratitis,0.6352237654320988,0.4731867283950616,0.6114197530864198,0.5046682098765433,-0.13439429012345688,0.6233217592592593,0.48892746913580243,0.60-0.65
Lacrimal disorder,0.4136243386243386,0.481547619047619,0.4315476190476191,0.5281746031746032,0.08227513227513222,0.42258597883597887,0.5048611111111111,<0.50
Lacrimation increased,0.63084285377279,0.5951875442321303,0.5985576112964649,0.5634752131567419,-0.035368853840191394,0.6147002325346275,0.5793313786944361,0.60-0.65
Laryngeal oedema,0.5910307898259706,0.5331883087907183,0.6214859437751004,0.5194667559125391,-0.07993083444890675,0.6062583668005355,0.5263275323516288,0.60-0.65
Laryngeal pain,0.4559736938253562,0.5398855194251614,0.5081394876791296,0.4865424430641821,0.031157390492428827,0.48205659075224294,0.5132139812446718,<0.50
Laryngitis,0.5554012345679012,0.4701774691358025,0.5795138888888889,0.4495370370370369,-0.10760030864197537,0.567457561728395,0.45985725308641967,0.55-0.60
Laryngospasm,0.6286641929499073,0.5590909090909091,0.6263450834879407,0.5032467532467533,-0.09633580705009281,0.627504638218924,0.5311688311688312,0.60-0.65
Lethargy,0.5591548995804314,0.5677379507166742,0.5731476157008072,0.595148339829191,0.015291887632313317,0.5661512576406194,0.5814431452729326,0.55-0.60
Leukocytoclastic vasculitis,0.4484969939879759,0.3751503006012024,0.5168050386487261,0.3862009733753221,-0.10197537933008871,0.48265101631835094,0.38067563698826223,<0.50
Leukocytosis,0.6101506419977757,0.5114076770127725,0.602669093114953,0.5131264112155831,-0.09414282344218655,0.6064098675563643,0.5122670441141778,0.60-0.65
Leukopenia,0.6585629921259842,0.5065382452193474,0.6573115860517436,0.485025309336333,-0.1621555118110237,0.657937289088864,0.49578177727784023,0.65-0.70
Libido decreased,0.586810577441986,0.514214786832164,0.6022665947112791,0.5250512682137074,-0.0749055585536968,0.5945385860766326,0.5196330275229357,0.55-0.60
Libido increased,0.6951167527115996,0.5687491119215649,0.682612608345569,0.5670440013261971,-0.1209681239047033,0.6888646805285843,0.5678965566238809,0.65-0.70
Liver disorder,0.5086892488954345,0.4825163054912686,0.5302335367136546,0.5037660424994741,-0.026320218809173207,0.5194613928045446,0.4931411739953714,0.50-0.55
Liver function test abnormal,0.5435697555262773,0.4677389840433319,0.4961755233494364,0.4667325428194993,-0.052636876006441236,0.5198726394378568,0.4672357634314156,0.50-0.55
Liver injury,0.5936632163595051,0.4889863670790204,0.5975448119161828,0.4982643271901035,-0.10197866700328204,0.595604014137844,0.49362534713456196,0.55-0.60
Loss of consciousness,0.6218806458897923,0.5719427506775068,0.6066508581752484,0.5842225609756098,-0.036183096205962106,0.6142657520325203,0.5780826558265583,0.60-0.65
Loss of libido,0.5446033476559995,0.6105944975309434,0.5487077534791253,0.5769896748541012,0.04713653562495995,0.5466555505675623,0.5937920861925223,0.50-0.55
Lower respiratory tract infection,0.4876984126984127,0.5195767195767196,0.4478835978835979,0.5241402116402116,0.05406746031746032,0.46779100529100526,0.5218584656084656,<0.50
Lung disorder,0.5597410865874363,0.5592105263157894,0.6082342954159592,0.4876379456706282,-0.06056345500848895,0.5839876910016977,0.5234242359932088,0.55-0.60
Lymphadenopathy,0.5875210299173433,0.5589691073562041,0.5716236315314657,0.5485090093385023,-0.025833272377051297,0.5795723307244045,0.5537390583473532,0.55-0.60
Lymphoma,0.6158742632612967,0.4425147347740668,0.6703339882121807,0.4724557956777996,-0.1856188605108055,0.6431041257367387,0.4574852652259332,0.60-0.65
Lymphopenia,0.7801585887384177,0.6372059871703493,0.7645224518888097,0.6060673556664291,-0.15070384889522453,0.7723405203136138,0.6216366714183892,>0.70
Malaise,0.5216676201372997,0.4787185354691076,0.5141161327231121,0.4882294050343249,-0.034417906178489666,0.5178918764302058,0.48347397025171623,0.50-0.55
Malnutrition,0.6253304217905988,0.5579100103436387,0.6398115159177106,0.5613722560625215,-0.07292983565107458,0.6325709688541548,0.5596411332030802,0.60-0.65
Mania,0.6391350210970463,0.5547468354430379,0.6601617440225035,0.5982770745428974,-0.07313642756680727,0.649648382559775,0.5765119549929676,0.60-0.65
Mediastinal disorder,0.597508769417997,0.5486863769775931,0.5603407545278831,0.5428878230367242,-0.033137661965781384,0.5789247619729401,0.5457871000071587,0.55-0.60
Melaena,0.6119547492865879,0.4995413779046066,0.590424989808398,0.4819863432531593,-0.11042600896860996,0.6011898695474929,0.490763860578883,0.60-0.65
Memory impairment,0.5589509862522415,0.6176778242677824,0.5116930663478781,0.5916019127316198,0.06931784219964127,0.5353220263000598,0.6046398684997011,0.50-0.55
Menopausal symptoms,0.607620075553157,0.5141068537506747,0.6126497571505667,0.4984349703184025,-0.10386400431732326,0.6101349163518619,0.5062709120345386,0.60-0.65
Menorrhagia,0.5881266299623297,0.5205375253549696,0.5684946392350043,0.5208635178209216,-0.05761011301072144,0.578310634598667,0.5207005215879456,0.55-0.60
Menstrual disorder,0.6166790883772016,0.5475620758639627,0.6342133134585964,0.546346055780018,-0.07849213509590869,0.625446200917899,0.5469540658219904,0.60-0.65
Menstruation irregular,0.7499592147479471,0.6227092283430311,0.6868236445701235,0.6851378541519386,-0.06446788841155043,0.7183914296590352,0.6539235412474849,>0.70
Mental disability,0.5736669723568715,0.5293331586532163,0.5842001834141229,0.5309576837416481,-0.04878815668806502,0.5789335778854972,0.5301454211974321,0.55-0.60
Mental disorder,0.6027602760276027,0.5217807495035217,0.5937022273655937,0.5328818596145328,-0.07089994713757097,0.5982312516965982,0.5273313045590273,0.55-0.60
Metabolic acidosis,0.551434184675835,0.4344204322200392,0.6479371316306484,0.4788998035363458,-0.1430255402750492,0.5996856581532417,0.4566601178781925,0.55-0.60
Metrorrhagia,0.5515480370252154,0.5392594956910309,0.5545004787743377,0.5760453239706351,0.004628151931056479,0.5530242578997766,0.5576524098308331,0.55-0.60
Micturition urgency,0.611449864498645,0.4446380178087494,0.6516163375919474,0.4295392953929539,-0.19444444444444456,0.6315331010452963,0.4370886566008516,0.60-0.65
Migraine,0.5196205951213656,0.5855762111540233,0.5722490144678127,0.5914393772637224,0.04257298941428367,0.5459348047945891,0.5885077942088728,0.50-0.55
Mood swings,0.5217627401837929,0.5107560568086884,0.5350668337510442,0.5379281537176275,-0.004072681704260617,0.5284147869674185,0.5243421052631579,0.50-0.55
Mouth ulceration,0.5267531565499963,0.409892590479498,0.5560241113288518,0.4463572544836653,-0.11326371145784239,0.541388633939424,0.4281249224815816,0.50-0.55
Mucosal inflammation,0.76971534125894,0.8020650783877231,0.7599109553355752,0.7975654809832805,0.035002131388244206,0.7648131482972576,0.7998152796855018,>0.70
Multiple fractures,0.6907435808638006,0.6026814426359275,0.7419482511255133,0.5206550239944591,-0.1546776826794637,0.716345915994657,0.5616682333151932,>0.70
Muscle contractions involuntary,0.6471626199887069,0.6595143986448334,0.5530067758328628,0.6498447204968943,0.054594861660078986,0.6000846979107849,0.6546795595708639,0.60-0.65
Muscle relaxant therapy,0.567526455026455,0.4512566137566137,0.5877645502645503,0.4535714285714285,-0.12523148148148158,0.5776455026455027,0.4524140211640211,0.55-0.60
Muscle rigidity,0.7458474956711345,0.6820368113897262,0.8078625024049253,0.6851151157570704,-0.09327903546463162,0.7768549990380299,0.6835759635733982,>0.70
Muscle spasms,0.6030204962243797,0.5439769866954333,0.5643869111830278,0.5163322545846818,-0.0535490830636462,0.5837037037037037,0.5301546206400576,0.55-0.60
Muscle twitching,0.6215917697551123,0.5084574602373138,0.6100100984599848,0.5465791466801313,-0.08828263064882602,0.6158009341075485,0.5275183034587225,0.60-0.65
Muscular weakness,0.6044806438507226,0.4560351332004875,0.584031418677088,0.4491864806825436,-0.14164522432238977,0.5942560312639054,0.45261080694151556,0.55-0.60
Musculoskeletal chest pain,0.3998334342822531,0.4599485160508783,0.4143700787401574,0.534221683827983,0.08998334342822537,0.4071017565112053,0.4970850999394306,<0.50
Musculoskeletal discomfort,0.6392664509169363,0.5466666666666666,0.6220640057533261,0.5311183027687882,-0.09177274361740378,0.6306652283351313,0.5388924847177274,0.60-0.65
Musculoskeletal disorder,0.4329194427619624,0.6652029073288916,0.5408843125378558,0.6327983040581465,0.16209872804360995,0.4869018776499091,0.6490006056935191,<0.50
Musculoskeletal pain,0.5249502629929413,0.5363148284413921,0.5638950208486633,0.5302101218216009,-0.011160166789305814,0.5444226419208023,0.5332624751314965,0.50-0.55
Musculoskeletal stiffness,0.6938588740217118,0.525782630648826,0.6464907851552638,0.5198497854077253,-0.14735862156021212,0.6701748295884877,0.5228162080282757,0.65-0.70
Myalgia,0.6144512400403995,0.4211648524295814,0.6070166086858939,0.4577348221299517,-0.17128408708338017,0.6107339243631467,0.43944983727976655,0.60-0.65
Mydriasis,0.8496109318656292,0.6732207249952552,0.869614727652306,0.6709812108559499,-0.18751186183336505,0.8596128297589676,0.6721009679256025,>0.70
Myocardial infarction,0.5991459308532479,0.5243984561057732,0.5838712326517205,0.4955571979962224,-0.08153075470148638,0.5915085817524841,0.5099778270509978,0.55-0.60
Myocardial ischaemia,0.538231917336395,0.507397080531409,0.6330326390027883,0.4848942102673446,-0.08948663277021485,0.5856322781695916,0.4961456453993768,0.55-0.60
Myoclonus,0.6738922972051806,0.5194274028629857,0.6458077709611452,0.5212906157691434,-0.13949102476709835,0.6598500340831629,0.5203590093160646,0.65-0.70
Myopathy,0.5928925619834711,0.5832231404958679,0.5651652892561984,0.5604958677685951,-0.007169421487603245,0.5790289256198347,0.5718595041322314,0.55-0.60
Myositis,0.5985113083309476,0.6036072144288578,0.5699398797595191,0.5524191239622102,-0.006212424849699361,0.5842255940452333,0.5780131691955339,0.55-0.60
Nail disorder,0.546195652173913,0.5424982181040627,0.5416072701354242,0.6296774768353528,0.04218638631503918,0.5439014611546686,0.5860878474697078,0.50-0.55
Nasal congestion,0.5944131399112816,0.4934899892099268,0.6347440354873517,0.524325620429205,-0.10567078287975074,0.6145785876993166,0.5089078048195659,0.60-0.65
Nasopharyngitis,0.4862765896993919,0.5662114295455836,0.4756312389900176,0.5256757524671831,0.0649896766616786,0.48095391434470475,0.5459435910063833,<0.50
Nausea,0.7110579374730318,0.469422978856941,0.6939944298434866,0.5604283528811831,-0.18760051778919715,0.7025261836582593,0.5149256658690621,>0.70
Neck pain,0.5357443718228032,0.5067828612926653,0.4943500363108206,0.4831082062454611,-0.02010167029774873,0.5150472040668119,0.49494553376906314,0.50-0.55
Necrosis,0.5693077383218228,0.5109032573821307,0.6137364728914024,0.5325466311381805,-0.06979716134645703,0.5915221056066127,0.5217249442601556,0.55-0.60
Neoplasm,0.5565552385828884,0.5503133152902739,0.5895203959720089,0.5195669665715749,-0.03809767634652422,0.5730378172774486,0.5349401409309245,0.55-0.60
Neoplasm malignant,0.6039894031478884,0.6259934548854604,0.6069502882967118,0.6199158485273492,0.01748480598410468,0.6054698457223001,0.6229546517064048,0.60-0.65
Nephrolithiasis,0.6508947528055808,0.4832676170255787,0.6076230916995249,0.4899066491423179,-0.14267178916860457,0.6292589222525529,0.4865871330839483,0.60-0.65
Nephropathy,0.5493386243386243,0.4369708994708994,0.4640873015873016,0.4817460317460317,-0.04735449735449743,0.506712962962963,0.45935846560846555,0.50-0.55
Nephrotic syndrome,0.6476613178559235,0.5321270058040286,0.6551041311027654,0.4782519631273472,-0.14619324001365658,0.6513827244793444,0.5051894844656879,0.65-0.70
Nervous system disorder,0.601471489883507,0.5498695336004449,0.6049078180029372,0.5120128897951035,-0.07224844224544791,0.6031896539432221,0.5309412116977742,0.60-0.65
Nervousness,0.6177531909817489,0.5662203268519623,0.6059883096743409,0.5562149588452822,-0.05065310747942264,0.6118707503280449,0.5612176428486222,0.60-0.65
Neuralgia,0.5616125760649088,0.4579831932773109,0.5786004056795132,0.4690669371196754,-0.10658142567371784,0.570106490872211,0.4635250651984931,0.55-0.60
Neuritis,0.6780034162080091,0.4906433858417157,0.6720060732586828,0.4816094135509584,-0.1888783450370089,0.6750047447333459,0.48612639969633703,0.65-0.70
Neuroleptic malignant syndrome,0.8248987854251013,0.7725202429149798,0.817257085020243,0.7771255060728746,-0.04625506072874497,0.8210779352226721,0.7748228744939272,>0.70
Neuropathy peripheral,0.6044431433775697,0.5732175383814728,0.5813979963570127,0.5438947436898256,-0.03436442883164198,0.5929205698672912,0.5585561410356492,0.55-0.60
Neutropenia,0.7317028009695664,0.5125908968489092,0.7041475895502289,0.5788782655534608,-0.17219061405871267,0.7179251952598977,0.545734581201185,>0.70
Night sweats,0.5111454046639231,0.5204903978052127,0.5289351851851852,0.5232338820301784,0.0018218449931413638,0.5200402949245542,0.5218621399176955,0.50-0.55
Nightmare,0.6634459632271449,0.5459092329989486,0.6800420585978573,0.5403108926084856,-0.12863394810878398,0.671744010912501,0.5431100628037171,0.65-0.70
Nocturia,0.5874433412475718,0.4856194690265487,0.5492661342542628,0.4559680552557738,-0.0975609756097561,0.5683547377509173,0.4707937621411612,0.55-0.60
Non-Hodgkin's lymphoma,0.621441550575409,0.4560115081768625,0.6748940036341612,0.4362507571168988,-0.20203664445790442,0.6481677771047851,0.44613113264688065,0.60-0.65
Nuchal rigidity,0.6517482517482519,0.5048951048951049,0.6130536130536131,0.4953120953120952,-0.13229733229733243,0.6324009324009325,0.5001036001036001,0.60-0.65
Nystagmus,0.6203416488269474,0.5194198086417057,0.6194241775525361,0.5562497269430731,-0.08204814539735239,0.6198829131897418,0.5378347677923894,0.60-0.65
Ocular hyperaemia,0.5162780133252575,0.5501968503937008,0.6365838885523925,0.4902331920048455,-0.056215929739551806,0.576430950938825,0.5202150211992731,0.55-0.60
Oculogyric crisis,0.8132023575638506,0.6976817288801571,0.8088015717092338,0.7076620825147347,-0.10833005893909631,0.8110019646365423,0.702671905697446,>0.70
Oedema,0.61102379883251,0.5341546924113156,0.5908874045801527,0.5559469016614279,-0.05590480466995956,0.6009556017063313,0.5450507970363718,0.60-0.65
Oedema peripheral,0.6066886481394254,0.5127406439457249,0.6281737650616139,0.5566377463419081,-0.08274201145670312,0.6174312066005196,0.5346891951438165,0.60-0.65
Oesophagitis,0.5690812311964822,0.4720100799712,0.5284527758492119,0.496772866363239,-0.0643755303556276,0.5487670035228471,0.4843914731672195,0.50-0.55
Oliguria,0.5144941748715333,0.5121798140666065,0.5449339034244696,0.4988820460518574,-0.024183109088769472,0.5297140391480014,0.5055309300592319,0.50-0.55
Opportunistic infection,0.7535837416076937,0.4370652634125688,0.7785640839533056,0.4370047783221435,-0.3290388919131435,0.7660739127804996,0.4370350208673561,>0.70
Optic neuritis,0.6342941176470589,0.5225294117647059,0.5979411764705882,0.4609411764705882,-0.1243823529411765,0.6161176470588235,0.49173529411764705,0.60-0.65
Oral candidiasis,0.6638036809815951,0.5107021131561008,0.6118154964780731,0.536696205407862,-0.11411042944785271,0.6378095887298341,0.5236991592819814,0.60-0.65
Oropharyngeal discomfort,0.5387840670859538,0.4612527124940233,0.5711133178859098,0.4799367391224392,-0.08435396667770056,0.5549486924859318,0.47059472580823125,0.55-0.60
Oropharyngeal pain,0.5105333442345952,0.5517673670727387,0.5375684735508135,0.5472705965715532,0.025468072929441588,0.5240509088927043,0.549518981822146,0.50-0.55
Orthostatic hypotension,0.7236021989740573,0.5064443177848462,0.721818750114913,0.5306771589843535,-0.2041497361598853,0.7227104745444852,0.5185607383845998,>0.70
Osteoarthritis,0.5642627373664003,0.4843208467365363,0.5802635675002594,0.5016706443914081,-0.07926740686935768,0.5722631524333299,0.4929957455639722,0.55-0.60
Osteoporosis,0.6212941176470589,0.4121176470588235,0.7078823529411765,0.451235294117647,-0.23291176470588246,0.6645882352941177,0.4316764705882352,0.65-0.70
Otitis media,0.5620012767315672,0.4758617938078519,0.5754867539099904,0.4307772103415257,-0.11542451324608999,0.5687440153207788,0.4533195020746888,0.55-0.60
Pain,0.582308352402746,0.4992991990846681,0.5868993135011442,0.4972826086956522,-0.08631292906178498,0.5846038329519452,0.4982909038901602,0.55-0.60
Pain in extremity,0.5508560755421812,0.5632873300819757,0.5439452111653005,0.5317007367437999,9.339005914699161e-05,0.5474006433537408,0.5474940334128878,0.50-0.55
Pallor,0.5893712097031599,0.5498723268432811,0.5637966804979253,0.5437280561761889,-0.029783753590807593,0.5765839451005426,0.546800191509735,0.55-0.60
Palpitations,0.6820897437725465,0.6182966649081032,0.6755735531062411,0.5923602298490012,-0.07350320106084163,0.6788316484393938,0.6053284473785522,0.65-0.70
Pancreatitis,0.6128378378378379,0.4711272247857613,0.6194133157547791,0.4936058009228741,-0.13375906394199077,0.6161255767963085,0.4823665128543177,0.60-0.65
Pancreatitis acute,0.5167062143269416,0.4845764124927852,0.5129865965497338,0.4516770345667928,-0.046719681908548694,0.5148464054383377,0.468126723529789,0.50-0.55
Pancytopenia,0.6431794995936576,0.5328099873774489,0.6611796033406532,0.5589196479518614,-0.10631473380250023,0.6521795514671553,0.5458648176646552,0.65-0.70
Paraesthesia,0.6504425407378993,0.5296708292488883,0.6517495631419682,0.5395019108099277,-0.11650968191052574,0.6510960519399338,0.534586370029408,0.65-0.70
Paraesthesia oral,0.5980820105820106,0.5406746031746031,0.5613756613756614,0.5118386243386244,-0.053472222222222254,0.579728835978836,0.5262566137566138,0.55-0.60
Paralysis,0.4995412643627943,0.4920267377342828,0.4402114552841976,0.5536720695530604,0.05297304382017565,0.46987635982349596,0.5228494036436716,<0.50
Paranoia,0.702760932014044,0.6487791254388765,0.6761091605489946,0.612871050111714,-0.058609958506224025,0.6894350462815193,0.6308250877752952,0.65-0.70
Parkinsonism,0.7568279415974808,0.7646722015459491,0.8061265387918695,0.7397079874033782,-0.02928714572001151,0.7814772401946751,0.7521900944746636,>0.70
Parosmia,0.4512097622554176,0.52442667788765,0.4463286345466022,0.5160109404586577,0.07144961077214393,0.44876919840100993,0.5202188091731539,<0.50
Pelvic pain,0.7034640274076894,0.3986078633965958,0.6805155255859482,0.4184566860623199,-0.28345750176736095,0.6919897764968188,0.40853227472945786,0.65-0.70
Peptic ulcer,0.5932107125693564,0.571846738608065,0.5876185067062781,0.6029096946131329,-0.0030363930272183093,0.5904146096378173,0.587378216610599,0.55-0.60
Pericardial effusion,0.6470889034991599,0.5277960406165534,0.5736722916210096,0.4845496383957922,-0.104207758053912,0.6103805975600848,0.5061728395061728,0.60-0.65
Pericarditis,0.5788423153692615,0.4562390370773604,0.5743059335873707,0.4535172080082259,-0.12169600193552291,0.576574124478316,0.45487812254279314,0.55-0.60
Periorbital oedema,0.687111801242236,0.381352343308865,0.6121541501976284,0.4374647092038397,-0.24022444946357988,0.6496329757199322,0.4094085262563524,0.60-0.65
Peripheral coldness,0.6855380148793323,0.623298856831791,0.6453154297465675,0.5911812738160043,-0.05818665698905229,0.66542672231295,0.6072400653238976,0.65-0.70
Peripheral sensory neuropathy,0.6164803857111549,0.5490539849514208,0.6809847322667836,0.6250273942581634,-0.061691869384177145,0.6487325589889692,0.5870406896047922,0.60-0.65
Peripheral vascular disorder,0.6089270826652985,0.5581991919451036,0.6393894696338102,0.4874623228371705,-0.10132751875841728,0.6241582761495543,0.522830757391137,0.60-0.65
Petechiae,0.6518822479928635,0.5399821587867975,0.6234076717216771,0.5165388046387154,-0.10938447814451391,0.6376449598572703,0.5282604817127564,0.60-0.65
Pharyngitis,0.5894807008633824,0.5761966734382935,0.569562595226003,0.5555802437785677,-0.013633189436262128,0.5795216480446927,0.5658884586084306,0.55-0.60
Phlebitis,0.4749435513766724,0.4322448016715532,0.550736359653557,0.4037340343072827,-0.09485053752569675,0.5128399555151147,0.41798941798941797,0.50-0.55
Photophobia,0.603853476938816,0.4530677200261446,0.5949870698229559,0.4893290516922902,-0.12822188752166855,0.599420273380886,0.47119838585921736,0.55-0.60
Photosensitivity reaction,0.648978542978286,0.5607574200179879,0.6469388410638571,0.5494186046511628,-0.09287067968649626,0.6479586920210716,0.5550880123345754,0.60-0.65
Pigmentation disorder,0.5570137524557957,0.4322200392927308,0.612966601178782,0.4969744597249509,-0.12039292730844797,0.5849901768172888,0.46459724950884085,0.55-0.60
Platelet count decreased,0.6372727272727272,0.5066115702479339,0.6562396694214875,0.5608264462809917,-0.11303719008264457,0.6467561983471073,0.5337190082644627,0.60-0.65
Pleural effusion,0.6178401973809072,0.5349402163598406,0.5702410324539761,0.547997722527994,-0.05257164547352439,0.5940406149174416,0.5414689694439172,0.55-0.60
Pneumonia,0.636360698125404,0.5301712992889464,0.6109162895927602,0.5604880413703943,-0.07830882352941176,0.6236384938590821,0.5453296703296704,0.60-0.65
Pneumothorax,0.4654148173438033,0.4824172072379652,0.4695117787640833,0.4800273130761352,0.013758962103106925,0.46746329805394327,0.4812222601570502,<0.50
Pollakiuria,0.6385695187165774,0.541995320855615,0.6276236631016043,0.5550300802139038,-0.0845838903743315,0.6330965909090909,0.5485127005347594,0.60-0.65
Polyneuropathy,0.7318291944276196,0.541641429436705,0.6947304663840097,0.4357207752877045,-0.22459872804360992,0.7132798304058147,0.48868110236220474,>0.70
Polyp,0.6368561317663507,0.5320022718336318,0.6323124645025995,0.554939053693914,-0.09111363537070216,0.6345842981344751,0.5434706627637729,0.60-0.65
Polyuria,0.6469027965152172,0.5518029863032492,0.6108888025061167,0.541147417282144,-0.08242059771797033,0.628895799510667,0.5464752017926966,0.60-0.65
Pregnancy,0.6275294117647059,0.6063529411764705,0.6140588235294118,0.562764705882353,-0.03623529411764709,0.6207941176470588,0.5845588235294117,0.60-0.65
Priapism,0.7093590831918506,0.6693548387096775,0.7583297962648555,0.7521752971137521,-0.023079371816638272,0.733844439728353,0.7107650679117148,>0.70
Proctalgia,0.5132594621513944,0.4549925298804781,0.5202315737051793,0.4391807768924303,-0.06965886454183262,0.5167455179282868,0.4470866533864542,0.50-0.55
Prostatic disorder,0.6109312749003984,0.5219123505976095,0.5539716135458167,0.5232196215139442,-0.05988545816733071,0.5824514442231076,0.5225659860557769,0.55-0.60
Protein urine present,0.6287700947909547,0.504412682376014,0.6245208450955337,0.5849701363920008,-0.08195406055923682,0.6266454699432442,0.5446914093840074,0.60-0.65
Proteinuria,0.6302910052910052,0.5493626743626744,0.6165824915824916,0.5361952861952862,-0.0806577681577681,0.6234367484367485,0.5427789802789803,0.60-0.65
Prurigo,0.664827935222672,0.5407388663967613,0.5902327935222671,0.5948886639676114,-0.059716599190283215,0.6275303643724696,0.5678137651821864,0.60-0.65
Pruritus,0.5625410158813493,0.5043219020118876,0.556147225920162,0.5286970543565898,-0.042834642716516935,0.5593441209007557,0.5165094781842388,0.55-0.60
Psoriasis,0.545571988595866,0.5112259444048467,0.5881147540983608,0.482359230220955,-0.07005078403421253,0.5668433713471134,0.4967925873129009,0.55-0.60
Psychotic disorder,0.6352391823181488,0.5653004046902563,0.6236380616374391,0.5831690360070562,-0.055203901629137686,0.6294386219777939,0.5742347203486562,0.60-0.65
Pulmonary embolism,0.6019822082120054,0.5315897737290627,0.6224988646381535,0.5250447466139503,-0.08392327625357299,0.6122405364250795,0.5283172601715065,0.60-0.65
Pulmonary fibrosis,0.4627645502645502,0.5907407407407408,0.455952380952381,0.5447089947089947,0.10836640211640214,0.4593584656084656,0.5677248677248677,<0.50
Pulmonary function test decreased,0.6610658628871929,0.5771179375360739,0.6764573847239146,0.5485153594561663,-0.1059449753094337,0.6687616238055538,0.5628166484961201,0.65-0.70
Pulmonary oedema,0.5401650949696791,0.5293724788288409,0.5234418828306574,0.5859001415863009,0.02583282130740261,0.5318034889001683,0.5576363102075709,0.50-0.55
Purpura,0.5653087478559177,0.5303387650085764,0.5879502572898799,0.5100986277873071,-0.056410806174957084,0.5766295025728988,0.5202186963979417,0.55-0.60
Pyelonephritis,0.5570109024833434,0.4793307086614173,0.5698061780738946,0.5077225923682617,-0.06988188976377949,0.563408540278619,0.49352665051483946,0.55-0.60
Rash,0.5925175175175175,0.5608108108108109,0.5363613613613614,0.5102352352352352,-0.0289164164164164,0.5644394394394394,0.535523023023023,0.55-0.60
Rash erythematous,0.6232302144619473,0.474966786866578,0.5914594799772253,0.5472006073258682,-0.09626115012336317,0.6073448472195863,0.5110836970962231,0.60-0.65
Rash generalised,0.6323456175298804,0.6134835657370518,0.6099352589641435,0.5901394422310757,-0.019328934262948183,0.6211404382470119,0.6018115039840637,0.60-0.65
Rash maculo-papular,0.5991027235266867,0.5019384097725111,0.6075878380025844,0.5262233925828397,-0.08926437958696015,0.6033452807646356,0.5140809011776755,0.60-0.65
Rash papular,0.6127188029361943,0.5098814229249011,0.6160008469791078,0.4402879728966685,-0.13927512704686626,0.6143598249576511,0.4750846979107848,0.60-0.65
Rash pustular,0.5490590233251308,0.4994627941635186,0.552316916785083,0.5347797456070427,-0.03356670016982627,0.5506879700551068,0.5171212698852806,0.55-0.60
Rectal haemorrhage,0.5255506607929515,0.5095264317180617,0.5102147577092511,0.5373072687224669,0.005534140969162993,0.5178827092511014,0.5234168502202643,0.50-0.55
Renal failure,0.6650248002204464,0.5038922568200606,0.6521596858638744,0.4843793055938275,-0.16445646183521637,0.6585922430421605,0.494135781206944,0.65-0.70
Renal failure acute,0.7026460516758328,0.4706236380616374,0.6903808239078553,0.5150357995226731,-0.20368371899968882,0.696513437791844,0.4928297187921552,0.65-0.70
Renal impairment,0.604084134036639,0.4290529449101534,0.5984153735034691,0.4371949484558646,-0.16812580708704503,0.6012497537700541,0.433123946683009,0.60-0.65
Renal pain,0.5476320087098531,0.4566019476199117,0.4950099800399201,0.4522470211092965,-0.06689651001028249,0.5213209943748865,0.4544244843646041,0.50-0.55
Respiratory depression,0.6610658628871929,0.5771179375360739,0.6764573847239146,0.5485153594561663,-0.1059449753094337,0.6687616238055538,0.5628166484961201,0.65-0.70
Respiratory distress,0.7174941541138724,0.4722388384360216,0.6343466202621133,0.4071999564957311,-0.2362009897221165,0.6759203871879929,0.43971939746587635,0.65-0.70
Respiratory failure,0.5473897459872215,0.5079632226897304,0.561851332398317,0.4818762661679913,-0.05970079476390838,0.5546205391927692,0.49491974442886083,0.55-0.60
Respiratory tract infection,0.5088033553235178,0.524575123421731,0.4777403993184498,0.4503036393027219,-0.0058324959587574,0.4932718773209838,0.4874393813622264,<0.50
Rhabdomyolysis,0.6270899470899471,0.571031746031746,0.6319576719576718,0.5235449735449735,-0.08223544973544972,0.6295238095238095,0.5472883597883598,0.60-0.65
Rhinitis,0.5451016285822498,0.5784465345284686,0.5679364979169297,0.5501672768589825,0.0077878424441358285,0.5565190632495898,0.5643069056937255,0.55-0.60
Rhinorrhoea,0.5280092592592592,0.554861111111111,0.4949074074074074,0.5917052469135803,0.061824845679012336,0.5114583333333333,0.5732831790123456,0.50-0.55
Salivary hypersecretion,0.684042809042809,0.5246512746512747,0.6899651274651275,0.5377886002886003,-0.15578403078403075,0.6870039682539683,0.5312199374699376,0.65-0.70
Scotoma,0.6017874875868917,0.5203574975173783,0.5497443819191585,0.4745669204457684,-0.07830372577145178,0.5757659347530251,0.49746220898157334,0.55-0.60
Seborrhoeic dermatitis,0.5218227095984971,0.5268032679453012,0.5429245489099567,0.4784394250513346,-0.029752282755908993,0.5323736292542269,0.5026213464983179,0.50-0.55
Sensory loss,0.6231818181818183,0.5449586776859504,0.6520247933884297,0.6028099173553719,-0.0637190082644628,0.637603305785124,0.5738842975206612,0.60-0.65
Sepsis,0.6729817374978665,0.6354082851778705,0.6737132128837198,0.5955672591617291,-0.0578597030209933,0.6733474751907931,0.6154877721697998,0.65-0.70
Serotonin syndrome,0.8675045427013931,0.7305420956995761,0.8946093276801939,0.6818594791035736,-0.17485614778921865,0.8810569351907935,0.7062007874015748,>0.70
Sexual dysfunction,0.5587662337662338,0.6393320964749536,0.5606679035250464,0.5788033395176252,0.04935064935064931,0.5597170686456401,0.6090677179962893,0.55-0.60
Shock,0.5739480588722238,0.5302148078515005,0.5889186648520477,0.531323221977467,-0.050664346947651984,0.5814333618621357,0.5307690149144837,0.55-0.60
Sinus bradycardia,0.4357938357938358,0.4333074333074332,0.4473970473970474,0.4035742035742036,-0.02315462315462319,0.4415954415954416,0.4184408184408184,<0.50
Sinus congestion,0.4251224459506258,0.5441547518923465,0.4835996635828428,0.5579577499628952,0.09669519616088654,0.4543610547667343,0.5510562509276209,<0.50
Sinus tachycardia,0.7632495457298607,0.4319351907934585,0.6901120533010296,0.3883252574197456,-0.3165505754088431,0.7266807995154452,0.41013022410660205,>0.70
Sinusitis,0.5272535033455372,0.5078746370407777,0.5598251483398561,0.556463830324454,-0.01137009216008078,0.5435393258426966,0.5321692336826158,0.50-0.55
Skin discolouration,0.4835164835164835,0.5077757685352622,0.4733620809570177,0.4681875086938378,0.009542356377799377,0.4784392822367506,0.48798163861455,<0.50
Skin disorder,0.5822533683489381,0.5435744462205983,0.5971540306005938,0.5683089746517469,-0.0337619890385934,0.589703699474766,0.5559417104361726,0.55-0.60
Skin exfoliation,0.5789647577092512,0.5749449339207049,0.5960627753303964,0.573045154185022,-0.013518722466960342,0.5875137665198238,0.5739950440528634,0.55-0.60
Skin hyperpigmentation,0.6270691850594228,0.4953310696095077,0.6172538200339558,0.506578947368421,-0.12120649405772493,0.6221615025466893,0.5009550084889643,0.60-0.65
Skin irritation,0.4031434184675835,0.4888015717092339,0.4584675834970531,0.4689980353634578,0.04809430255402755,0.4308055009823183,0.47889980353634587,<0.50
Skin ulcer,0.5012301804264625,0.5088846364133406,0.5410743575724439,0.5015035538545654,-0.015958173865500247,0.5211522689994532,0.505194095133953,0.50-0.55
Sleep disorder,0.604897137745975,0.5609794275491949,0.6420505366726298,0.5644454382826476,-0.060761404293381116,0.6234738372093024,0.5627124329159212,0.60-0.65
Sneezing,0.5606691703653124,0.597473540457494,0.5365653806759986,0.6143393649709799,0.05728917719358145,0.5486172755206555,0.6059064527142369,0.50-0.55
Somnolence,0.7337801101920365,0.6488392039424908,0.7271220689354402,0.6013897570832545,-0.10533660905086567,0.7304510895637384,0.6251144805128727,>0.70
Speech disorder,0.5834934115188892,0.4213931857243959,0.5486469180736697,0.4717756883361979,-0.1194857277659826,0.5660701647962795,0.4465844370302969,0.55-0.60
Stevens-Johnson syndrome,0.5831620197867147,0.4584832326866246,0.5805441346524476,0.4621450597455994,-0.12153893100346913,0.5818530772195811,0.460314146216112,0.55-0.60
Stomatitis,0.6532092127970265,0.5199621664675428,0.6137992831541219,0.4884176290986327,-0.12931435019248647,0.6335042479755741,0.5041898977830878,0.60-0.65
Stupor,0.6230066844335707,0.5236576521473196,0.6282930665385119,0.4856044388134038,-0.12101883000567956,0.6256498754860413,0.5046310454803618,0.60-0.65
Sudden death,0.5830588235294117,0.6395882352941177,0.6256470588235293,0.6358823529411765,0.03338235294117653,0.6043529411764705,0.6377352941176471,0.60-0.65
Suicidal ideation,0.6622658340767172,0.5242462087421945,0.6758608385370206,0.5827297056199822,-0.11557537912578059,0.669063336306869,0.5534879571810883,0.65-0.70
Suicide attempt,0.6779822767552829,0.5901840490797546,0.643626448534424,0.5554192229038855,-0.08800272665303338,0.6608043626448534,0.57280163599182,0.65-0.70
Supraventricular tachycardia,0.5752024291497976,0.6454453441295547,0.5016194331983805,0.5554655870445344,0.06204453441295549,0.538410931174089,0.6004554655870445,0.50-0.55
Swelling,0.4807973459289248,0.5281713900134952,0.5112460638776428,0.5353407557354926,0.035734367971210074,0.4960217049032838,0.5317560728744939,<0.50
Swelling face,0.5459332023575638,0.5200785854616896,0.5104125736738703,0.5522200392927308,0.00797642436149315,0.528172888015717,0.5361493123772102,0.50-0.55
Syncope,0.6007827510140185,0.5601081619583007,0.5966128228847933,0.5454636020778482,-0.04591190493133146,0.5986977869494059,0.5527858820180744,0.55-0.60
Systemic lupus erythematosus,0.7292020373514432,0.6063773344651952,0.7194397283531409,0.6187924448217318,-0.11173599320882854,0.724320882852292,0.6125848896434635,>0.70
Tachycardia,0.6708775095871871,0.504539815023686,0.6996390706068125,0.5346971576810287,-0.1656398037446425,0.6852582900969998,0.5196184863523573,0.65-0.70
Tardive dyskinesia,0.88143765066842,0.7904887135656367,0.8960479216889472,0.7876397107166337,-0.09967857403754837,0.8887427861786836,0.7890642121411352,>0.70
Tenderness,0.4419590196164096,0.5684826772685571,0.5091965572982655,0.5628467822971733,0.09008694132552764,0.47557778845733756,0.5656647297828652,<0.50
Tendonitis,0.5558579810076816,0.626202141172201,0.6557793503901288,0.6027339260872195,0.008649367930805063,0.6058186656989052,0.6144680336297103,0.60-0.65
Tension,0.6449713054873547,0.5836509060235883,0.628432421033605,0.591001521336366,-0.04937564958050272,0.6367018632604798,0.5873262136799771,0.60-0.65
Thinking abnormal,0.6740705303444505,0.5967400218698743,0.6374043193001641,0.5704620010934938,-0.07213641334062326,0.6557374248223073,0.5836010114816841,0.65-0.70
Thirst,0.5980897889306873,0.4692181199738697,0.6321492127137162,0.4679791859076881,-0.14652084788142283,0.6151195008222017,0.4685986529407789,0.60-0.65
Throat irritation,0.6139293272622331,0.5859680625921888,0.526390046815879,0.5333162316424036,-0.010517539921759855,0.5701596870390561,0.5596421471172962,0.55-0.60
Throat tightness,0.6960932768019382,0.4677468201090248,0.660130224106602,0.4900060569351907,-0.19923531193216237,0.6781117504542702,0.47887643852210776,0.65-0.70
Thrombocytopenia,0.6624807319729046,0.4834895988007863,0.6775981785527413,0.5159447343487054,-0.1703222886880771,0.6700394552628229,0.49971716657474585,0.65-0.70
Thrombocytopenic purpura,0.7258939096267191,0.4990176817288801,0.7023968565815324,0.5019253438113949,-0.21367387033398824,0.7141453831041258,0.5004715127701375,>0.70
Thrombocytosis,0.636759581881533,0.4791424699961285,0.5869628339140535,0.4505903987611305,-0.14699477351916376,0.6118612078977932,0.4648664343786295,0.60-0.65
Thrombophlebitis,0.5431216931216931,0.4446825396825397,0.5288888888888889,0.444074074074074,-0.09162698412698414,0.536005291005291,0.4443783068783068,0.50-0.55
Thrombosis,0.6399350649350649,0.5543135435992579,0.5822820037105751,0.5487940630797774,-0.059554730983302384,0.61110853432282,0.5515538033395176,0.60-0.65
Tinnitus,0.6003221248081687,0.498913588500752,0.6086107607919409,0.5402580037378633,-0.08488064668074716,0.6044664428000548,0.5195857961193077,0.60-0.65
Tongue discolouration,0.7289411764705882,0.558,0.6911176470588235,0.5181764705882353,-0.17194117647058815,0.7100294117647059,0.5380882352941176,>0.70
Tongue disorder,0.6946927066092905,0.5322373018500128,0.6940674537496783,0.4943911140534775,-0.1810658722277392,0.6943800801794844,0.5133142079517452,0.65-0.70
Tongue oedema,0.7016233766233766,0.4771335807050093,0.7024118738404452,0.4325602968460111,-0.24717068645640072,0.7020176252319109,0.4548469387755102,>0.70
Tooth abscess,0.6307272106520997,0.4584499829293273,0.5865483100034141,0.493547285763059,-0.13263912598156374,0.6086377603277568,0.47599863434619316,0.60-0.65
Tooth disorder,0.4844940037870818,0.4323585104144751,0.474647590995161,0.4908899642331159,-0.017946560067325895,0.4795707973911214,0.46162423732379554,<0.50
Toothache,0.5576914675171479,0.4585171916641181,0.5491720913976146,0.4091484992791298,-0.11959893398575733,0.5534317794573813,0.43383284547162393,0.55-0.60
Torsade de pointes,0.7326862804569811,0.5825160920702321,0.7258450443163819,0.5766184747076467,-0.14969837899774208,0.7292656623866816,0.5795672833889394,>0.70
Toxic epidermal necrolysis,0.6381540053207213,0.484592078037245,0.6124371859296482,0.4859961572568726,-0.14000147797812595,0.6252955956251848,0.4852941176470588,0.60-0.65
Transaminases increased,0.4673022095509622,0.5294458303635068,0.5238328581610834,0.480443692088382,0.009377227369921609,0.4955675338560228,0.5049447612259443,<0.50
Transient ischaemic attack,0.5730739450251646,0.5455865272938444,0.5933023615950446,0.5568621757646148,-0.03196380178087499,0.5831881533101047,0.5512243515292297,0.55-0.60
Traumatic liver injury,0.6297029702970297,0.6236940935472858,0.6170023898941618,0.4899283031751451,-0.06654148173438032,0.6233526800955957,0.5568111983612154,0.60-0.65
Tremor,0.6656912415560216,0.5638976240391335,0.6637403913347311,0.5765781504775216,-0.09447792918704878,0.6647158164453764,0.5702378872583276,0.65-0.70
Tubulointerstitial nephritis,0.7335998206814106,0.5821503287507472,0.6952331141661685,0.6181261207411834,-0.11427824267782422,0.7144164674237896,0.6001382247459653,>0.70
Ulcer,0.6799821377826493,0.4484634433483538,0.6007388462631429,0.395648114318191,-0.21830471318962366,0.640360492022896,0.4220557788332724,0.60-0.65
Upper respiratory tract infection,0.5457646671061306,0.4861733684904417,0.542139090309822,0.4793836519446275,-0.06117336849044169,0.5439518787079762,0.4827785102175346,0.50-0.55
Urethral disorder,0.6191479684657368,0.5784414796846574,0.6254851425106125,0.5861127956337174,-0.040039417828987234,0.6223165554881747,0.5822771376591874,0.60-0.65
Urinary incontinence,0.5884885854056258,0.4811710150835712,0.6140440277211577,0.4876936404402772,-0.11683397880146756,0.6012663065633918,0.4844323277619242,0.60-0.65
Urinary retention,0.7033174261083743,0.558901631773399,0.7046066810344828,0.6149553571428572,-0.11703355911330043,0.7039620535714286,0.5869284944581281,>0.70
Urinary tract disorder,0.6385820430614012,0.5754334250072175,0.6281281813623448,0.5811313874158601,-0.055072706000334204,0.633355112211873,0.5782824062115388,0.60-0.65
Urinary tract infection,0.5723702458842533,0.540064285597742,0.5675406679828354,0.5795493481701447,-0.010148640049601032,0.5699554569335443,0.5598068168839434,0.55-0.60
Urine abnormality,0.5876494023904382,0.6081299800796813,0.5436379482071714,0.6599228087649402,0.06838271912350602,0.5656436752988048,0.6340263944223108,0.55-0.60
Urine analysis abnormal,0.5185708847680679,0.521888085268367,0.5176464190548697,0.5139485562020774,-0.00019033117624661644,0.5181086519114688,0.5179183207352223,0.50-0.55
Urine output increased,0.6228269991607721,0.5403668624865124,0.6038124925068936,0.5043759741038245,-0.09094832753866439,0.6133197458338329,0.5223714182951684,0.60-0.65
Urticaria,0.569624240606015,0.5753993849846246,0.5819545488637216,0.5710492762319058,-0.002565064126603067,0.5757893947348682,0.5732243306082652,0.55-0.60
VIIth nerve paralysis,0.4870333844692818,0.5670976696617722,0.5734531375557016,0.5340054058002776,0.02030827671853319,0.5302432610124916,0.5505515377310248,0.50-0.55
Vaginal discharge,0.6788708378724009,0.5153696774499124,0.6834177994600483,0.4930137829773125,-0.17695258845261216,0.6811443186662246,0.5041917302136124,0.65-0.70
Vaginal haemorrhage,0.6040273108515578,0.6217724326759783,0.6310608948809483,0.6280802689495025,0.007382247946487341,0.617544102866253,0.6249263508127404,0.60-0.65
Vaginal infection,0.6293570980841032,0.5154934183631755,0.6173112037718366,0.4997683481863025,-0.11570326765323088,0.62333415092797,0.507630883274739,0.60-0.65
Vaginal inflammation,0.6357323232323232,0.5193001443001443,0.616041366041366,0.5321368446368446,-0.10016835016835013,0.6258868446368446,0.5257184944684945,0.60-0.65
Vascular purpura,0.5510944700460829,0.5027649769585253,0.5615437788018434,0.5507603686635946,-0.029556451612903212,0.5563191244239631,0.5267626728110599,0.55-0.60
Vasculitis,0.5121729651162791,0.5076048588039866,0.567016196013289,0.5441497093023255,-0.013717296511627952,0.539594580564784,0.525877284053156,0.50-0.55
Vasodilation procedure,0.579859212684527,0.6016265718972116,0.5371787862219792,0.6005330781848005,0.042560825587752926,0.5585189994532531,0.6010798250410061,0.55-0.60
Ventricular arrhythmia,0.6256724447101016,0.5640690376569037,0.6242528392109982,0.5707561267184698,-0.05755005977286315,0.6249626419605498,0.5674125821876868,0.60-0.65
Ventricular extrasystoles,0.5562356996404482,0.472617597242445,0.547945205479452,0.4934181202270228,-0.06907259382521619,0.5520904525599502,0.4830178587347339,0.55-0.60
Ventricular fibrillation,0.5513942044833242,0.5265172225259704,0.4730727173318753,0.4800437397484964,-0.008952979770366326,0.5122334609075998,0.5032804811372334,0.50-0.55
Ventricular tachycardia,0.6391137274139481,0.5516856076090808,0.6031395634044641,0.4902297440928788,-0.1001689695582263,0.6211266454092061,0.5209576758509797,0.60-0.65
Vertigo,0.6473734857919167,0.5239584512623118,0.6170610211706102,0.5071040416619496,-0.11668600701913279,0.6322172534812635,0.5155312464621307,0.60-0.65
Viral infection,0.5103966568934721,0.4733596198564351,0.5291005291005291,0.4751794560711758,-0.04547905503319516,0.5197485929970006,0.47426953796380544,0.50-0.55
Vision blurred,0.5998456988555999,0.5269098338405269,0.5900732930435901,0.5196662523395197,-0.07167145285957172,0.594959495949595,0.5232880430900233,0.55-0.60
Visual acuity reduced,0.6138128926928215,0.5099688319398408,0.5855637461039924,0.4689061495077425,-0.1102508286746153,0.5996883193984069,0.4894374907237916,0.55-0.60
Visual impairment,0.5915631533636698,0.5381410650596482,0.6054605829541262,0.557373016849096,-0.0507548272045259,0.598511868158898,0.5477570409543722,0.55-0.60
Vomiting,0.6648694390715667,0.555198259187621,0.6752176015473887,0.5706237911025145,-0.10713249516440998,0.6700435203094777,0.5629110251450677,0.65-0.70
Vulvovaginal candidiasis,0.6987951807228916,0.4082440874609548,0.7202141900937081,0.3919567157518964,-0.30940428380187424,0.7095046854082998,0.40010040160642557,>0.70
Vulvovaginal mycotic infection,0.7227292020373515,0.4854626485568761,0.737160441426146,0.4899724108658744,-0.2422272920203735,0.7299448217317488,0.4877175297113753,>0.70
Weight decreased,0.5999700264766122,0.5810367508700648,0.5827852064010124,0.6015519624331841,-8.325978718787264e-05,0.5913776164388123,0.5912943566516244,0.55-0.60
Weight increased,0.6132168754119973,0.5809162821357944,0.627834541858932,0.5587837837837838,-0.05067567567567555,0.6205257086354646,0.5698500329597891,0.60-0.65
Wheezing,0.5044030044030043,0.5014892514892515,0.5231805231805231,0.5089678839678841,-0.008563196063195944,0.5137917637917637,0.5052285677285677,0.50-0.55
White blood cell count decreased,0.5832291043558651,0.4276469628582304,0.618250040785252,0.5139485562020774,-0.12994181304040467,0.6007395725705585,0.4707977595301539,0.60-0.65
Yawning,0.7082828588734101,0.4510902483343428,0.645442156268928,0.3955178679588128,-0.25355844942459127,0.6768625075711691,0.4233040581465778,0.65-0.70
