se,struct_s1,expr_s1,struct_s2,expr_s2
Abdominal discomfort,0.5217341372380132,0.5710785721121638,0.5290458417073404,0.5183845344052063
Abdominal distension,0.5432197244379985,0.5154641044234953,0.5700145032632342,0.5126903553299493
Abdominal pain,0.5838980796018343,0.511370572676193,0.6400388148936503,0.46363451395301514
Abdominal pain upper,0.5343511450381679,0.5774060955050859,0.5363400450817344,0.5666092095542969
Abnormal dreams,0.6545241752615025,0.49352644283519864,0.6747128959110527,0.5222978080120937
Abscess,0.5573685573685574,0.5513597513597515,0.57000777000777,0.5128205128205128
Accommodation disorder,0.7672997679155023,0.7181831099322692,0.7650262871216785,0.704542225169327
Acne,0.6170159050744761,0.6495834385256248,0.6503723807119414,0.6063494067154758
Acute coronary syndrome,0.5952560240963856,0.49584206390780516,0.617699057097957,0.507169984284966
Affect lability,0.5576838300123435,0.4713895256568506,0.5272659143008288,0.5033724210897549
Ageusia,0.5601371357332086,0.5235156615240767,0.5757830762038335,0.5449275362318841
Aggression,0.5822464867050854,0.5558588615913457,0.6155764499713544,0.5502645502645502
Agitation,0.6529341317365268,0.5613173652694611,0.673817365269461,0.5726796407185628
Agranulocytosis,0.6838396897220428,0.5801066580478345,0.7164511958629606,0.583726567550097
Akathisia,0.775588499976318,0.7355657651683797,0.7860086202813432,0.7549850802822905
Alanine aminotransferase increased,0.6729919696671615,0.5559351134798705,0.6499204120687496,0.5547904780641354
Albuminuria,0.5905478395061728,0.4951388888888889,0.5904320987654321,0.4964891975308642
Alopecia,0.5580688772914274,0.5641308930206864,0.5551178240707091,0.5395484743200221
Altered state of consciousness,0.6385882352941177,0.43952941176470595,0.6568823529411765,0.4374705882352941
Amblyopia,0.4958223826148354,0.5064135252814499,0.5639587337700546,0.5425018632565802
Amenorrhoea,0.6861735279645729,0.6838773167131377,0.6715433819911433,0.7154010168935543
Amnesia,0.5806095555605614,0.47288987002455346,0.5990584101097021,0.44646678530398937
Amylase increased,0.6734716644355199,0.6046965640339134,0.7013052208835341,0.6015171798304328
Anaemia,0.6268058241383233,0.5166647707883063,0.6216016380389034,0.5000995336139232
Anaphylactic shock,0.5727403647355738,0.49490254231246344,0.5504398785165329,0.5491138265866282
Anaphylactoid reaction,0.5995502645502645,0.5874074074074074,0.6036243386243386,0.5835185185185185
Angina pectoris,0.6520219068613943,0.569406172499311,0.6469413061449436,0.5427631578947368
Angioedema,0.5521698327835286,0.47286998066204067,0.5564639972699351,0.46158002502559436
Angiopathy,0.576002944423997,0.5915936694884064,0.5205741626794258,0.5874567537725432
Anorectal discomfort,0.5163529411764706,0.5220588235294118,0.5289411764705882,0.5317058823529413
Anorectal disorder,0.5402777777777779,0.5040343915343916,0.4864417989417989,0.5087301587301587
Anxiety,0.5450704225352112,0.5332676056338028,0.5755492957746479,0.556830985915493
Apathy,0.578050443081118,0.5465121563281072,0.5375142013178822,0.5351056578050443
Aphasia,0.6015116431473634,0.6107737341080868,0.5633273624885315,0.6461619118353794
Aphthous stomatitis,0.6164724164724165,0.532038332038332,0.6241906241906242,0.47158767158767156
Aplastic anaemia,0.6842132083163475,0.6148338768854464,0.7044690175295556,0.6466061964940889
Apnoea,0.5507438016528925,0.488099173553719,0.5860330578512396,0.552892561983471
Arrhythmia,0.5678389612815843,0.5404387153021033,0.5766661996170193,0.5510718789407314
Arrhythmia supraventricular,0.5311591355599214,0.46176817288801575,0.5218074656188605,0.4488801571709234
Arthralgia,0.6147389107243122,0.5422094329028636,0.6068079730488489,0.5224171813587872
Arthritis,0.5778404344193818,0.49876775271512114,0.5689223057644109,0.4714494569757728
Arthropathy,0.5643197289782352,0.5018377065422353,0.6159353127297134,0.525104669372623
Aspartate aminotransferase increased,0.6685045948203844,0.5546644388749653,0.6335839598997494,0.5468857328506452
Asthenia,0.6522231504687646,0.4952380952380952,0.6848602988953867,0.4605216745567623
Asthma,0.5470316727677861,0.5508515040585708,0.5690951774629953,0.5237744707942065
Ataxia,0.665608643558321,0.5497235827044752,0.6879112101402055,0.5631976120908919
Atrial fibrillation,0.6136136136136136,0.5299554874022959,0.6394479585968947,0.5441398845654164
Atrial flutter,0.3908247497991088,0.3825699466725107,0.43670100080356494,0.3652567755131858
Atrioventricular block,0.6878835978835978,0.6185449735449736,0.6727513227513228,0.6257142857142858
Azotaemia,0.5195284872298624,0.5954420432220039,0.48353634577603144,0.5602357563850687
Back pain,0.6172091013824885,0.5639256912442396,0.5849798387096774,0.5086261520737327
Bacterial infection,0.7604715127701375,0.5489980353634578,0.8061296660117879,0.5284872298624754
Balance disorder,0.5639851130833095,0.3580876037789865,0.5931291153736044,0.39851130833094756
Bladder pain,0.544449200913242,0.5530821917808219,0.5655441400304414,0.5114868721461187
Blepharitis,0.5527365491651206,0.4031539888682746,0.5735621521335807,0.45208719851576995
Blindness,0.6002693516321426,0.3874815622394664,0.5905855191432052,0.41993202077855446
Blister,0.4508857325247367,0.5387807213533355,0.3777529524417491,0.5079396744334503
Blood alkaline phosphatase increased,0.6518502663622526,0.5028300989345511,0.6429556697108068,0.45141267123287676
Blood bilirubin increased,0.7439271255060728,0.6424032838506524,0.7216599190283401,0.6235098965362124
Blood cholesterol increased,0.5429359327903547,0.5084332713397037,0.5434489835182453,0.4789328544859873
Blood creatine phosphokinase increased,0.612286293827876,0.530099971022892,0.5716096783541003,0.5427050130396986
Blood creatinine increased,0.6714965727341964,0.55504569687738,0.6627760853008378,0.5717250571210968
Blood disorder,0.5645442520442521,0.45634920634920634,0.544131794131794,0.4549963924963925
Blood glucose increased,0.5386178861788617,0.5969802555168409,0.5333430120015487,0.6226287262872628
Blood lactate dehydrogenase increased,0.7324915110356537,0.5446201188455009,0.6621392190152802,0.5715725806451613
Blood potassium decreased,0.758784425451092,0.6366425597194828,0.71246986631602,0.6422675140623859
Blood pressure increased,0.6142075517075517,0.5603956228956228,0.6675384800384799,0.5382395382395382
Blood triglycerides increased,0.5344103158504782,0.5762460156476384,0.5027528252680382,0.5496957403651115
Blood urea increased,0.6376726417866587,0.5970400448801859,0.615686693559159,0.5807175486869874
Blood uric acid increased,0.6011864597390912,0.4884727845254161,0.6306230319388214,0.5112460638776428
Body temperature decreased,0.7053838848710643,0.322521732778143,0.6989553656220322,0.4285192490320695
Body temperature increased,0.6316528454214383,0.5458148684422214,0.6231845904084945,0.5422900852675764
Bone disorder,0.5482696408069543,0.49158602591438416,0.5847793997047729,0.496309660488765
Bone pain,0.6207261960417642,0.48726819386005915,0.6006545114539504,0.5964157706093189
Bradycardia,0.611479503249384,0.5606965091859176,0.6279992724025598,0.5507581896052783
Breast disorder,0.590625,0.5246180555555555,0.5580208333333334,0.5145833333333334
Breast enlargement,0.6641796999680817,0.6001835301627833,0.689036067666773,0.5847829556335781
Breast feeding,0.43732809430255404,0.5157563850687623,0.4779567779960708,0.5565422396856582
Breast pain,0.5985039738195419,0.5900264921302789,0.5913978494623655,0.5942340657628176
Breath odour,0.4460932768019382,0.5173379769836463,0.49295881284070264,0.5314960629921259
Bronchitis,0.5393009674888869,0.5033905691623813,0.5172491937592609,0.48247189052558187
Bronchospasm,0.5295112781954887,0.5599624060150377,0.5030910609857978,0.527046783625731
Bundle branch block,0.6816711289602856,0.499553770638108,0.6340361445783133,0.4918005354752342
Burning sensation,0.6291497975708503,0.3771255060728745,0.6083502024291498,0.38557692307692304
Bursitis,0.5143719388512343,0.5223865828921981,0.5550883095037847,0.5404442685400485
Candida infection,0.6683904724241778,0.45335077419158576,0.6586256198095702,0.5511209807440758
Cardiac arrest,0.5843045843045844,0.5188811188811189,0.55007215007215,0.5502941502941503
Cardiac disorder,0.6291664838459626,0.5543855030494493,0.6261535986427392,0.5487107483948341
Cardiac failure,0.5511258690463837,0.4959634741102003,0.553076683615233,0.4685067967209713
Cardiac failure congestive,0.597329247936341,0.563533258637642,0.627695333043697,0.5817346168797017
Cardiomyopathy,0.624665327978581,0.44818161535029005,0.6609772423025435,0.45364792503346724
Cardiovascular disorder,0.5460838537020517,0.45016949152542374,0.5114005352363961,0.4857091882247993
Cataract,0.6148438634713145,0.5287726942628903,0.6115613652868555,0.5416122004357298
Cellulitis,0.6527454027454028,0.4211344211344211,0.5573038073038074,0.49773374773374773
Cerebral haemorrhage,0.531262098335269,0.5875435540069687,0.5452477739063104,0.564847077042199
Cerebral ischaemia,0.6110718364239491,0.4709337103703301,0.6050356191201262,0.4392299744412421
Cerebrovascular accident,0.6614276619449307,0.5416202451058412,0.6683113162501989,0.5279126213592232
Cerebrovascular disorder,0.40979672501411635,0.48327216261998873,0.47811970638057594,0.5611942405420666
Cheilitis,0.6249294184076792,0.4665443252399774,0.5634528514963297,0.4700734048560136
Chest discomfort,0.5192089206816747,0.5354092152324847,0.5148748159057438,0.5581317062907637
Chest pain,0.594233026459067,0.5696689434757399,0.6027038875454301,0.5816893640490433
Chills,0.5962896993116773,0.55832628909552,0.5922744837580002,0.535880328462746
Cholecystitis,0.45126518218623485,0.4988360323886639,0.48598178137651826,0.4815789473684211
Cholelithiasis,0.6022722108611679,0.5236991592819814,0.6647580095432856,0.5825494205862305
Cholestasis,0.5631365740740741,0.5304012345679012,0.6340663580246914,0.5706790123456791
Coagulopathy,0.5830900905357939,0.4966110918715678,0.5267402166922277,0.5277791520308712
Cognitive disorder,0.6571852060982496,0.5575945793337098,0.6197769621682665,0.5665584415584416
Colitis,0.5414136302294197,0.42867183985605045,0.5536437246963563,0.45436909581646423
Coma,0.5514860219633133,0.5091108204301402,0.562102637422809,0.46597511635688865
Completed suicide,0.6668300071275838,0.5369297933000713,0.6638453314326442,0.5411172487526729
Confusional state,0.5627834467120182,0.555172902494331,0.5781179138321996,0.5502692743764173
Conjunctival hyperaemia,0.5563591204616846,0.5407261304697202,0.6183797209438235,0.5562130177514794
Conjunctivitis,0.5476210741339689,0.563316026895906,0.5622946633756065,0.5273640309813601
Connective tissue disorder,0.5416784486479246,0.5085202327623413,0.5406069084577263,0.5037280669117319
Constipation,0.6473572439830109,0.5011650542708825,0.6472835063709297,0.48625530910806986
Contusion,0.4926971140017259,0.47246636198024866,0.48192655565853815,0.5190642078685799
Convulsion,0.5953663081595821,0.48060980441066425,0.6007952694672282,0.47067627250451194
Coordination abnormal,0.6557315737450912,0.5362915074933882,0.6523121310073998,0.5382149440333395
Coronary artery disease,0.5393445776951196,0.5803886359263772,0.5629449111780928,0.5270313602257424
Cough,0.59064467176259,0.505789118705036,0.5881857014388489,0.538486398381295
Cyanosis,0.5497058823529413,0.6161176470588234,0.5527647058823528,0.6217058823529411
Cyst,0.6903463695916526,0.5864354920958693,0.6653983446436276,0.5810222413995998
Cystitis,0.5324824824824825,0.5151401401401402,0.5479979979979981,0.5198698698698698
Cystitis noninfective,0.5450723603750509,0.5338106400326131,0.5231349368120669,0.5502700774561761
Deafness,0.5715395715395716,0.46933066933066936,0.5430791430791431,0.4662892662892663
Decreased appetite,0.6329214309402621,0.5492480498320188,0.647297160901475,0.5536314218563003
Deep vein thrombosis,0.7363362313775176,0.616497007296081,0.7276857879330683,0.6181571934116825
Dehydration,0.6020259638080252,0.47712431156569624,0.614162077104642,0.534795436664044
Delirium,0.6637784632447232,0.5474993934772814,0.6305756767060617,0.47281045298582464
Delusion,0.7672220561864913,0.5865585774058577,0.7809698147041243,0.5773684997011357
Dementia,0.5697275184454671,0.3736576813499891,0.5923734385272846,0.4375776170647965
Depersonalisation,0.5938433950986252,0.4490436341900777,0.6518604303646145,0.456253735803945
Depressed level of consciousness,0.6276755651755652,0.4574915824915825,0.6193181818181819,0.4842472342472342
Depressed mood,0.4142857142857143,0.4579365079365079,0.4340608465608466,0.49695767195767204
Depression,0.4854004192872118,0.5284528301886792,0.49735849056603776,0.5424234800838574
Dermatitis,0.5911627319782855,0.47145562428986243,0.6113874510794092,0.5104658502714304
Dermatitis atopic,0.551911865569273,0.42031035665294925,0.5017575445816186,0.48238168724279834
Dermatitis bullous,0.4909462134961227,0.49738079524830886,0.47155997360171586,0.49756640818346815
Dermatitis contact,0.6315468409586057,0.5480900508351488,0.6487726942628904,0.5431808278867103
Dermatitis exfoliative,0.571528975784295,0.5368134091538347,0.5892062275040998,0.5440972887781399
Diabetes mellitus,0.6319039451114924,0.5056603773584906,0.6272512864493996,0.49991423670668955
Diarrhoea,0.679720692368214,0.5458693941778128,0.6844020456333596,0.5526750590086547
Diplopia,0.6359298737113965,0.5513799820525728,0.6382717940861039,0.53767865350522
Discomfort,0.5345111333042634,0.4925098110925126,0.5605474519291632,0.4479906601212496
Disorientation,0.5852886212624585,0.5290178571428572,0.5743095930232558,0.536155523255814
Disturbance in attention,0.5176588689806224,0.5456453624555105,0.5375840355306787,0.5315000152100507
Disturbance in sexual arousal,0.6058977455716587,0.5300925925925926,0.6410225442834139,0.5576892109500806
Dizziness,0.6720261121856865,0.5604206963249516,0.6830029013539651,0.5109284332688588
Dizziness postural,0.6106362773029439,0.4146394915625685,0.6612608663890716,0.6424866681276937
Drug eruption,0.4998342253587837,0.44782835220006634,0.5291526547624686,0.4557381707952446
Drug interaction,0.502778355570083,0.5151992392951593,0.5297893204171991,0.49448786140908685
Drug withdrawal syndrome,0.7882553772618641,0.7394332536701945,0.7142369409354729,0.703721406623421
Dry eye,0.6116651937886631,0.5450321929049362,0.5900265118040651,0.5620249968438329
Dry mouth,0.6651727475487101,0.5543772531526603,0.6871046023930761,0.53622578518425
Dry skin,0.6000556947925368,0.5873758470249698,0.5728952009653764,0.5568922305764412
Dysaesthesia,0.6048868081831591,0.5991791188353748,0.5636503559289425,0.61713589431155
Dysarthria,0.6184729064039409,0.4497536945812807,0.5856834975369458,0.5092672413793103
Dysgeusia,0.5641717012962669,0.4958401222730091,0.5773794933167996,0.4990988133173763
Dyskinesia,0.7062867215041129,0.6026439482961223,0.7430082256169214,0.564042303172738
Dysmenorrhoea,0.6851489522847766,0.483400656399899,0.6631216864428174,0.5427922241858116
Dyspepsia,0.6325843194610646,0.5106885904652159,0.6121821861750063,0.528283768411411
Dysphagia,0.6027600172501077,0.47968424802655013,0.6222601391258695,0.48515928224551397
Dysphonia,0.6188785859171255,0.5426687916545929,0.6451028687337004,0.5173500434656622
Dyspnoea,0.6117570419044651,0.5730247971336723,0.6162179768597851,0.5382153427839066
Dysuria,0.565109476110274,0.615831929793458,0.5305203439411401,0.6097686375321336
Ear disorder,0.4712301587301588,0.49953703703703706,0.4430224867724868,0.533068783068783
Ear infection,0.5311507936507937,0.5238756613756614,0.5622354497354497,0.5422619047619047
Ear pain,0.5854443521594683,0.5428000415282392,0.5730377906976744,0.4978716777408638
Ecchymosis,0.5870314786793343,0.47255227842135294,0.6305410165455312,0.4650857043633568
Eczema,0.5060933029982205,0.44207420088752736,0.4872615051922601,0.4351586961908409
Ejaculation disorder,0.7722054768165202,0.5198486500352721,0.8142756365035593,0.5771179375360738
Electrocardiogram QT prolonged,0.7351037539716786,0.6559447691523164,0.7200407955124937,0.6712430863374259
Electrocardiogram abnormal,0.586569968106951,0.6022543579885535,0.5767836078465638,0.5703613089256848
Embolism,0.6352048065603052,0.5953395851094061,0.6125928632322494,0.5384240652782852
Embolism venous,0.8046630968317715,0.5759705488621152,0.8313253012048193,0.5519857206604195
Encephalopathy,0.4474663612940166,0.5652447752648153,0.5352991697681077,0.5166332665330662
Endocrine disorder,0.569962444962445,0.5248963998964,0.5534835534835535,0.5662716912716912
Endophthalmitis,0.5557528166609764,0.48842608398770904,0.6053260498463638,0.5119153294639809
Eosinophilia,0.6117475639741371,0.5192787542118205,0.5838812494308352,0.4804662599034697
Epigastric discomfort,0.6173108328796951,0.6276537833424061,0.6300127018689893,0.6533599467731204
Epistaxis,0.6373272701071205,0.5224248634973501,0.6370710774502426,0.5273405601011961
Erectile dysfunction,0.6812574612017508,0.5520732192598488,0.6834381217668126,0.5569598089932352
Eructation,0.5946825396825397,0.5193650793650794,0.6121825396825397,0.5291534391534392
Erythema,0.5054664289958407,0.5177658942364824,0.5407754010695187,0.4897504456327985
Erythema multiforme,0.5479957569509808,0.486322143038561,0.5496989526840274,0.48112291395873485
Erythema nodosum,0.5275038351961429,0.5968295711885456,0.5516107823800132,0.5564321718167872
Euphoric mood,0.675330396475771,0.5759911894273128,0.6642345814977973,0.608535242290749
Extrapyramidal disorder,0.817671809256662,0.69474832476235,0.8230325697366371,0.6810347514414835
Extrasystoles,0.5291681890147364,0.5416311452117079,0.5302236836763691,0.5949742215726871
Extravasation,0.5902016932270917,0.5563994023904382,0.5899526892430279,0.5737674302788844
Eye disorder,0.5565844681634156,0.5412145748987854,0.55576002944424,0.5336326831063672
Eye haemorrhage,0.5557786702365015,0.46826193663543064,0.6217648371262828,0.46513833110218655
Eye irritation,0.557256543833296,0.5714468343507303,0.5265748346064113,0.5686023842244877
Eye pain,0.524056603773585,0.48059605488850776,0.539729845626072,0.511771012006861
Eye pruritus,0.573380086200599,0.6253195996785741,0.5194681861348528,0.6828840674994522
Eyelid oedema,0.6109792855768614,0.4974668120310396,0.6251523119348424,0.5362021419867888
Face oedema,0.5979030501089324,0.48152038593215063,0.617433084344849,0.4424019607843137
Faecal incontinence,0.5207766285610597,0.47898143107723945,0.5449706647311438,0.47777172926873523
Fatigue,0.598245215944331,0.5890023447545571,0.6029347250586188,0.581726041903033
Febrile neutropenia,0.7081581160639192,0.6995992677979519,0.6675901647454608,0.7525849700687677
Feeling abnormal,0.5803271569195135,0.5224232773595832,0.5712362478286045,0.5301968731905038
Feeling hot,0.4717948717948718,0.542035742035742,0.4988862988862989,0.474022274022274
Flank pain,0.5254223968565814,0.5820825147347741,0.457524557956778,0.6367779960707268
Flat affect,0.6036617961511048,0.5093995010691376,0.5785816108339273,0.537731646471846
Flatulence,0.6115536408714383,0.5338354560305322,0.6104549462940744,0.519711448108366
Fluid retention,0.5442182432616575,0.5800016351892732,0.5547924672280816,0.5750688142152454
Flushing,0.5841798006041351,0.5253940181240511,0.590158546319628,0.5115896890113157
Foetor hepaticus,0.4617408906882591,0.4116902834008097,0.4798076923076923,0.36184210526315785
Folliculitis,0.7283190451380666,0.6409794913086724,0.7321081797944394,0.6184341401032539
Fracture,0.6907435808638006,0.6026814426359275,0.7419482511255133,0.5206550239944591
Fungal infection,0.6064494680851064,0.542785904255319,0.5994348404255319,0.5664561170212765
Fungal skin infection,0.6480710139979515,0.3485148514851485,0.6616592693752135,0.4858996244452031
Furuncle,0.5863529411764706,0.48347058823529415,0.5749411764705882,0.4796470588235294
Gait disturbance,0.6406695980868626,0.5419270230656483,0.616909665972383,0.5211756537838463
Galactorrhoea,0.7800540123456791,0.7822916666666667,0.819753086419753,0.7843749999999999
Gamma-glutamyltransferase increased,0.5830242955671854,0.5612241361383565,0.5221987315010571,0.5770977021453576
Gastric ulcer,0.4879048582995951,0.42753036437246966,0.48628542510121453,0.42611336032388664
Gastritis,0.5638272444795822,0.4853554946772326,0.5742337605030429,0.4826895144238725
Gastroenteritis,0.5763842417701026,0.5664112250404749,0.5930922827846735,0.6099730167296276
Gastrointestinal disorder,0.6087036160761986,0.5502266725688032,0.5968281104513609,0.5650634225268267
Gastrointestinal haemorrhage,0.567884985319429,0.484479092841956,0.5804596537410145,0.5395160473828086
Gastrointestinal pain,0.6060491206791996,0.5257731958762887,0.585961188599151,0.4844906003638569
Gastrooesophageal reflux disease,0.5494768722466961,0.5540748898678414,0.5513215859030838,0.5440253303964757
Generalised oedema,0.44996128532713897,0.5213898567557105,0.4564943863724351,0.5120499419279907
Gingival bleeding,0.5202458256029685,0.3514842300556586,0.5241651205936919,0.3793599257884972
Gingivitis,0.5294076872422278,0.49814577340311234,0.49928950195820193,0.49766055522822583
Glaucoma,0.6452106993424985,0.498767184698147,0.603332337118948,0.48755977286312013
Glossitis,0.5092916342916343,0.4628010878010878,0.48967236467236464,0.5176443926443927
Glycosuria,0.6778036778036778,0.5523504273504274,0.64996114996115,0.5465552965552966
Gout,0.6183348655481498,0.39421971960468855,0.6380429786256033,0.39735118363594574
Grand mal convulsion,0.5804013268802002,0.5295557126543041,0.6336940562292674,0.5813257925933982
Gynaecomastia,0.650321683185533,0.5945705094766128,0.6614284472265692,0.633150756390193
Haematemesis,0.5685747088732163,0.4399868787928489,0.6184024930293588,0.470362473347548
Haematochezia,0.4644268774703557,0.444240542066629,0.45193393562958784,0.4155844155844156
Haematocrit decreased,0.6257763975155279,0.6889469226425748,0.6086956521739131,0.6938876341050254
Haematoma,0.5874931974471874,0.4273982090733687,0.53772324741503,0.4595557314599516
Haematuria,0.640009854644001,0.4986285620431963,0.6309435821630944,0.5010757986367742
Haemoglobin,0.6127537080405933,0.5806824095758523,0.6081999739786625,0.5806824095758522
Haemoglobin decreased,0.6348832795596888,0.5342190168912507,0.5910419434427785,0.46646422471057125
Haemolytic anaemia,0.6013181192209325,0.5305429864253394,0.6358941569939013,0.5149763918945505
Haemoptysis,0.5968559837728195,0.5041654592871632,0.6118878585917126,0.4544334975369458
Haemorrhage,0.6508389397746616,0.5662316608575828,0.608105698305909,0.5799140795979574
Haemorrhage intracranial,0.6975529100529101,0.5763227513227513,0.6985449735449736,0.5808201058201058
Haemorrhoids,0.5174887448671647,0.5720081135902637,0.49334586652154555,0.5597882550833622
Hallucination,0.647214459345493,0.6159939146395912,0.6434937906173002,0.6020868817488796
Headache,0.6123566452711952,0.5780731907644572,0.6164025187844127,0.5714416086149728
Hearing impaired,0.6767037786774629,0.5379554655870445,0.660481331533963,0.5783850652271705
Hepatic enzyme increased,0.5538662650260024,0.5881951746284351,0.5303930205461934,0.5671374577282673
Hepatic failure,0.5761316872427984,0.5481290075605321,0.5750215331610681,0.5173700832615561
Hepatic function abnormal,0.5204028477166175,0.46258030908143777,0.5532954630020093,0.4780095750750379
Hepatic necrosis,0.5236549165120594,0.5915584415584416,0.5097866419294991,0.5719851576994435
Hepatic steatosis,0.5454270139309509,0.38438824954572987,0.6008479709267112,0.373182919442762
Hepatitis,0.5790998217468806,0.5124331550802139,0.5818924539512775,0.5339720736779561
Hepatitis cholestatic,0.4962026892430279,0.5128237051792829,0.5115164342629482,0.5249003984063745
Hepatobiliary disease,0.5889110054244603,0.5576405877258293,0.6071140959992707,0.5461534955100056
Hepatocellular injury,0.524709426241155,0.4821108869248913,0.5469038620023303,0.47790502713916283
Hepatomegaly,0.6028167890201085,0.49780561761889563,0.553622725821896,0.49078359399936167
Hepatotoxicity,0.6271357679850237,0.5428342198318129,0.6084747273645738,0.4820966927168454
Hernia,0.5062817617165443,0.5299265951439864,0.5070581592320722,0.5662055335968379
Herpes simplex,0.5415641279682955,0.4057336444117741,0.5604205950973186,0.4805522707660839
Herpes zoster,0.6112034574468085,0.5252992021276596,0.6547539893617021,0.49714095744680853
Hiccups,0.6642979585476079,0.4740532959326788,0.6413900576593424,0.5056568489948574
Hirsutism,0.6991452991452992,0.5776741776741776,0.7017353017353017,0.6010878010878011
Hostility,0.7227292020373515,0.44105475382003395,0.7331812393887945,0.47097835314091685
Hot flush,0.614849591375413,0.5129977395235611,0.5957224830464267,0.5264953921057207
Hyperacusis,0.6326129666011788,0.5614931237721021,0.6875442043222004,0.6213752455795678
Hyperaesthesia,0.5194092827004219,0.5422995780590717,0.5203586497890295,0.5174753867791843
Hyperbilirubinaemia,0.690499872119128,0.483986473045554,0.7146551479155419,0.4964335445735883
Hypercalcaemia,0.6747027897503909,0.596078245630654,0.6706294699947899,0.5755221901198314
Hypercholesterolaemia,0.59038420030218,0.5024282322469242,0.5445715519102093,0.48154543492337587
Hyperglycaemia,0.6686849543877682,0.5007227290247976,0.6608634202749583,0.4754272131568804
Hyperhidrosis,0.6251262484569633,0.571512737066547,0.6033694310402873,0.5609780047132757
Hyperkalaemia,0.5489149541372367,0.448975678353415,0.5600690338457606,0.436798875003995
Hyperkinesia,0.6649332897512852,0.49139749799423527,0.645410513178617,0.525242920393427
Hyperlipidaemia,0.6314282352018201,0.43207939434354525,0.5856117365551328,0.43910092966696745
Hypernatraemia,0.5799515445184736,0.4415505754088431,0.5766959418534222,0.41649000605693526
Hyperreflexia,0.7446855139162831,0.5723573672291621,0.7864708890349916,0.6290452187888086
Hypersensitivity,0.5204012959166107,0.530621507833409,0.556915468048143,0.507817757813845
Hypertension,0.5409032149280576,0.5424488534172662,0.5802607913669064,0.5527624775179856
Hyperthyroidism,0.5101176126817152,0.438088976550515,0.5196142888450581,0.48045876251004455
Hypertonia,0.5857936507936508,0.4073544973544973,0.5854232804232804,0.41854497354497355
Hypertriglyceridaemia,0.5401284459784176,0.579710778103019,0.5182838918257678,0.5714972257416226
Hyperuricaemia,0.6653790152438118,0.49971770718806635,0.6682910884616527,0.4877722639883516
Hyperventilation,0.6099977277891389,0.49293342422176784,0.6293569643262895,0.5752329016132698
Hypoaesthesia,0.5749406843156843,0.49723713786213786,0.5569274475524476,0.51306505994006
Hypocalcaemia,0.5995012300744785,0.5415023758972803,0.5961311630101439,0.52266370100765
Hypoglycaemia,0.5932568438003221,0.5121779388083736,0.580475040257649,0.5394927536231885
Hypokalaemia,0.6235726473290459,0.49404683779273617,0.6301164382277389,0.49835936474602965
Hypokinesia,0.5829077561442707,0.5265320778806256,0.5412543887647622,0.5485157995531439
Hypomagnesaemia,0.7605131860299359,0.6584550962223805,0.7082590876692801,0.6478528153955809
Hypomania,0.878558449424591,0.6465021199273168,0.8219261053906723,0.6409751665657177
Hyponatraemia,0.6605795874384237,0.5709475061576355,0.6815540332512315,0.5450854371921182
Hypophosphataemia,0.6963008572917159,0.6192866954009377,0.683323071093639,0.5693648463032255
Hyporeflexia,0.505081874647092,0.432029926595144,0.4950592885375494,0.44297007340485606
Hypotension,0.6184862391758944,0.5861647930613447,0.6225422087491054,0.546882236537409
Hypothermia,0.7053838848710643,0.322521732778143,0.6989553656220322,0.4285192490320695
Hypothyroidism,0.5558677685950414,0.5337603305785124,0.5834710743801653,0.4497107438016529
Hypotonia,0.567526455026455,0.45125661375661374,0.5877645502645503,0.45357142857142857
Hypoxia,0.5902016932270917,0.5258964143426295,0.6002241035856575,0.5956175298804781
Ileus,0.5652863511659808,0.4697788065843621,0.5540552126200274,0.4852109053497942
Ileus paralytic,0.7701375245579568,0.7633005893909627,0.7859332023575638,0.7801964636542239
Ill-defined disorder,0.5399049539170507,0.4676123271889401,0.5343029953917051,0.47540322580645156
Immune system disorder,0.5053381844208518,0.5261541214362401,0.4588452821185733,0.5227991172611237
Inappropriate antidiuretic hormone secretion,0.8091731537976016,0.5944456132968652,0.7943614559225752,0.6118241110877339
Increased appetite,0.6418250015372318,0.551394781610609,0.6647809957162475,0.5869355797413351
Infection,0.5847894123756193,0.5650428753877029,0.6021079814183262,0.5920733162112473
Infestation,0.6032091247402253,0.6219129089942487,0.625296022425209,0.6136484461843313
Inflammation,0.5690384205883248,0.4683478842819335,0.5702248045508471,0.48720834727587997
Influenza,0.5595181134654819,0.482177033492823,0.5597744360902256,0.50176008202324
Influenza like illness,0.543141592920354,0.48070904381610186,0.5198575437081804,0.4557791927476797
Injection site pain,0.486972286972287,0.4505568505568506,0.5122507122507123,0.4588448588448588
Injection site reaction,0.6152869097429766,0.48808278541542144,0.565002988643156,0.5060893604303647
Injury,0.596010604721626,0.5740184320161595,0.6051761141270042,0.516020704456508
Insomnia,0.5941532405044835,0.5183349128818255,0.6157468834293213,0.521294743748633
Interstitial lung disease,0.6618028977583379,0.5673182066703116,0.6310142154182613,0.5472594313832695
Intestinal obstruction,0.5241321270776351,0.3852724594992636,0.5155480749000632,0.40079949505575424
Irritability,0.5838307841326336,0.6175748428806344,0.5451760412677674,0.6011758610591761
Jaundice,0.5806983949060452,0.5313935204645587,0.5941027197857799,0.546572634004328
Jaundice cholestatic,0.6017038777908343,0.5580493537015276,0.6329024676850764,0.5784958871915393
Joint swelling,0.47987403378184945,0.4761523046092184,0.37308903521328374,0.4576581734898369
Keratitis,0.6352237654320988,0.47318672839506165,0.6114197530864198,0.5046682098765433
Lacrimal disorder,0.41362433862433867,0.481547619047619,0.4315476190476191,0.5281746031746032
Lacrimation increased,0.63084285377279,0.5951875442321303,0.5985576112964649,0.5634752131567419
Laryngeal oedema,0.5910307898259706,0.5331883087907183,0.6214859437751004,0.5194667559125391
Laryngeal pain,0.45597369382535624,0.5398855194251614,0.5081394876791296,0.48654244306418215
Laryngitis,0.5554012345679012,0.4701774691358025,0.5795138888888889,0.44953703703703696
Laryngospasm,0.6286641929499073,0.5590909090909091,0.6263450834879407,0.5032467532467533
Lethargy,0.5591548995804314,0.5677379507166742,0.5731476157008072,0.595148339829191
Leukocytoclastic vasculitis,0.44849699398797593,0.3751503006012024,0.5168050386487261,0.3862009733753221
Leukocytosis,0.6101506419977757,0.5114076770127725,0.602669093114953,0.5131264112155831
Leukopenia,0.6585629921259842,0.5065382452193474,0.6573115860517436,0.485025309336333
Libido decreased,0.586810577441986,0.514214786832164,0.6022665947112791,0.5250512682137074
Libido increased,0.6951167527115996,0.5687491119215649,0.682612608345569,0.5670440013261971
Liver disorder,0.5086892488954345,0.48251630549126867,0.5302335367136546,0.5037660424994741
Liver function test abnormal,0.5435697555262773,0.4677389840433319,0.4961755233494364,0.46673254281949933
Liver injury,0.5936632163595051,0.48898636707902043,0.5975448119161828,0.4982643271901035
Loss of consciousness,0.6218806458897923,0.5719427506775068,0.6066508581752484,0.5842225609756098
Loss of libido,0.5446033476559995,0.6105944975309434,0.5487077534791253,0.5769896748541012
Lower respiratory tract infection,0.48769841269841274,0.5195767195767196,0.4478835978835979,0.5241402116402116
Lung disorder,0.5597410865874363,0.5592105263157894,0.6082342954159592,0.4876379456706282
Lymphadenopathy,0.5875210299173433,0.5589691073562041,0.5716236315314657,0.5485090093385023
Lymphoma,0.6158742632612967,0.44251473477406683,0.6703339882121807,0.4724557956777996
Lymphopenia,0.7801585887384177,0.6372059871703493,0.7645224518888097,0.6060673556664291
Malaise,0.5216676201372997,0.4787185354691076,0.5141161327231121,0.4882294050343249
Malnutrition,0.6253304217905988,0.5579100103436387,0.6398115159177106,0.5613722560625215
Mania,0.6391350210970463,0.5547468354430379,0.6601617440225035,0.5982770745428974
Mediastinal disorder,0.597508769417997,0.5486863769775931,0.5603407545278831,0.5428878230367242
Melaena,0.6119547492865879,0.4995413779046066,0.590424989808398,0.48198634325315937
Memory impairment,0.5589509862522415,0.6176778242677824,0.5116930663478781,0.5916019127316198
Menopausal symptoms,0.607620075553157,0.5141068537506747,0.6126497571505667,0.49843497031840256
Menorrhagia,0.5881266299623297,0.5205375253549696,0.5684946392350043,0.5208635178209216
Menstrual disorder,0.6166790883772016,0.5475620758639627,0.6342133134585964,0.546346055780018
Menstruation irregular,0.7499592147479471,0.6227092283430311,0.6868236445701235,0.6851378541519386
Mental disability,0.5736669723568715,0.5293331586532163,0.5842001834141229,0.5309576837416481
Mental disorder,0.6027602760276027,0.5217807495035217,0.5937022273655937,0.5328818596145328
Metabolic acidosis,0.551434184675835,0.43442043222003923,0.6479371316306484,0.4788998035363458
Metrorrhagia,0.5515480370252154,0.5392594956910309,0.5545004787743377,0.5760453239706351
Micturition urgency,0.611449864498645,0.44463801780874945,0.6516163375919474,0.4295392953929539
Migraine,0.5196205951213656,0.5855762111540233,0.5722490144678127,0.5914393772637224
Mood swings,0.5217627401837929,0.5107560568086884,0.5350668337510442,0.5379281537176275
Mouth ulceration,0.5267531565499963,0.409892590479498,0.5560241113288518,0.4463572544836653
Mucosal inflammation,0.76971534125894,0.8020650783877231,0.7599109553355752,0.7975654809832805
Multiple fractures,0.6907435808638006,0.6026814426359275,0.7419482511255133,0.5206550239944591
Muscle contractions involuntary,0.6471626199887069,0.6595143986448334,0.5530067758328628,0.6498447204968943
Muscle relaxant therapy,0.567526455026455,0.45125661375661374,0.5877645502645503,0.45357142857142857
Muscle rigidity,0.7458474956711345,0.6820368113897262,0.8078625024049253,0.6851151157570704
Muscle spasms,0.6030204962243797,0.5439769866954333,0.5643869111830278,0.5163322545846818
Muscle twitching,0.6215917697551123,0.5084574602373138,0.6100100984599848,0.5465791466801313
Muscular weakness,0.6044806438507226,0.45603513320048755,0.584031418677088,0.44918648068254363
Musculoskeletal chest pain,0.39983343428225315,0.4599485160508783,0.41437007874015747,0.534221683827983
Musculoskeletal discomfort,0.6392664509169363,0.5466666666666666,0.6220640057533261,0.5311183027687882
Musculoskeletal disorder,0.4329194427619624,0.6652029073288916,0.5408843125378558,0.6327983040581465
Musculoskeletal pain,0.5249502629929413,0.5363148284413921,0.5638950208486633,0.5302101218216009
Musculoskeletal stiffness,0.6938588740217118,0.525782630648826,0.6464907851552638,0.5198497854077253
Myalgia,0.6144512400403995,0.4211648524295814,0.6070166086858939,0.45773482212995176
Mydriasis,0.8496109318656292,0.6732207249952552,0.869614727652306,0.6709812108559499
Myocardial infarction,0.5991459308532479,0.5243984561057732,0.5838712326517205,0.4955571979962224
Myocardial ischaemia,0.538231917336395,0.507397080531409,0.6330326390027883,0.4848942102673446
Myoclonus,0.6738922972051806,0.5194274028629857,0.6458077709611452,0.5212906157691434
Myopathy,0.5928925619834711,0.5832231404958679,0.5651652892561984,0.5604958677685951
Myositis,0.5985113083309476,0.6036072144288578,0.5699398797595191,0.5524191239622102
Nail disorder,0.546195652173913,0.5424982181040627,0.5416072701354242,0.6296774768353528
Nasal congestion,0.5944131399112816,0.49348998920992687,0.6347440354873517,0.524325620429205
Nasopharyngitis,0.4862765896993919,0.5662114295455836,0.47563123899001764,0.5256757524671831
Nausea,0.7110579374730318,0.46942297885694106,0.6939944298434866,0.5604283528811831
Neck pain,0.5357443718228032,0.5067828612926653,0.49435003631082064,0.48310820624546114
Necrosis,0.5693077383218228,0.5109032573821307,0.6137364728914024,0.5325466311381805
Neoplasm,0.5565552385828884,0.5503133152902739,0.5895203959720089,0.5195669665715749
Neoplasm malignant,0.6039894031478884,0.6259934548854604,0.6069502882967118,0.6199158485273492
Nephrolithiasis,0.6508947528055808,0.48326761702557874,0.6076230916995249,0.4899066491423179
Nephropathy,0.5493386243386243,0.43697089947089945,0.4640873015873016,0.48174603174603176
Nephrotic syndrome,0.6476613178559235,0.5321270058040286,0.6551041311027654,0.4782519631273472
Nervous system disorder,0.601471489883507,0.5498695336004449,0.6049078180029372,0.5120128897951035
Nervousness,0.6177531909817489,0.5662203268519623,0.6059883096743409,0.5562149588452822
Neuralgia,0.5616125760649088,0.4579831932773109,0.5786004056795132,0.4690669371196754
Neuritis,0.6780034162080091,0.4906433858417157,0.6720060732586828,0.48160941355095843
Neuroleptic malignant syndrome,0.8248987854251013,0.7725202429149798,0.817257085020243,0.7771255060728746
Neuropathy peripheral,0.6044431433775697,0.5732175383814728,0.5813979963570127,0.5438947436898256
Neutropenia,0.7317028009695664,0.5125908968489092,0.7041475895502289,0.5788782655534608
Night sweats,0.5111454046639231,0.5204903978052127,0.5289351851851852,0.5232338820301784
Nightmare,0.6634459632271449,0.5459092329989486,0.6800420585978573,0.5403108926084856
Nocturia,0.5874433412475718,0.4856194690265487,0.5492661342542628,0.4559680552557738
Non-Hodgkin's lymphoma,0.621441550575409,0.45601150817686253,0.6748940036341612,0.43625075711689887
Nuchal rigidity,0.6517482517482519,0.5048951048951049,0.6130536130536131,0.49531209531209525
Nystagmus,0.6203416488269474,0.5194198086417057,0.6194241775525361,0.5562497269430731
Ocular hyperaemia,0.5162780133252575,0.5501968503937008,0.6365838885523925,0.49023319200484555
Oculogyric crisis,0.8132023575638506,0.6976817288801571,0.8088015717092338,0.7076620825147347
Oedema,0.61102379883251,0.5341546924113156,0.5908874045801527,0.5559469016614279
Oedema peripheral,0.6066886481394254,0.5127406439457249,0.6281737650616139,0.5566377463419081
Oesophagitis,0.5690812311964822,0.47201007997120004,0.5284527758492119,0.496772866363239
Oliguria,0.5144941748715333,0.5121798140666065,0.5449339034244696,0.4988820460518574
Opportunistic infection,0.7535837416076937,0.4370652634125688,0.7785640839533056,0.43700477832214357
Optic neuritis,0.6342941176470589,0.5225294117647059,0.5979411764705882,0.46094117647058824
Oral candidiasis,0.6638036809815951,0.5107021131561008,0.6118154964780731,0.536696205407862
Oropharyngeal discomfort,0.5387840670859538,0.46125271249402333,0.5711133178859098,0.4799367391224392
Oropharyngeal pain,0.5105333442345952,0.5517673670727387,0.5375684735508135,0.5472705965715532
Orthostatic hypotension,0.7236021989740573,0.5064443177848462,0.721818750114913,0.5306771589843535
Osteoarthritis,0.5642627373664003,0.4843208467365363,0.5802635675002594,0.5016706443914081
Osteoporosis,0.6212941176470589,0.41211764705882353,0.7078823529411765,0.45123529411764707
Otitis media,0.5620012767315672,0.4758617938078519,0.5754867539099904,0.4307772103415257
Pain,0.582308352402746,0.49929919908466813,0.5868993135011442,0.4972826086956522
Pain in extremity,0.5508560755421812,0.5632873300819757,0.5439452111653005,0.5317007367437999
Pallor,0.5893712097031599,0.5498723268432811,0.5637966804979253,0.5437280561761889
Palpitations,0.6820897437725465,0.6182966649081032,0.6755735531062411,0.5923602298490012
Pancreatitis,0.6128378378378379,0.47112722478576136,0.6194133157547791,0.4936058009228741
Pancreatitis acute,0.5167062143269416,0.4845764124927852,0.5129865965497338,0.4516770345667928
Pancytopenia,0.6431794995936576,0.5328099873774489,0.6611796033406532,0.5589196479518614
Paraesthesia,0.6504425407378993,0.5296708292488883,0.6517495631419682,0.5395019108099277
Paraesthesia oral,0.5980820105820106,0.5406746031746031,0.5613756613756614,0.5118386243386244
Paralysis,0.49954126436279433,0.49202673773428285,0.44021145528419764,0.5536720695530604
Paranoia,0.702760932014044,0.6487791254388765,0.6761091605489946,0.612871050111714
Parkinsonism,0.7568279415974808,0.7646722015459491,0.8061265387918695,0.7397079874033782
Parosmia,0.4512097622554176,0.52442667788765,0.4463286345466022,0.5160109404586577
Pelvic pain,0.7034640274076894,0.3986078633965958,0.6805155255859482,0.4184566860623199
Peptic ulcer,0.5932107125693564,0.571846738608065,0.5876185067062781,0.6029096946131329
Pericardial effusion,0.6470889034991599,0.5277960406165534,0.5736722916210096,0.48454963839579224
Pericarditis,0.5788423153692615,0.45623903707736047,0.5743059335873707,0.4535172080082259
Periorbital oedema,0.687111801242236,0.381352343308865,0.6121541501976284,0.4374647092038397
Peripheral coldness,0.6855380148793323,0.623298856831791,0.6453154297465675,0.5911812738160043
Peripheral sensory neuropathy,0.6164803857111549,0.5490539849514208,0.6809847322667836,0.6250273942581634
Peripheral vascular disorder,0.6089270826652985,0.5581991919451036,0.6393894696338102,0.4874623228371705
Petechiae,0.6518822479928635,0.5399821587867975,0.6234076717216771,0.5165388046387154
Pharyngitis,0.5894807008633824,0.5761966734382935,0.569562595226003,0.5555802437785677
Phlebitis,0.4749435513766724,0.4322448016715532,0.550736359653557,0.4037340343072827
Photophobia,0.603853476938816,0.4530677200261446,0.5949870698229559,0.48932905169229024
Photosensitivity reaction,0.648978542978286,0.5607574200179879,0.6469388410638571,0.5494186046511628
Pigmentation disorder,0.5570137524557957,0.43222003929273084,0.612966601178782,0.4969744597249509
Platelet count decreased,0.6372727272727272,0.5066115702479339,0.6562396694214875,0.5608264462809917
Pleural effusion,0.6178401973809072,0.5349402163598406,0.5702410324539761,0.547997722527994
Pneumonia,0.636360698125404,0.5301712992889464,0.6109162895927602,0.5604880413703943
Pneumothorax,0.46541481734380336,0.4824172072379652,0.46951177876408334,0.4800273130761352
Pollakiuria,0.6385695187165774,0.541995320855615,0.6276236631016043,0.5550300802139038
Polyneuropathy,0.7318291944276196,0.541641429436705,0.6947304663840097,0.4357207752877045
Polyp,0.6368561317663507,0.5320022718336318,0.6323124645025995,0.554939053693914
Polyuria,0.6469027965152172,0.5518029863032492,0.6108888025061167,0.541147417282144
Pregnancy,0.6275294117647059,0.6063529411764705,0.6140588235294118,0.562764705882353
Priapism,0.7093590831918506,0.6693548387096775,0.7583297962648555,0.7521752971137521
Proctalgia,0.5132594621513944,0.4549925298804781,0.5202315737051793,0.4391807768924303
Prostatic disorder,0.6109312749003984,0.5219123505976095,0.5539716135458167,0.5232196215139442
Protein urine present,0.6287700947909547,0.504412682376014,0.6245208450955337,0.5849701363920008
Proteinuria,0.6302910052910052,0.5493626743626744,0.6165824915824916,0.5361952861952862
Prurigo,0.664827935222672,0.5407388663967613,0.5902327935222671,0.5948886639676114
Pruritus,0.5625410158813493,0.5043219020118876,0.556147225920162,0.5286970543565898
Psoriasis,0.545571988595866,0.5112259444048467,0.5881147540983608,0.48235923022095506
Psychotic disorder,0.6352391823181488,0.5653004046902563,0.6236380616374391,0.5831690360070562
Pulmonary embolism,0.6019822082120054,0.5315897737290627,0.6224988646381535,0.5250447466139503
Pulmonary fibrosis,0.46276455026455027,0.5907407407407408,0.455952380952381,0.5447089947089947
Pulmonary function test decreased,0.6610658628871929,0.5771179375360739,0.6764573847239146,0.5485153594561663
Pulmonary oedema,0.5401650949696791,0.5293724788288409,0.5234418828306574,0.5859001415863009
Purpura,0.5653087478559177,0.5303387650085764,0.5879502572898799,0.5100986277873071
Pyelonephritis,0.5570109024833434,0.4793307086614173,0.5698061780738946,0.5077225923682617
Rash,0.5925175175175175,0.5608108108108109,0.5363613613613614,0.5102352352352352
Rash erythematous,0.6232302144619473,0.47496678686657806,0.5914594799772253,0.5472006073258682
Rash generalised,0.6323456175298804,0.6134835657370518,0.6099352589641435,0.5901394422310757
Rash maculo-papular,0.5991027235266867,0.5019384097725111,0.6075878380025844,0.5262233925828397
Rash papular,0.6127188029361943,0.5098814229249011,0.6160008469791078,0.44028797289666854
Rash pustular,0.5490590233251308,0.4994627941635186,0.552316916785083,0.5347797456070427
Rectal haemorrhage,0.5255506607929515,0.5095264317180617,0.5102147577092511,0.5373072687224669
Renal failure,0.6650248002204464,0.5038922568200606,0.6521596858638744,0.4843793055938275
Renal failure acute,0.7026460516758328,0.47062363806163743,0.6903808239078553,0.5150357995226731
Renal impairment,0.604084134036639,0.42905294491015344,0.5984153735034691,0.4371949484558646
Renal pain,0.5476320087098531,0.4566019476199117,0.49500998003992014,0.45224702110929654
Respiratory depression,0.6610658628871929,0.5771179375360739,0.6764573847239146,0.5485153594561663
Respiratory distress,0.7174941541138724,0.4722388384360216,0.6343466202621133,0.40719995649573115
Respiratory failure,0.5473897459872215,0.5079632226897304,0.561851332398317,0.4818762661679913
Respiratory tract infection,0.5088033553235178,0.524575123421731,0.47774039931844986,0.4503036393027219
Rhabdomyolysis,0.6270899470899471,0.571031746031746,0.6319576719576718,0.5235449735449735
Rhinitis,0.5451016285822498,0.5784465345284686,0.5679364979169297,0.5501672768589825
Rhinorrhoea,0.5280092592592592,0.554861111111111,0.4949074074074074,0.5917052469135803
Salivary hypersecretion,0.684042809042809,0.5246512746512747,0.6899651274651275,0.5377886002886003
Scotoma,0.6017874875868917,0.5203574975173783,0.5497443819191585,0.4745669204457684
Seborrhoeic dermatitis,0.5218227095984971,0.5268032679453012,0.5429245489099567,0.47843942505133463
Sensory loss,0.6231818181818183,0.5449586776859504,0.6520247933884297,0.6028099173553719
Sepsis,0.6729817374978665,0.6354082851778705,0.6737132128837198,0.5955672591617291
Serotonin syndrome,0.8675045427013931,0.7305420956995761,0.8946093276801939,0.6818594791035736
Sexual dysfunction,0.5587662337662338,0.6393320964749536,0.5606679035250464,0.5788033395176252
Shock,0.5739480588722238,0.5302148078515005,0.5889186648520477,0.531323221977467
Sinus bradycardia,0.43579383579383585,0.43330743330743327,0.44739704739704744,0.40357420357420365
Sinus congestion,0.42512244595062587,0.5441547518923465,0.4835996635828428,0.5579577499628952
Sinus tachycardia,0.7632495457298607,0.4319351907934585,0.6901120533010296,0.38832525741974566
Sinusitis,0.5272535033455372,0.5078746370407777,0.5598251483398561,0.556463830324454
Skin discolouration,0.4835164835164835,0.5077757685352622,0.4733620809570177,0.46818750869383785
Skin disorder,0.5822533683489381,0.5435744462205983,0.5971540306005938,0.5683089746517469
Skin exfoliation,0.5789647577092512,0.5749449339207049,0.5960627753303964,0.573045154185022
Skin hyperpigmentation,0.6270691850594228,0.4953310696095077,0.6172538200339558,0.506578947368421
Skin irritation,0.4031434184675835,0.4888015717092339,0.4584675834970531,0.4689980353634578
Skin ulcer,0.5012301804264625,0.5088846364133406,0.5410743575724439,0.5015035538545654
Sleep disorder,0.604897137745975,0.5609794275491949,0.6420505366726298,0.5644454382826476
Sneezing,0.5606691703653124,0.597473540457494,0.5365653806759986,0.6143393649709799
Somnolence,0.7337801101920365,0.6488392039424908,0.7271220689354402,0.6013897570832545
Speech disorder,0.5834934115188892,0.4213931857243959,0.5486469180736697,0.47177568833619793
Stevens-Johnson syndrome,0.5831620197867147,0.45848323268662466,0.5805441346524476,0.4621450597455994
Stomatitis,0.6532092127970265,0.5199621664675428,0.6137992831541219,0.4884176290986327
Stupor,0.6230066844335707,0.5236576521473196,0.6282930665385119,0.4856044388134038
Sudden death,0.5830588235294117,0.6395882352941177,0.6256470588235293,0.6358823529411765
Suicidal ideation,0.6622658340767172,0.5242462087421945,0.6758608385370206,0.5827297056199822
Suicide attempt,0.6779822767552829,0.5901840490797546,0.643626448534424,0.5554192229038855
Supraventricular tachycardia,0.5752024291497976,0.6454453441295547,0.5016194331983805,0.5554655870445344
Swelling,0.4807973459289248,0.5281713900134952,0.5112460638776428,0.5353407557354926
Swelling face,0.5459332023575638,0.5200785854616896,0.5104125736738703,0.5522200392927308
Syncope,0.6007827510140185,0.5601081619583007,0.5966128228847933,0.5454636020778482
Systemic lupus erythematosus,0.7292020373514432,0.6063773344651952,0.7194397283531409,0.6187924448217318
Tachycardia,0.6708775095871871,0.504539815023686,0.6996390706068125,0.5346971576810287
Tardive dyskinesia,0.88143765066842,0.7904887135656367,0.8960479216889472,0.7876397107166337
Tenderness,0.44195901961640965,0.5684826772685571,0.5091965572982655,0.5628467822971733
Tendonitis,0.5558579810076816,0.626202141172201,0.6557793503901288,0.6027339260872195
Tension,0.6449713054873547,0.5836509060235883,0.628432421033605,0.591001521336366
Thinking abnormal,0.6740705303444505,0.5967400218698743,0.6374043193001641,0.5704620010934938
Thirst,0.5980897889306873,0.46921811997386975,0.6321492127137162,0.4679791859076881
Throat irritation,0.6139293272622331,0.5859680625921888,0.526390046815879,0.5333162316424036
Throat tightness,0.6960932768019382,0.4677468201090248,0.660130224106602,0.4900060569351907
Thrombocytopenia,0.6624807319729046,0.4834895988007863,0.6775981785527413,0.5159447343487054
Thrombocytopenic purpura,0.7258939096267191,0.49901768172888017,0.7023968565815324,0.5019253438113949
Thrombocytosis,0.636759581881533,0.47914246999612853,0.5869628339140535,0.4505903987611305
Thrombophlebitis,0.5431216931216931,0.44468253968253973,0.5288888888888889,0.44407407407407407
Thrombosis,0.6399350649350649,0.5543135435992579,0.5822820037105751,0.5487940630797774
Tinnitus,0.6003221248081687,0.49891358850075207,0.6086107607919409,0.5402580037378633
Tongue discolouration,0.7289411764705882,0.558,0.6911176470588235,0.5181764705882353
Tongue disorder,0.6946927066092905,0.5322373018500128,0.6940674537496783,0.4943911140534775
Tongue oedema,0.7016233766233766,0.47713358070500933,0.7024118738404452,0.4325602968460111
Tooth abscess,0.6307272106520997,0.45844998292932737,0.5865483100034141,0.49354728576305906
Tooth disorder,0.48449400378708185,0.4323585104144751,0.474647590995161,0.4908899642331159
Toothache,0.5576914675171479,0.4585171916641181,0.5491720913976146,0.4091484992791298
Torsade de pointes,0.7326862804569811,0.5825160920702321,0.7258450443163819,0.5766184747076467
Toxic epidermal necrolysis,0.6381540053207213,0.484592078037245,0.6124371859296482,0.4859961572568726
Transaminases increased,0.46730220955096224,0.5294458303635068,0.5238328581610834,0.48044369208838206
Transient ischaemic attack,0.5730739450251646,0.5455865272938444,0.5933023615950446,0.5568621757646148
Traumatic liver injury,0.6297029702970297,0.6236940935472858,0.6170023898941618,0.48992830317514513
Tremor,0.6656912415560216,0.5638976240391335,0.6637403913347311,0.5765781504775216
Tubulointerstitial nephritis,0.7335998206814106,0.5821503287507472,0.6952331141661685,0.6181261207411834
Ulcer,0.6799821377826493,0.44846344334835386,0.6007388462631429,0.395648114318191
Upper respiratory tract infection,0.5457646671061306,0.48617336849044174,0.542139090309822,0.4793836519446275
Urethral disorder,0.6191479684657368,0.5784414796846574,0.6254851425106125,0.5861127956337174
Urinary incontinence,0.5884885854056258,0.4811710150835712,0.6140440277211577,0.4876936404402772
Urinary retention,0.7033174261083743,0.558901631773399,0.7046066810344828,0.6149553571428572
Urinary tract disorder,0.6385820430614012,0.5754334250072175,0.6281281813623448,0.5811313874158601
Urinary tract infection,0.5723702458842533,0.540064285597742,0.5675406679828354,0.5795493481701447
Urine abnormality,0.5876494023904382,0.6081299800796813,0.5436379482071714,0.6599228087649402
Urine analysis abnormal,0.5185708847680679,0.521888085268367,0.5176464190548697,0.5139485562020774
Urine output increased,0.6228269991607721,0.5403668624865124,0.6038124925068936,0.5043759741038245
Urticaria,0.569624240606015,0.5753993849846246,0.5819545488637216,0.5710492762319058
VIIth nerve paralysis,0.48703338446928185,0.5670976696617722,0.5734531375557016,0.5340054058002776
Vaginal discharge,0.6788708378724009,0.5153696774499124,0.6834177994600483,0.4930137829773125
Vaginal haemorrhage,0.6040273108515578,0.6217724326759783,0.6310608948809483,0.6280802689495025
Vaginal infection,0.6293570980841032,0.5154934183631755,0.6173112037718366,0.49976834818630256
Vaginal inflammation,0.6357323232323232,0.5193001443001443,0.616041366041366,0.5321368446368446
Vascular purpura,0.5510944700460829,0.5027649769585253,0.5615437788018434,0.5507603686635946
Vasculitis,0.5121729651162791,0.5076048588039866,0.567016196013289,0.5441497093023255
Vasodilation procedure,0.579859212684527,0.6016265718972116,0.5371787862219792,0.6005330781848005
Ventricular arrhythmia,0.6256724447101016,0.5640690376569037,0.6242528392109982,0.5707561267184698
Ventricular extrasystoles,0.5562356996404482,0.472617597242445,0.547945205479452,0.49341812022702286
Ventricular fibrillation,0.5513942044833242,0.5265172225259704,0.47307271733187534,0.48004373974849646
Ventricular tachycardia,0.6391137274139481,0.5516856076090808,0.6031395634044641,0.4902297440928788
Vertigo,0.6473734857919167,0.5239584512623118,0.6170610211706102,0.5071040416619496
Viral infection,0.5103966568934721,0.47335961985643515,0.5291005291005291,0.4751794560711758
Vision blurred,0.5998456988555999,0.5269098338405269,0.5900732930435901,0.5196662523395197
Visual acuity reduced,0.6138128926928215,0.5099688319398408,0.5855637461039924,0.46890614950774256
Visual impairment,0.5915631533636698,0.5381410650596482,0.6054605829541262,0.557373016849096
Vomiting,0.6648694390715667,0.555198259187621,0.6752176015473887,0.5706237911025145
Vulvovaginal candidiasis,0.6987951807228916,0.40824408746095486,0.7202141900937081,0.39195671575189645
Vulvovaginal mycotic infection,0.7227292020373515,0.48546264855687615,0.737160441426146,0.4899724108658744
Weight decreased,0.5999700264766122,0.5810367508700648,0.5827852064010124,0.6015519624331841
Weight increased,0.6132168754119973,0.5809162821357944,0.627834541858932,0.5587837837837838
Wheezing,0.5044030044030043,0.5014892514892515,0.5231805231805231,0.5089678839678841
White blood cell count decreased,0.5832291043558651,0.42764696285823045,0.618250040785252,0.5139485562020774
Yawning,0.7082828588734101,0.4510902483343428,0.645442156268928,0.3955178679588128
