se,n_pos,prev,struct,expr,blend,expr_minus_struct,blend_gain,family
Abdominal discomfort,129,0.2415730337078651,0.5390372284429132,0.549047755766102,0.5532969662168628,0.0100105273231887,0.0142597377739495,other
Abdominal distension,140,0.2621722846441947,0.5288433647570703,0.430638143582306,0.4387055837563452,-0.0982052211747642,-0.090137781000725,other
Abdominal pain,353,0.6610486891385767,0.611052853990265,0.4898502183337768,0.5145790618690622,-0.1212026356564882,-0.0964737921212027,other
Abdominal pain upper,131,0.245318352059925,0.5366052317542098,0.5575928626901293,0.559979542742409,0.0209876309359194,0.0233743109881992,other
Abnormal dreams,93,0.1741573033707865,0.6219247555653085,0.5178114256455271,0.5516787360105333,-0.1041133299197814,-0.0702460195547751,other
Abscess,39,0.0730337078651685,0.5033929033929034,0.4942760942760942,0.519036519036519,-0.0091168091168091,0.0156436156436156,other
Accommodation disorder,43,0.0805243445692883,0.763842182541562,0.6705821058115853,0.7511012172595083,-0.0932600767299767,-0.0127409652820537,other
Acne,68,0.1273408239700374,0.6332365564251451,0.6274930573087603,0.6568732643271901,-0.0057434991163848,0.0236367079020449,other
Acute coronary syndrome,166,0.3108614232209737,0.5958125982189628,0.4606796752226296,0.4849724986904138,-0.1351329229963332,-0.1108400995285489,other
Affect lability,106,0.198501872659176,0.5244225004408394,0.5179642038441192,0.5179862458120261,-0.0064582965967201,-0.0064362546288132,other
Ageusia,69,0.1292134831460674,0.5592021193704222,0.5081813931743806,0.5423718248402681,-0.0510207261960415,-0.016830294530154,other
Aggression,63,0.1179775280898876,0.6362349610757255,0.6101843426684191,0.6501870387220705,-0.0260506184073063,0.0139520776463449,other
Agitation,200,0.3745318352059925,0.6649775449101797,0.5919311377245509,0.6230389221556887,-0.0730464071856288,-0.041938622754491,other
Agranulocytosis,170,0.3183520599250936,0.6904169360051714,0.5982223658694248,0.6466548157724629,-0.0921945701357466,-0.0437621202327085,other
Akathisia,43,0.0805243445692883,0.7977549377160991,0.7516695874579643,0.827357552219012,-0.0460853502581347,0.0296026145029129,on-target/neuro-endocrine
Alanine aminotransferase increased,143,0.2677902621722846,0.6722944574606979,0.5386403877452471,0.5795789887861499,-0.1336540697154508,-0.092715468674548,other
Albuminuria,54,0.1011235955056179,0.6331018518518519,0.5108024691358024,0.5753858024691357,-0.1222993827160494,-0.0577160493827161,other
Alopecia,217,0.4063670411985018,0.5545217985433718,0.4931020948116704,0.5049063076945441,-0.0614197037317013,-0.0496154908488276,other
Altered state of consciousness,34,0.0636704119850187,0.6040588235294118,0.4056470588235294,0.5628823529411764,-0.1984117647058823,-0.0411764705882353,other
Amblyopia,53,0.099250936329588,0.5457576589652061,0.5262621111677716,0.5547012905503471,-0.0194955477974345,0.0089436315851409,other
Amenorrhoea,65,0.1217228464419475,0.6880268984746596,0.6890929965556831,0.7121207151057897,0.0010660980810235,0.02409381663113,other
Amnesia,103,0.1928838951310861,0.5817809114049513,0.4600950600319869,0.5102381006014461,-0.1216858513729642,-0.0715428108035051,other
Amylase increased,36,0.0674157303370786,0.6662204373047746,0.5900825524319501,0.6597501115573405,-0.0761378848728245,-0.0064703257474341,other
Anaemia,236,0.4419475655430712,0.6222557160732567,0.5131668752132863,0.5390029575702422,-0.1090888408599703,-0.0832527585030145,other
Anaphylactic shock,233,0.4363295880149813,0.5643420358461779,0.5037428885118276,0.5159910455848175,-0.0605991473343503,-0.0483509902613604,other
Anaphylactoid reaction,84,0.1573033707865168,0.583968253968254,0.5765873015873016,0.5906349206349206,-0.0073809523809523,0.0066666666666665,other
Angina pectoris,152,0.2846441947565543,0.6358156516946818,0.5487220997519977,0.5897113529898044,-0.087093551942684,-0.0461042987048774,other
Angioedema,236,0.4419475655430712,0.5571465134796951,0.4433369355022181,0.4565464679786145,-0.1138095779774769,-0.1006000455010805,systemic/organ
Angiopathy,209,0.3913857677902622,0.5366801619433199,0.5833934486566065,0.5836142804563857,0.0467132867132865,0.0469341185130658,other
Anorectal discomfort,34,0.0636704119850187,0.5409411764705883,0.4945294117647059,0.5701176470588235,-0.0464117647058823,0.0291764705882352,other
Anorectal disorder,30,0.0561797752808988,0.4851851851851852,0.5029761904761905,0.4993386243386243,0.0177910052910052,0.0141534391534391,other
Anxiety,250,0.4681647940074906,0.5732112676056338,0.5458732394366197,0.5550985915492956,-0.027338028169014,-0.0181126760563381,other
Apathy,45,0.0842696629213483,0.586821177005226,0.4863440127243808,0.5326062258577595,-0.1004771642808451,-0.0542149511474664,other
Aphasia,47,0.0880149812734082,0.588317532439163,0.5535846913364498,0.5498711171304994,-0.0347328411027131,-0.0384464153086635,other
Aphthous stomatitis,39,0.0730337078651685,0.618026418026418,0.4306656306656307,0.5681947681947682,-0.1873607873607873,-0.0498316498316497,other
Aplastic anaemia,88,0.1647940074906367,0.6894873624133714,0.5954443538524257,0.662020994700367,-0.0940430085609457,-0.0274663677130043,other
Apnoea,50,0.0936329588014981,0.5498347107438017,0.5021900826446282,0.5455785123966943,-0.0476446280991735,-0.0042561983471074,other
Arrhythmia,183,0.3426966292134831,0.5502000529322935,0.5595099092366852,0.5704544393068982,0.0093098563043917,0.0202543863746047,other
Arrhythmia supraventricular,25,0.046816479400749,0.5425540275049116,0.4361493123772103,0.5403536345776031,-0.1064047151277012,-0.0022003929273084,other
Arthralgia,274,0.5131086142322098,0.6137282425603594,0.5341942728804042,0.5548568220101067,-0.0795339696799551,-0.0588714205502527,other
Arthritis,114,0.2134831460674157,0.5746449456975773,0.4643692564745196,0.4795948203842941,-0.1102756892230577,-0.0950501253132831,other
Arthropathy,67,0.1254681647940075,0.5605803956662085,0.5471891079932245,0.5616989996484387,-0.013391287672984,0.0011186039822301,other
Aspartate aminotransferase increased,135,0.2528089887640449,0.6655713357467743,0.5417061171447137,0.5922769887682169,-0.1238652186020605,-0.0732943469785574,other
Asthenia,399,0.7471910112359551,0.6631021999443052,0.4980042699340945,0.5537733221943748,-0.1650979300102106,-0.1093288777499303,other
Asthma,122,0.2284644194756554,0.5623706827948431,0.511658443418749,0.517348400445647,-0.0507122393760941,-0.0450222823491961,other
Ataxia,113,0.2116104868913857,0.6413091459441279,0.5459609442330734,0.5691884051878167,-0.0953482017110545,-0.0721207407563112,other
Atrial fibrillation,111,0.2078651685393258,0.5975762997039593,0.5188379869230934,0.542308265712521,-0.0787383127808659,-0.0552680339914383,other
Atrial flutter,27,0.0505617977528089,0.4711812404120096,0.2827817956023084,0.422602089268756,-0.1883994448097012,-0.0485791511432536,other
Atrioventricular block,84,0.1573033707865168,0.6694179894179894,0.5948941798941798,0.6356878306878307,-0.0745238095238095,-0.0337301587301586,other
Azotaemia,25,0.046816479400749,0.4906876227897839,0.6129666011787819,0.5402750491159136,0.1222789783889979,0.0495874263261297,systemic/organ
Back pain,224,0.4194756554307116,0.6282834101382488,0.5491071428571429,0.582402073732719,-0.0791762672811059,-0.0458813364055298,other
Bacterial infection,25,0.046816479400749,0.7981925343811395,0.5690373280943025,0.780589390962672,-0.2291552062868369,-0.0176031434184674,other
Balance disorder,35,0.0655430711610486,0.6270254795304895,0.3593472659604924,0.530604065273404,-0.2676782135699971,-0.0964214142570855,other
Bladder pain,96,0.1797752808988764,0.5746765601217656,0.536767503805175,0.5588850837138508,-0.0379090563165905,-0.0157914764079147,other
Blepharitis,44,0.0823970037453183,0.5532467532467532,0.4508812615955473,0.4875231910946196,-0.1023654916512059,-0.0657235621521335,other
Blindness,31,0.0580524344569288,0.5802603732444045,0.361957288526903,0.472647983069326,-0.2183030847175014,-0.1076123901750785,other
Blister,52,0.097378277153558,0.3688557293329078,0.4362831152250239,0.4079955314395148,0.0674273858921161,0.039139802106607,other
Blood alkaline phosphatase increased,96,0.1797752808988764,0.6580336757990869,0.4798087899543379,0.5241390791476408,-0.178224885844749,-0.1338945966514461,other
Blood bilirubin increased,78,0.146067415730337,0.7347756410256411,0.6489541160593792,0.7161493477282951,-0.0858215249662618,-0.0186262932973459,systemic/organ
Blood cholesterol increased,31,0.0580524344569288,0.5432565894952863,0.4789328544859872,0.5036234207657282,-0.064323735009299,-0.0396331687295581,other
Blood creatine phosphokinase increased,58,0.1086142322097378,0.6172124022022603,0.5065198493190379,0.5619385685308607,-0.1106925528832223,-0.0552738336713996,other
Blood creatinine increased,130,0.2434456928838951,0.6625095201827875,0.5578065498857578,0.603998476770754,-0.1047029702970296,-0.0585110434120335,systemic/organ
Blood disorder,72,0.1348314606741573,0.4908910533910534,0.5008718133718133,0.4968133718133717,0.0099807599807599,0.0059223184223183,other
Blood glucose increased,42,0.0786516853932584,0.5085656213704994,0.5984320557491289,0.5549748354626404,0.0898664343786295,0.0464092140921409,other
Blood lactate dehydrogenase increased,38,0.0711610486891385,0.634125636672326,0.5057831069609507,0.6312075551782682,-0.1283425297113752,-0.0029180814940578,other
Blood potassium decreased,27,0.0505617977528089,0.6934034626342318,0.5587698151800716,0.7023157279567536,-0.1346336474541601,0.0089122653225217,other
Blood pressure increased,72,0.1348314606741573,0.6266534391534393,0.5528799903799904,0.6072029822029822,-0.0737734487734489,-0.0194504569504571,other
Blood triglycerides increased,58,0.1086142322097378,0.5257896261953058,0.5985221674876847,0.5923645320197044,0.0727325412923789,0.0665749058243986,other
Blood urea increased,83,0.1554307116104868,0.6518312718724121,0.5251516041995031,0.578420110597601,-0.1266796676729089,-0.073411161274811,other
Blood uric acid increased,78,0.146067415730337,0.6020017993702204,0.4786043634727845,0.5082658569500675,-0.1233974358974357,-0.0937359424201528,other
Body temperature decreased,27,0.0505617977528089,0.7098400175323253,0.4163927240850317,0.6506684198991891,-0.2934472934472936,-0.0591715976331361,other
Body temperature increased,321,0.601123595505618,0.6594854694104397,0.5479502142658652,0.5819402395682506,-0.1115352551445745,-0.0775452298421891,other
Bone disorder,65,0.1217228464419475,0.5755617516811546,0.5119567000164015,0.555683122847302,-0.0636050516647531,-0.0198786288338526,other
Bone pain,69,0.1292134831460674,0.563378525790868,0.5258532024310426,0.5315256350319464,-0.0375253233598253,-0.0318528907589216,other
Bradycardia,163,0.3052434456928839,0.6185405056802209,0.5646982951069072,0.5762737089279513,-0.0538422105733137,-0.0422667967522696,other
Breast disorder,150,0.2808988764044944,0.5828993055555556,0.5318229166666667,0.5569965277777778,-0.0510763888888888,-0.0259027777777778,other
Breast enlargement,52,0.097378277153558,0.6964171720395788,0.5617219917012448,0.6444302585381424,-0.1346951803383339,-0.0519869135014363,other
Breast feeding,25,0.046816479400749,0.5038113948919449,0.4803143418467583,0.4686836935166995,-0.0234970530451865,-0.0351277013752454,other
Breast pain,69,0.1292134831460674,0.6022128720585944,0.5258843696431355,0.5522829982858033,-0.0763285024154589,-0.0499298737727911,other
Breath odour,26,0.048689138576779,0.4875832828588733,0.4903089036947304,0.4682768019382192,0.002725620835857,-0.0193064809206541,other
Bronchitis,149,0.2790262172284644,0.5289113570992765,0.4838141724047765,0.4934367645777042,-0.0450971846945,-0.0354745925215723,other
Bronchospasm,114,0.2134831460674157,0.5093567251461989,0.5623224728487886,0.5766081871345029,0.0529657477025896,0.067251461988304,other
Bundle branch block,36,0.0674157303370786,0.6770414993306559,0.5276104417670683,0.6384426595269969,-0.1494310575635876,-0.038598839803659,other
Burning sensation,40,0.0749063670411985,0.5961538461538461,0.3517206477732794,0.4859817813765182,-0.2444331983805667,-0.1101720647773279,other
Bursitis,41,0.0767790262172284,0.529955968930886,0.4912679958442587,0.4504526789689803,-0.0386879730866273,-0.0795032899619057,other
Candida infection,71,0.1329588014981273,0.6703677790283821,0.5133392145529766,0.6030176740790314,-0.1570285644754054,-0.0673501049493506,other
Cardiac arrest,105,0.196629213483146,0.5553113553113553,0.5311133311133311,0.5413475413475413,-0.0241980241980241,-0.013963813963814,other
Cardiac disorder,213,0.398876404494382,0.5926608456554489,0.4993930352624574,0.5213753967209279,-0.0932678103929914,-0.0712854489345209,other
Cardiac failure,115,0.2153558052434457,0.5429905572273529,0.4780533361004461,0.4821832520493929,-0.0649372211269067,-0.0608073051779599,other
Cardiac failure congestive,101,0.1891385767790262,0.6355383806279011,0.5384263599570118,0.6077561566780235,-0.0971120206708893,-0.0277822239498776,other
Cardiomyopathy,36,0.0674157303370786,0.6420124944221329,0.3941878625613565,0.6212070504239179,-0.2478246318607764,-0.020805443998215,other
Cardiovascular disorder,59,0.1104868913857678,0.5349152542372881,0.4630865298840321,0.4911685994647635,-0.071828724353256,-0.0437466547725245,other
Cataract,75,0.1404494382022472,0.5936092955700799,0.5165722585330429,0.5305446623093683,-0.077037037037037,-0.0630646332607116,other
Cellulitis,66,0.1235955056179775,0.6427738927738927,0.4441530691530692,0.5486920486920487,-0.1986208236208235,-0.094081844081844,other
Cerebral haemorrhage,42,0.0786516853932584,0.5269066976384049,0.5459252806813782,0.5435540069686411,0.0190185830429733,0.0166473093302361,other
Cerebral ischaemia,37,0.0692883895131086,0.6138452335635435,0.4340094621784762,0.5231388329979879,-0.1798357713850672,-0.0907064005655555,other
Cerebrovascular accident,122,0.2284644194756554,0.6583041540665289,0.5643402833041541,0.5965303199108705,-0.0939638707623747,-0.0617738341556584,other
Cerebrovascular disorder,28,0.0524344569288389,0.4680265386787126,0.4833427442123094,0.4510869565217391,0.0153162055335968,-0.0169395821569734,other
Cheilitis,28,0.0524344569288389,0.661420101637493,0.5044466403162056,0.6180124223602484,-0.1569734613212874,-0.0434076792772445,other
Chest discomfort,49,0.0917602996254681,0.5553124342520513,0.5357037660424995,0.5287187039764358,-0.0196086682095518,-0.0265937302756155,other
Chest pain,243,0.4550561797752809,0.5845601233153734,0.5273570630577121,0.544369493586752,-0.0572030602576613,-0.0401906297286214,other
Chills,196,0.3670411985018726,0.6046069315300084,0.552348750150948,0.5761381475667191,-0.0522581813790604,-0.0284687839632893,other
Cholecystitis,40,0.0749063670411985,0.4131072874493927,0.4858299595141701,0.4229757085020243,0.0727226720647773,0.0098684210526315,other
Cholelithiasis,45,0.0842696629213483,0.6200863440127243,0.5549193365144285,0.5522835719154737,-0.0651670074982958,-0.0678027720972506,other
Cholestasis,54,0.1011235955056179,0.5823688271604938,0.5304783950617284,0.5673996913580248,-0.0518904320987653,-0.0149691358024689,other
Coagulopathy,41,0.0767790262172284,0.5697323504675209,0.5431158165537031,0.5819027358630583,-0.0266165339138177,0.0121703853955373,other
Cognitive disorder,28,0.0524344569288389,0.641304347826087,0.5982495765104461,0.629305477131564,-0.0430547713156409,-0.0119988706945229,other
Colitis,78,0.146067415730337,0.5257816014394961,0.4719410706252811,0.4731781376518218,-0.053840530814215,-0.0526034637876743,other
Coma,71,0.1329588014981273,0.5444589784929882,0.4545979983573145,0.4761050101907341,-0.0898609801356736,-0.0683539683022541,other
Completed suicide,46,0.0861423220973782,0.6801496792587314,0.527931218816821,0.6378296507483964,-0.1522184604419103,-0.042320028510335,other
Confusional state,240,0.449438202247191,0.5813066893424036,0.5640022675736962,0.5755243764172335,-0.0173044217687073,-0.00578231292517,other
Conjunctival hyperaemia,27,0.0505617977528089,0.6028197823069618,0.5679742859230039,0.6278033457520636,-0.0348454963839578,0.0249835634451018,other
Conjunctivitis,155,0.2902621722846442,0.5736658439016087,0.5237552132096348,0.5246063494765512,-0.0499106306919738,-0.0490594944250575,other
Connective tissue disorder,203,0.3801498127340824,0.5453693093030524,0.5183575670084681,0.5259476433557067,-0.0270117422945842,-0.0194216659473457,other
Constipation,326,0.6104868913857678,0.651648773006135,0.52886090136857,0.565965667767815,-0.122787871637565,-0.08568310523832,other
Contusion,67,0.1254681647940075,0.5278532391575314,0.4800728690594138,0.5056729201955958,-0.0477803700981175,-0.0221803189619355,other
Convulsion,211,0.3951310861423221,0.6047716168033689,0.5025457426672341,0.5217378545331828,-0.1022258741361348,-0.0830337622701861,other
Coordination abnormal,83,0.1554307116104868,0.6580290118344776,0.5059172387999893,0.5905751609542382,-0.1521117730344883,-0.0674538508802393,other
Coronary artery disease,31,0.0580524344569288,0.5782081703328417,0.5451163983838903,0.5544154428269095,-0.0330917719489514,-0.0237927275059322,other
Cough,256,0.4794007490636704,0.5451747976618705,0.5357323516187051,0.543263826438849,-0.0094424460431653,-0.0019109712230215,other
Cyanosis,34,0.0636704119850187,0.6254705882352941,0.5611176470588235,0.6230000000000001,-0.0643529411764706,-0.002470588235294,other
Cyst,53,0.099250936329588,0.6913662574039933,0.5656846977601695,0.6805005295571334,-0.1256815596438237,-0.0108657278468599,other
Cystitis,90,0.1685393258426966,0.4969719719719719,0.4976726726726727,0.4871121121121121,0.0007007007007007,-0.0098598598598598,other
Cystitis noninfective,88,0.1647940074906367,0.5745006114961272,0.5047136159804322,0.5323328577252344,-0.069786995515695,-0.0421677537708927,other
Deafness,105,0.196629213483146,0.5823287823287824,0.5065601065601065,0.5364635364635365,-0.0757686757686758,-0.0458652458652458,other
Decreased appetite,311,0.5823970037453183,0.6352428878347007,0.5264516315083703,0.55792827995905,-0.1087912563263304,-0.0773146078756507,other
Deep vein thrombosis,47,0.0880149812734082,0.6860063786098125,0.5898903403381537,0.662152125475119,-0.0961160382716588,-0.0238542531346934,other
Dehydration,124,0.2322097378277153,0.6073957513768686,0.4794059795436663,0.5217545239968528,-0.1279897718332022,-0.0856412273800157,other
Delirium,61,0.1142322097378277,0.6290507052992755,0.5001906214258482,0.5840987072401483,-0.1288600838734273,-0.0449519980591271,other
Delusion,56,0.1048689138576779,0.7404736999402272,0.5627615062761506,0.6761431560071727,-0.1777121936640765,-0.0643305439330544,other
Dementia,27,0.0505617977528089,0.5543867338739134,0.4294689166484038,0.4950690335305719,-0.1249178172255095,-0.0593177003433413,other
Depersonalisation,56,0.1048689138576779,0.6528317393903168,0.4820681410639569,0.6020248057381948,-0.1707635983263598,-0.0508069336521219,other
Depressed level of consciousness,72,0.1348314606741573,0.5963804713804713,0.5048100048100048,0.5361652236652237,-0.0915704665704665,-0.0602152477152476,other
Depressed mood,30,0.0561797752808988,0.3875661375661375,0.5146164021164021,0.4063492063492063,0.1270502645502645,0.0187830687830687,other
Depression,159,0.297752808988764,0.4922599580712787,0.5036142557651991,0.4959664570230608,0.0113542976939203,0.003706498951782,other
Dermatitis,445,0.8333333333333334,0.5922989521525059,0.5381643731852039,0.5628582249715945,-0.054134578967302,-0.0294407271809113,other
Dermatitis atopic,48,0.0898876404494382,0.4697788065843621,0.4918981481481481,0.4621484910836763,0.0221193415637859,-0.0076303155006858,other
Dermatitis bullous,116,0.2172284644194756,0.4434086784359016,0.4979170103943243,0.481974921630094,0.0545083319584226,0.0385662431941923,other
Dermatitis contact,75,0.1404494382022472,0.6232970225127087,0.5422222222222222,0.6049382716049383,-0.0810748002904865,-0.0183587509077703,other
Dermatitis exfoliative,111,0.2078651685393258,0.565459076097374,0.5572380891529828,0.5705066768896556,-0.0082209869443912,0.0050476007922816,other
Diabetes mellitus,110,0.2059925093632958,0.6168739279588337,0.5173027444253859,0.5517581475128644,-0.0995711835334477,-0.0651157804459692,other
Diarrhoea,410,0.7677902621722846,0.6845397324940992,0.5179189614476789,0.5690991345397325,-0.1666207710464202,-0.1154405979543666,other
Diplopia,107,0.2003745318352059,0.6519731226334566,0.5852393355074526,0.6256867079603405,-0.066733787126004,-0.0262864146731161,other
Discomfort,253,0.4737827715355805,0.511597484984457,0.473000154726907,0.4768120630723138,-0.0385973302575499,-0.0347854219121432,other
Disorientation,86,0.1610486891385767,0.6010433970099668,0.5298224667774086,0.5468230897009967,-0.0712209302325581,-0.05422030730897,other
Disturbance in attention,71,0.1329588014981273,0.4644845313783347,0.5206704590393332,0.4964864782648374,0.0561859276609984,0.0320019468865027,other
Disturbance in sexual arousal,120,0.2247191011235955,0.6257648953301127,0.5313204508856683,0.5503019323671497,-0.0944444444444444,-0.0754629629629629,other
Dizziness,440,0.8239700374531835,0.6552707930367505,0.5153288201160542,0.5750725338491296,-0.1399419729206963,-0.0801982591876209,other
Dizziness postural,27,0.0505617977528089,0.6707575425524143,0.5273577324859375,0.639418511213383,-0.1433998100664767,-0.0313390313390312,other
Drug eruption,43,0.0805243445692883,0.4723156349168759,0.4871879884431393,0.4923980485956519,0.0148723535262634,0.020082413678776,other
Drug interaction,73,0.1367041198501872,0.5547202329658575,0.5194782040234154,0.546875464297388,-0.0352420289424421,-0.0078447686684695,other
Drug withdrawal syndrome,29,0.0543071161048689,0.7515875725503585,0.7222260157050189,0.8149539091840219,-0.0293615568453395,0.0633663366336634,other
Dry eye,89,0.1666666666666666,0.5668476202499685,0.567201110970837,0.5817952278752683,0.0003534907208685,0.0149476076252997,other
Dry mouth,267,0.5,0.6700192175510948,0.5459748348272525,0.5857425409249674,-0.1240443827238423,-0.0842766766261274,other
Dry skin,135,0.2528089887640449,0.623893065998329,0.5597141000649772,0.5761811937250534,-0.0641789659333518,-0.0477118722732756,other
Dysaesthesia,31,0.0580524344569288,0.6080292438914898,0.5900083370743282,0.6339383056499711,-0.0180209068171616,0.0259090617584812,other
Dysarthria,70,0.1310861423220973,0.6131465517241379,0.4772783251231527,0.5455357142857142,-0.1358682266009852,-0.0676108374384236,other
Dysgeusia,223,0.4176029962546816,0.5674736493014001,0.4559572044468155,0.4697561749311493,-0.1115164448545845,-0.0977174743702507,other
Dyskinesia,74,0.1385767790262172,0.7027614571092831,0.6217685076380728,0.682256169212691,-0.0809929494712102,-0.020505287896592,on-target/neuro-endocrine
Dysmenorrhoea,68,0.1273408239700374,0.6467748043423378,0.5017987881848018,0.5679752587730371,-0.1449760161575359,-0.0787995455693006,other
Dyspepsia,327,0.6123595505617978,0.6583492147911773,0.5295099646914565,0.5650401099144617,-0.1288392500997207,-0.0933091048767155,other
Dysphagia,133,0.249063670411985,0.6556728479552997,0.5040781504884405,0.5588472427952674,-0.1515946974668591,-0.0968256051600322,other
Dysphonia,58,0.1086142322097378,0.5680599826137351,0.5090915676615474,0.5715372355838888,-0.0589684149521877,0.0034772529701536,other
Dyspnoea,293,0.548689138576779,0.6183705549969551,0.5430586435925396,0.57265659297863,-0.0753119114044155,-0.0457139620183251,other
Dysuria,145,0.2715355805243445,0.5673610495523447,0.6092899565641344,0.6183848949561209,0.0419289070117897,0.0510238454037762,other
Ear disorder,30,0.0561797752808988,0.4599867724867724,0.5106481481481481,0.4397486772486772,0.0506613756613756,-0.0202380952380952,other
Ear infection,30,0.0561797752808988,0.5621693121693122,0.5735449735449736,0.6122354497354496,0.0113756613756613,0.0500661375661374,other
Ear pain,86,0.1610486891385767,0.567094061461794,0.5138860049833887,0.5456291528239202,-0.0532080564784053,-0.0214649086378737,other
Ecchymosis,91,0.1704119850187266,0.6283829037779376,0.4694763475801851,0.5211470245330291,-0.1589065561977525,-0.1072358792449085,other
Eczema,103,0.1928838951310861,0.4646002748181019,0.4602752686234316,0.4379969815060933,-0.0043250061946703,-0.0266032933120086,other
Ejaculation disorder,31,0.0580524344569288,0.8202398512152889,0.5426794074264092,0.7659847367408453,-0.2775604437888797,-0.0542551144744435,on-target/neuro-endocrine
Electrocardiogram QT prolonged,53,0.099250936329588,0.7032910995175147,0.6620248695720393,0.7009767387125878,-0.0412662299454753,-0.0023143608049268,other
Electrocardiogram abnormal,47,0.0880149812734082,0.5315653807505789,0.5981475818078553,0.5917689719952816,0.0665822010572764,0.0602035912447026,other
Embolism,51,0.095505617977528,0.6445012787723785,0.5542564852027767,0.6207120529371168,-0.0902447935696018,-0.0237892258352616,other
Embolism venous,36,0.0674157303370786,0.8152052655064703,0.5765283355644801,0.7738732708612226,-0.2386769299419902,-0.0413319946452477,other
Encephalopathy,35,0.0655430711610486,0.5598053249355854,0.5115373604351561,0.5261379902662467,-0.0482679645004293,-0.0336673346693386,other
Endocrine disorder,66,0.1235955056179775,0.522015022015022,0.4913558663558663,0.512950012950013,-0.0306591556591556,-0.009065009065009,other
Endophthalmitis,29,0.0543071161048689,0.6218504609081598,0.5193581427108228,0.5691362239672243,-0.1024923181973369,-0.0527142369409354,other
Eosinophilia,139,0.2602996254681648,0.5981604589745925,0.4576450232219288,0.4988434568800656,-0.1405154357526636,-0.0993170020945268,other
Epigastric discomfort,33,0.0617977528089887,0.6346095687413053,0.6034597471723221,0.67053771245388,-0.0311498215689831,0.0359281437125748,other
Epistaxis,173,0.3239700374531835,0.6135974252637983,0.5474036475429523,0.5723824315885546,-0.066193777720846,-0.0412149936752437,other
Erectile dysfunction,175,0.3277153558052434,0.6913808197373659,0.5029048945483486,0.5548109828889773,-0.1884759251890172,-0.1365698368483885,other
Eructation,84,0.1573033707865168,0.5465873015873015,0.5401322751322752,0.5492857142857143,-0.0064550264550262,0.0026984126984127,other
Erythema,204,0.3820224719101123,0.5345068330362448,0.4990790255496137,0.5077837195484254,-0.035427807486631,-0.0267231134878194,other
Erythema multiforme,201,0.3764044943820224,0.5412576755860337,0.5192655341909073,0.5287526332302452,-0.0219921413951263,-0.0125050423557884,other
Erythema nodosum,27,0.0505617977528089,0.5629337424209219,0.6085177880049675,0.5560669150412739,0.0455840455840456,-0.0068668273796479,other
Euphoric mood,80,0.149812734082397,0.6238160792951541,0.5414922907488986,0.603248898678414,-0.0823237885462555,-0.0205671806167401,other
Extrapyramidal disorder,69,0.1292134831460674,0.8294841826398628,0.6574411718871747,0.7883434626772636,-0.1720430107526881,-0.0411407199625991,on-target/neuro-endocrine
Extrasystoles,51,0.095505617977528,0.4607234198027036,0.5342832785288028,0.4925506434457841,0.0735598587260991,0.0318272236430804,other
Extravasation,32,0.0599250936329588,0.563558266932271,0.5892056772908366,0.5948082669322708,0.0256474103585656,0.0312499999999998,other
Eye disorder,209,0.3913857677902622,0.5833640044166359,0.5292013249907986,0.539815973500184,-0.0541626794258373,-0.0435480309164519,other
Eye haemorrhage,36,0.0674157303370786,0.5345269968763945,0.4245872378402498,0.4793061133422579,-0.1099397590361446,-0.0552208835341365,other
Eye irritation,67,0.1254681647940075,0.5505449199399151,0.6061555179136437,0.6235098596951004,0.0556105979737286,0.0729649397551853,other
Eye pain,110,0.2059925093632958,0.5408876500857632,0.4572469982847341,0.4693610634648371,-0.083640651801029,-0.0715265866209261,other
Eye pruritus,27,0.0505617977528089,0.637226970560304,0.6622835853605085,0.6739718021769304,0.0250566148002044,0.0367448316166264,other
Eyelid oedema,31,0.0580524344569288,0.6341306996729301,0.5306227153209774,0.6227153209773616,-0.1035079843519527,-0.0114153786955685,systemic/organ
Face oedema,126,0.2359550561797752,0.6274509803921569,0.465452847805789,0.500875350140056,-0.1619981325863678,-0.1265756302521008,systemic/organ
Faecal incontinence,33,0.0617977528089887,0.5181152845823505,0.4888405008165487,0.5097683421036715,-0.0292747837658017,-0.0083469424786789,other
Fatigue,339,0.6348314606741573,0.5901369034112397,0.567294455790031,0.5751304742455184,-0.0228424476212086,-0.0150064291657212,other
Febrile neutropenia,41,0.0767790262172284,0.7134517389798645,0.7417998317914213,0.845792311878494,0.0283480928115568,0.1323405728986295,other
Feeling abnormal,314,0.5880149812734082,0.6027649102489867,0.5408222350897511,0.5527214823393167,-0.0619426751592355,-0.0500434279096699,other
Feeling hot,39,0.0730337078651685,0.5386687386687388,0.5390831390831391,0.5727013727013728,0.0004144004144003,0.034032634032634,other
Flank pain,25,0.046816479400749,0.5292730844793714,0.6491944990176818,0.5673870333988212,0.1199214145383104,0.0381139489194498,other
Flat affect,46,0.0861423220973782,0.5887829650748396,0.5095776906628653,0.5668656450463293,-0.0792052744119743,-0.0219173200285103,other
Flatulence,221,0.4138576779026217,0.5976175675480317,0.5236436181747214,0.5450970754485132,-0.0739739493733103,-0.0525204920995185,other
Fluid retention,81,0.1516853932584269,0.5048919412421987,0.5336712724497861,0.5062000926607255,0.0287793312075873,0.0013081514185268,other
Flushing,181,0.3389513108614232,0.603947224265569,0.5405443475811121,0.5608752132471476,-0.0634028766844568,-0.0430720110184214,other
Foetor hepaticus,40,0.0749063670411985,0.4635121457489878,0.3649797570850203,0.4104251012145749,-0.0985323886639675,-0.0530870445344129,systemic/organ
Folliculitis,43,0.0805243445692883,0.7741202102969734,0.6225548240420594,0.7482593662672287,-0.151565386254914,-0.0258608440297447,other
Fracture,41,0.0767790262172284,0.7109780834116658,0.6138128926928215,0.6918814624251719,-0.0971651907188443,-0.0190966209864938,other
Fungal infection,64,0.1198501872659176,0.6379321808510638,0.6095079787234042,0.6435837765957446,-0.0284242021276596,0.0056515957446807,other
Fungal skin infection,29,0.0543071161048689,0.6489586889723455,0.4297029702970297,0.6044383748719699,-0.2192557186753158,-0.0445203141003756,other
Furuncle,34,0.0636704119850187,0.5346470588235294,0.4880588235294117,0.5356470588235294,-0.0465882352941176,0.001,other
Gait disturbance,87,0.1629213483146067,0.6276839209030831,0.4873614646815295,0.5702640849597573,-0.1403224562215536,-0.0574198359433257,other
Galactorrhoea,54,0.1011235955056179,0.8187114197530864,0.7857638888888889,0.8295910493827161,-0.0329475308641974,0.0108796296296297,on-target/neuro-endocrine
Gamma-glutamyltransferase increased,61,0.1142322097378277,0.4981804318441756,0.5248674314629328,0.5023394447717742,0.0266869996187572,0.0041590129275985,other
Gastric ulcer,40,0.0749063670411985,0.4730263157894737,0.4043522267206478,0.4432186234817814,-0.0686740890688258,-0.0298076923076922,other
Gastritis,137,0.2565543071161049,0.5785544871205575,0.4960561878320983,0.5176230487782456,-0.082498299288459,-0.0609314383423118,other
Gastroenteritis,109,0.2041198501872659,0.6043173232595791,0.5536751214247166,0.5841985968699407,-0.0506422018348624,-0.0201187263896384,other
Gastrointestinal disorder,343,0.6423220973782772,0.6075893334147421,0.5596751789721124,0.5842199258162503,-0.0479141544426297,-0.0233694075984918,other
Gastrointestinal haemorrhage,119,0.2228464419475655,0.5851371874050825,0.4982484560089096,0.5195504707907259,-0.0868887313961728,-0.0655867166143565,other
Gastrointestinal pain,340,0.6367041198501873,0.6268192844147968,0.5114463311097636,0.542919951485749,-0.1153729533050332,-0.0838993329290478,other
Gastrooesophageal reflux disease,80,0.149812734082397,0.5972191629955947,0.5450440528634362,0.5657764317180617,-0.0521751101321585,-0.031442731277533,other
Generalised oedema,42,0.0786516853932584,0.4758517228029423,0.5846399535423925,0.506145954316686,0.1087882307394502,0.0302942315137436,systemic/organ
Gingival bleeding,44,0.0823970037453183,0.525974025974026,0.4157235621521336,0.4866419294990723,-0.1102504638218924,-0.0393320964749536,other
Gingivitis,61,0.1142322097378277,0.5250060652271862,0.4756871035940803,0.4800194087269954,-0.0493189616331058,-0.0449866565001907,other
Glaucoma,56,0.1048689138576779,0.635011954572624,0.5293260609683204,0.6100941422594143,-0.1056858936043037,-0.0249178123132097,other
Glossitis,66,0.1235955056179775,0.5044677544677545,0.4934926184926185,0.483067858067858,-0.0109751359751359,-0.0213998963998964,other
Glycosuria,66,0.1235955056179775,0.630989380989381,0.5415695415695415,0.5993589743589743,-0.0894198394198394,-0.0316304066304066,other
Gout,76,0.1423220973782771,0.631205470006895,0.421081360606757,0.4841128476212364,-0.2101241094001379,-0.1470926223856585,other
Grand mal convulsion,37,0.0692883895131086,0.5846429930936974,0.5256403284572299,0.5711022894121486,-0.0590026646364675,-0.0135407036815488,other
Gynaecomastia,108,0.2022471910112359,0.6432576943140323,0.6302382194400975,0.6571683185532952,-0.0130194748739348,0.0139106242392628,other
Haematemesis,65,0.1217228464419475,0.6168607511891094,0.4013777267508611,0.504805642119075,-0.2154830244382483,-0.1120551090700344,other
Haematochezia,28,0.0524344569288389,0.4029503105590062,0.463579898362507,0.4499576510446075,0.0606295878035008,0.0470073404856013,systemic/organ
Haematocrit decreased,28,0.0524344569288389,0.5271033314511575,0.6619847543760586,0.6559853190287973,0.1348814229249011,0.1288819875776398,systemic/organ
Haematoma,41,0.0767790262172284,0.561915598872013,0.4531242269826349,0.4970563498738436,-0.1087913718893781,-0.0648592489981694,systemic/organ
Haematuria,165,0.3089887640449438,0.6247515808491417,0.5146423585447975,0.5507760532150776,-0.1101092223043442,-0.0739755276340641,other
Haemoglobin,168,0.3146067415730337,0.6192753057507155,0.5828129065833983,0.6001496226906063,-0.0364623991673171,-0.0191256830601092,systemic/organ
Haemoglobin decreased,55,0.1029962546816479,0.5620041753653444,0.4343139115581704,0.4796356044790282,-0.127690263807174,-0.0823685708863161,systemic/organ
Haemolytic anaemia,92,0.1722846441947565,0.6513132008656305,0.5093694668502853,0.5891943734015346,-0.1419437340153452,-0.0621188274640959,other
Haemoptysis,58,0.1086142322097378,0.6151477832512315,0.4825412923790206,0.5446247464503042,-0.1326064908722109,-0.0705230368009273,other
Haemorrhage,169,0.3164794007490636,0.6081705438923564,0.5884250628191618,0.6058847369700899,-0.0197454810731945,-0.0022858069222664,other
Haemorrhage intracranial,30,0.0561797752808988,0.7313492063492064,0.5663359788359789,0.7087301587301587,-0.1650132275132275,-0.0226190476190477,other
Haemorrhoids,41,0.0767790262172284,0.3878691930935536,0.5109088210557562,0.3973680304754366,0.1230396279622025,0.009498837381883,other
Hallucination,163,0.3052434456928839,0.6668595902303507,0.6317364774362113,0.6526549038413838,-0.0351231127941393,-0.0142046863889668,other
Headache,463,0.8670411985018727,0.6213914154473276,0.5361847108569343,0.6067897666778207,-0.0852067045903932,-0.0146016487695068,other
Hearing impaired,78,0.146067415730337,0.6465924426450742,0.5679262258209627,0.6352339181286549,-0.0786662168241114,-0.0113585245164192,other
Hepatic enzyme increased,77,0.1441947565543071,0.53727016965529,0.6148796498905909,0.6014663673306999,0.0776094802353009,0.0641961976754099,systemic/organ
Hepatic failure,129,0.2415730337078651,0.5820652694037707,0.5373145755574696,0.5721504450186621,-0.044750693846301,-0.0099148243851086,systemic/organ
Hepatic function abnormal,91,0.1704119850187266,0.4929923349787909,0.5052216406618212,0.5106541314216257,0.0122293056830302,0.0176617964428347,systemic/organ
Hepatic necrosis,44,0.0823970037453183,0.4725417439703154,0.5780612244897959,0.5207792207792208,0.1055194805194805,0.0482374768089053,systemic/organ
Hepatic steatosis,26,0.048689138576779,0.539748637189582,0.4470775287704421,0.4972743791641429,-0.0926711084191398,-0.042474258025439,systemic/organ
Hepatitis,204,0.3820224719101123,0.6152109328579917,0.544949494949495,0.5655525846702317,-0.0702614379084967,-0.0496583481877599,other
Hepatitis cholestatic,32,0.0599250936329588,0.5150647410358566,0.5271414342629482,0.5391558764940239,0.0120766932270915,0.0240911354581672,other
Hepatobiliary disease,193,0.3614232209737827,0.6012793824928206,0.5565009952441007,0.576907297950253,-0.0447783872487199,-0.0243720845425676,other
Hepatocellular injury,77,0.1441947565543071,0.5250504418994572,0.5060672369206287,0.5217255392310097,-0.0189832049788284,-0.0033249026684474,other
Hepatomegaly,52,0.097378277153558,0.5636370890520268,0.495531439514842,0.5664698372167252,-0.0681056495371847,0.0028327481646983,other
Hepatotoxicity,73,0.1367041198501872,0.6811428401628383,0.5300864707455502,0.6222625026000654,-0.1510563694172881,-0.0588803375627728,other
Hernia,28,0.0524344569288389,0.4815076228119707,0.4827075098814229,0.4625917560700169,0.0011998870694522,-0.0189158667419537,other
Herpes simplex,67,0.1254681647940075,0.5563936207612901,0.4232158266483429,0.4838761225989964,-0.1331777941129471,-0.0725174981622936,other
Herpes zoster,64,0.1198501872659176,0.6195811170212766,0.4884308510638298,0.5506316489361702,-0.1311502659574468,-0.0689494680851063,other
Hiccups,69,0.1292134831460674,0.6330060776063581,0.4777310269596385,0.573601371357332,-0.1552750506467196,-0.059404706249026,other
Hirsutism,39,0.0730337078651685,0.7043771043771043,0.5970991970991971,0.6555814555814556,-0.1072779072779072,-0.0487956487956486,other
Hostility,38,0.0711610486891385,0.65794779286927,0.4620118845500849,0.6065365025466893,-0.195935908319185,-0.0514112903225806,other
Hot flush,108,0.2022471910112359,0.6005912015301687,0.481111980525126,0.5223874108850635,-0.1194792210050426,-0.0782037906451051,other
Hyperacusis,25,0.046816479400749,0.7067976424361493,0.6404715127701375,0.6959528487229862,-0.0663261296660118,-0.010844793713163,other
Hyperaesthesia,60,0.1123595505617977,0.4726441631504922,0.5732419127988748,0.5710618846694797,0.1005977496483825,0.0984177215189874,other
Hyperbilirubinaemia,77,0.1441947565543071,0.673221745431811,0.5007530762454175,0.5699508369092614,-0.1724686691863934,-0.1032709085225496,systemic/organ
Hypercalcaemia,43,0.0805243445692883,0.6697295505139014,0.5737223511580543,0.6231231942405153,-0.0960071993558471,-0.046606356273386,other
Hypercholesterolaemia,82,0.1535580524344569,0.6248650982085042,0.4966814159292035,0.5543924023311029,-0.1281836822793007,-0.0704726958774013,other
Hyperglycaemia,172,0.3220973782771535,0.6450436849543878,0.4699826545034049,0.5040472825388668,-0.1750610304509828,-0.140996402415521,other
Hyperhidrosis,266,0.49812734082397,0.6165974638087757,0.5598557962069352,0.5777269666704073,-0.0567416676018405,-0.0388704971383683,other
Hyperkalaemia,67,0.1254681647940075,0.5650867717089072,0.4668413819553197,0.512512384544089,-0.0982453897535874,-0.0525743871648182,systemic/organ
Hyperkinesia,73,0.1367041198501872,0.6574153864440019,0.5555225388524054,0.6185184084628413,-0.1018928475915964,-0.0388969779811605,other
Hyperlipidaemia,53,0.099250936329588,0.5933785745106499,0.5081787157258856,0.5366178951084613,-0.0851998587847643,-0.0567606794021886,other
Hypernatraemia,26,0.048689138576779,0.5863113264688069,0.5128709872804361,0.5455784373107209,-0.0734403391883707,-0.040732889158086,other
Hyperreflexia,27,0.0505617977528089,0.7628022499817372,0.5960990576375191,0.7232814668712105,-0.166703192344218,-0.0395207831105266,other
Hypersensitivity,353,0.6610486891385767,0.5695929131516754,0.480459518257086,0.495578545380558,-0.0891333948945893,-0.0740143677711173,other
Hypertension,256,0.4794007490636704,0.5666872751798561,0.5540551933453237,0.564242356115108,-0.0126320818345323,-0.002444919064748,other
Hyperthyroidism,27,0.0505617977528089,0.4473664986485499,0.4338519979545621,0.4100372561911024,-0.0135145006939877,-0.0373292424574475,other
Hypertonia,84,0.1573033707865168,0.5503174603174604,0.4102380952380952,0.4191269841269841,-0.1400793650793652,-0.1311904761904763,other
Hypertriglyceridaemia,47,0.0880149812734082,0.5292935471187034,0.525012014504784,0.5614487308314038,-0.0042815326139193,0.0321551837127004,other
Hyperuricaemia,73,0.1367041198501872,0.6148931744569578,0.4791846194990045,0.5442902564407334,-0.1357085549579532,-0.0706029180162244,other
Hyperventilation,45,0.0842696629213483,0.5947739150193138,0.5471483753692343,0.5834583049306976,-0.0476255396500794,-0.0113156100886161,other
Hypoaesthesia,182,0.3408239700374532,0.591673951048951,0.4914616633366633,0.5160152347652348,-0.1002122877122877,-0.0756587162837162,other
Hypocalcaemia,63,0.1179775280898876,0.5743268291038992,0.5547467394601152,0.5866275738887204,-0.0195800896437839,0.0123007447848212,other
Hypoglycaemia,120,0.2247191011235955,0.581219806763285,0.5215378421900162,0.5533615136876006,-0.0596819645732688,-0.0278582930756844,other
Hypokalaemia,133,0.249063670411985,0.5876474227963925,0.5130032062700391,0.5268782929893312,-0.0746442165263533,-0.0607691298070612,systemic/organ
Hypokinesia,52,0.097378277153558,0.5649537184806894,0.5153606766677306,0.5536626236833706,-0.0495930418129588,-0.0112910947973188,other
Hypomagnesaemia,46,0.0861423220973782,0.7702245188880968,0.6375178189593728,0.7705808980755524,-0.132706699928724,0.0003563791874555,other
Hypomania,26,0.048689138576779,0.8542549969715323,0.6394609327680194,0.8345699576014536,-0.2147940642035128,-0.0196850393700787,on-target/neuro-endocrine
Hyponatraemia,128,0.2397003745318352,0.6617341440886699,0.5429879926108374,0.591248460591133,-0.1187461514778325,-0.0704856834975369,other
Hypophosphataemia,43,0.0805243445692883,0.6503575995831953,0.615071283095723,0.6860228295363047,-0.0352863164874722,0.0356652299531093,other
Hyporeflexia,28,0.0524344569288389,0.4654856013551665,0.3458498023715415,0.3891869000564653,-0.119635798983625,-0.0762987012987012,other
Hypotension,273,0.5112359550561798,0.6272718341683859,0.5769020251778872,0.5908803839838322,-0.0503698089904987,-0.0363914501845537,other
Hypothermia,27,0.0505617977528089,0.7098400175323253,0.4163927240850317,0.6506684198991891,-0.2934472934472936,-0.0591715976331361,other
Hypothyroidism,50,0.0936329588014981,0.5685123966942148,0.5005371900826446,0.5301239669421488,-0.0679752066115702,-0.038388429752066,other
Hypotonia,30,0.0561797752808988,0.6265873015873016,0.4601851851851852,0.5813492063492063,-0.1664021164021163,-0.0452380952380953,other
Hypoxia,32,0.0599250936329588,0.6056399402390438,0.5748256972111554,0.6283615537848606,-0.0308142430278883,0.0227216135458168,other
Ileus,48,0.0898876404494382,0.5726594650205762,0.492326817558299,0.5287637174211248,-0.0803326474622772,-0.0438957475994513,other
Ileus paralytic,25,0.046816479400749,0.7722593320235757,0.7894695481335954,0.8007072691552064,0.0172102161100197,0.0284479371316307,other
Ill-defined disorder,224,0.4194756554307116,0.5204061059907834,0.4585685483870967,0.464501728110599,-0.0618375576036866,-0.0559043778801843,other
Immune system disorder,202,0.3782771535580524,0.4881307407849219,0.5134647500894667,0.5087677442443039,0.0253340093045447,0.020637003459382,other
Inappropriate antidiuretic hormone secretion,49,0.0917602996254681,0.7709236271828319,0.6056806227645698,0.7208079107931833,-0.1652430044182621,-0.0501157163896486,other
Increased appetite,117,0.2191011235955056,0.6531390272397466,0.5682633380475107,0.608723277788026,-0.0848756891922358,-0.0444157494517205,other
Infection,273,0.5112359550561798,0.6003256003256003,0.5769721976618528,0.590234797131349,-0.0233534026637475,-0.0100908031942513,other
Infestation,171,0.3202247191011236,0.6102331126254572,0.6108130749279075,0.6364119665555072,0.0005799623024502,0.02617885393005,other
Inflammation,71,0.1329588014981273,0.6011620478812398,0.4337602287591641,0.521278861071396,-0.1674018191220757,-0.0798831868098438,other
Influenza,154,0.2883895131086142,0.5321086807928912,0.4813397129186603,0.4890123034859877,-0.0507689678742309,-0.0430963773069034,other
Influenza like illness,82,0.1535580524344569,0.5532592272825383,0.4925804014677314,0.5275469458234405,-0.0606788258148068,-0.0257122814590977,other
Injection site pain,39,0.0730337078651685,0.5635327635327634,0.4396788396788397,0.5031857031857032,-0.1238539238539236,-0.0603470603470601,other
Injection site reaction,56,0.1048689138576779,0.590406455469217,0.4868499701135684,0.5474073520621637,-0.1035564853556485,-0.0429991034070532,other
Injury,89,0.1666666666666666,0.5141522535033456,0.5448049488700921,0.5604342885999242,0.0306526953667465,0.0462820350965785,other
Insomnia,319,0.5973782771535581,0.6011518553619596,0.4907778668805131,0.5183203324342057,-0.1103739884814464,-0.0828315229277538,other
Interstitial lung disease,62,0.1161048689138576,0.7123769819573537,0.5711796063422635,0.6510388190267906,-0.1411973756150901,-0.061338162930563,other
Intestinal obstruction,49,0.0917602996254681,0.5033031769408794,0.423690300862613,0.4505785819482432,-0.0796128760782663,-0.0527245949926362,other
Irritability,103,0.1928838951310861,0.5842362534633838,0.5991710404793549,0.6255265469781273,0.014934787015971,0.0412902935147434,other
Jaundice,183,0.3426966292134831,0.5924836143415378,0.5065464792240749,0.5283732660781841,-0.0859371351174629,-0.0641103482633537,other
Jaundice cholestatic,74,0.1385767790262172,0.5855757931844888,0.5643654524089308,0.5701821386603996,-0.021210340775558,-0.0153936545240892,other
Joint swelling,35,0.0655430711610486,0.4438018894932722,0.4981963927855712,0.4096192384769539,0.054394503292299,-0.0341826510163182,other
Keratitis,54,0.1011235955056179,0.566820987654321,0.4996141975308642,0.4975308641975309,-0.0672067901234567,-0.06929012345679,other
Lacrimal disorder,30,0.0561797752808988,0.4286375661375662,0.4931878306878307,0.4201058201058201,0.0645502645502645,-0.008531746031746,other
Lacrimation increased,63,0.1179775280898876,0.6181377009402488,0.5294712364776059,0.5675192936339434,-0.0886664644626429,-0.0506184073063054,other
Laryngeal oedema,36,0.0674157303370786,0.6384426595269969,0.53603302097278,0.6221552878179384,-0.1024096385542168,-0.0162873717090584,systemic/organ
Laryngeal pain,51,0.095505617977528,0.5305484512645638,0.5119961027889417,0.5148784151341697,-0.0185523484756221,-0.0156700361303941,other
Laryngitis,54,0.1011235955056179,0.6411265432098766,0.4486496913580247,0.541087962962963,-0.1924768518518519,-0.1000385802469135,other
Laryngospasm,44,0.0823970037453183,0.6529220779220779,0.5317717996289424,0.6295454545454546,-0.1211502782931355,-0.0233766233766232,other
Lethargy,111,0.2078651685393258,0.5247375034609078,0.5692075053777181,0.5770025344493429,0.0444700019168103,0.0522650309884351,other
Leukocytoclastic vasculitis,35,0.0655430711610486,0.52642427712568,0.4230174634984254,0.4527912968794733,-0.1034068136272545,-0.0736329802462066,other
Leukocytosis,63,0.1179775280898876,0.5971421831294442,0.5032184140464395,0.5584538132308833,-0.0939237690830047,-0.0386883698985609,other
Leukopenia,254,0.4756554307116105,0.6415494938132733,0.5444460067491563,0.570627109111361,-0.0971034870641169,-0.0709223847019122,systemic/organ
Libido decreased,109,0.2041198501872659,0.6099298434970318,0.4763950350782515,0.5225256341068538,-0.1335348084187803,-0.087404209390178,on-target/neuro-endocrine
Libido increased,43,0.0805243445692883,0.7086629091081325,0.5570975228532185,0.6764079003457585,-0.151565386254914,-0.0322550087623739,on-target/neuro-endocrine
Liver disorder,49,0.0917602996254681,0.4849147906585314,0.4516726278140122,0.4383757626762045,-0.0332421628445191,-0.0465390279823269,other
Liver function test abnormal,138,0.2584269662921348,0.5307239057239057,0.4727894890938369,0.4875750256185038,-0.0579344166300688,-0.0431488801054018,other
Liver injury,68,0.1273408239700374,0.5477783388033324,0.5062484221156274,0.5415299166877051,-0.041529916687705,-0.0062484221156272,other
Loss of consciousness,246,0.4606741573033708,0.6178579494128273,0.5554426377597109,0.5707853432700993,-0.0624153116531164,-0.047072606142728,other
Loss of libido,31,0.0580524344569288,0.5434489835182453,0.5903931251202462,0.5919322773039184,0.0469441416020008,0.048483293785673,on-target/neuro-endocrine
Lower respiratory tract infection,30,0.0561797752808988,0.5404761904761906,0.5292989417989418,0.5984126984126984,-0.0111772486772487,0.0579365079365078,other
Lung disorder,38,0.0711610486891385,0.5881260611205432,0.5530029711375212,0.5838285229202038,-0.035123089983022,-0.0042975382003394,other
Lymphadenopathy,93,0.1741573033707865,0.5992734011167191,0.5605539706922196,0.5899105161777973,-0.0387194304244995,-0.0093628849389217,other
Lymphoma,25,0.046816479400749,0.6477799607072691,0.4450294695481335,0.6018074656188606,-0.2027504911591355,-0.0459724950884085,other
Lymphopenia,46,0.0861423220973782,0.7412241625089094,0.6155114041339985,0.729864575908767,-0.1257127583749109,-0.0113595866001424,other
Malaise,230,0.4307116104868914,0.513758581235698,0.5216962242562929,0.5236842105263159,0.0079376430205949,0.0099256292906179,other
Malnutrition,226,0.4232209737827715,0.6002758303643259,0.5376106194690267,0.5583697276175152,-0.0626652108952992,-0.0419061027468106,other
Mania,60,0.1123595505617977,0.6287623066104079,0.624929676511955,0.6419127988748242,-0.0038326300984529,0.0131504922644163,on-target/neuro-endocrine
Mediastinal disorder,229,0.4288389513108614,0.5961342973727539,0.5452645142816235,0.5546567399241177,-0.0508697830911304,-0.0414775574486362,other
Melaena,88,0.1647940074906367,0.5970240521810029,0.4858591520587036,0.5519262128006522,-0.1111649001222991,-0.0450978393803506,other
Memory impairment,56,0.1048689138576779,0.5045203227734609,0.6034817692767482,0.5838687985654513,0.0989614465032873,0.0793484757919903,other
Menopausal symptoms,109,0.2041198501872659,0.5909983810037777,0.4983917970858068,0.530728548300054,-0.0926065839179708,-0.0602698327037236,other
Menorrhagia,58,0.1086142322097378,0.5712836858881484,0.531331498116488,0.5554187192118226,-0.0399521877716603,-0.0158649666763257,other
Menstrual disorder,53,0.099250936329588,0.6147569921154826,0.5822382614835445,0.598713372298278,-0.0325187306319381,-0.0160436198172045,other
Menstruation irregular,37,0.0692883895131086,0.7457175485344499,0.6849203328076567,0.7948229920060906,-0.0607972157267932,0.0491054434716407,other
Mental disability,85,0.1591760299625468,0.5465740862046378,0.5423817633957815,0.5452115812917595,-0.0041923228088562,-0.0013625049128782,other
Mental disorder,231,0.4325842696629213,0.5795722429385797,0.5366393782235367,0.5483262611975483,-0.0429328647150429,-0.0312459817410313,other
Metabolic acidosis,25,0.046816479400749,0.7010609037328095,0.4411001964636542,0.6311198428290766,-0.2599607072691552,-0.0699410609037328,systemic/organ
Metrorrhagia,52,0.097378277153558,0.5951563996169805,0.574050430896904,0.59627353973827,-0.0211059687200765,0.0011171401212894,other
Micturition urgency,42,0.0786516853932584,0.6578590785907859,0.464237320944638,0.5609272164150213,-0.1936217576461478,-0.0969318621757645,other
Migraine,121,0.2265917602996254,0.5517379384867829,0.5394713145098353,0.5421927841034158,-0.0122666239769475,-0.0095451543833671,other
Mood swings,114,0.2134831460674157,0.5228070175438597,0.4914786967418547,0.4978070175438597,-0.031328320802005,-0.025,other
Mouth ulceration,91,0.1704119850187266,0.5122665145238509,0.4325651774861707,0.4310520179594672,-0.0797013370376801,-0.0812144965643836,other
Mucosal inflammation,43,0.0805243445692883,0.7833562260218823,0.7276085823899967,0.8119641926774971,-0.0557476436318855,0.0286079666556148,other
Multiple fractures,41,0.0767790262172284,0.7109780834116658,0.6138128926928215,0.6918814624251719,-0.0971651907188443,-0.0190966209864938,other
Muscle contractions involuntary,28,0.0524344569288389,0.6226002258610954,0.627046866177301,0.6167419536984755,0.0044466403162055,-0.0058582721626199,other
Muscle relaxant therapy,30,0.0561797752808988,0.6265873015873016,0.4601851851851852,0.5813492063492063,-0.1664021164021163,-0.0452380952380953,other
Muscle rigidity,31,0.0580524344569288,0.8012569742833321,0.6711344834220483,0.795741678958507,-0.1301224908612838,-0.005515295324825,on-target/neuro-endocrine
Muscle spasms,225,0.4213483146067415,0.5709169363538296,0.5148076231571378,0.5326573175116864,-0.0561093131966917,-0.0382596188421431,other
Muscle twitching,68,0.1273408239700374,0.6311537490532694,0.5650088361524868,0.6040456955314314,-0.0661449129007826,-0.0271080535218379,other
Muscular weakness,127,0.2378277153558052,0.5824256611658186,0.4627870533382344,0.4872216525759832,-0.1196386078275841,-0.0952040085898353,other
Musculoskeletal chest pain,26,0.048689138576779,0.4778921865536038,0.5018927922471229,0.4711538461538461,0.024000605693519,-0.0067383403997576,other
Musculoskeletal discomfort,309,0.5786516853932584,0.6353398058252426,0.5209061488673139,0.5517727436174038,-0.1144336569579287,-0.0835670622078388,other
Musculoskeletal disorder,26,0.048689138576779,0.4953058752271351,0.6707298606904906,0.6116747425802544,0.1754239854633554,0.1163688673531193,other
Musculoskeletal pain,81,0.1516853932584269,0.5644945902488213,0.5186275311367291,0.551658354454528,-0.0458670591120922,-0.0128362357942932,other
Musculoskeletal stiffness,68,0.1273408239700374,0.641788689724817,0.555036606917445,0.6127240595809139,-0.0867520828073719,-0.029064630143903,other
Myalgia,266,0.49812734082397,0.6261081809000112,0.5022584446190101,0.5275782740433173,-0.123849736281001,-0.0985299068566939,other
Mydriasis,55,0.1029962546816479,0.8390206870373885,0.7099259821598026,0.7877775669007401,-0.1290947048775859,-0.0512431201366484,on-target/neuro-endocrine
Myocardial infarction,165,0.3089887640449438,0.6174755686950809,0.5124579124579125,0.532627083846596,-0.1050176562371684,-0.0848484848484849,other
Myocardial ischaemia,65,0.1217228464419475,0.6489092996555684,0.5201574544858127,0.597605379694932,-0.1287518451697556,-0.0513039199606364,other
Myoclonus,45,0.0842696629213483,0.6734832992501705,0.5274255850942968,0.6416723471938196,-0.1460577141558736,-0.0318109520563508,other
Myopathy,50,0.0936329588014981,0.5842561983471074,0.5681818181818181,0.5820661157024793,-0.0160743801652892,-0.002190082644628,other
Myositis,35,0.0655430711610486,0.6135699971371313,0.5539650730031491,0.6107643859146865,-0.0596049241339822,-0.0028056112224448,other
Nail disorder,46,0.0861423220973782,0.5890502494654312,0.5965787598004276,0.6111903064861012,0.0075285103349964,0.02214005702067,other
Nasal congestion,95,0.1779026217228464,0.602997242536866,0.5064620549094833,0.5551372737081884,-0.0965351876273827,-0.0478599688286776,other
Nasopharyngitis,131,0.245318352059925,0.5080218968423844,0.5597901236906409,0.5515882787490766,0.0517682268482564,0.0435663819066921,other
Nausea,481,0.900749063670412,0.6875220648805555,0.5492488133997568,0.6302514415721963,-0.1382732514807986,-0.0572706233083591,other
Neck pain,75,0.1404494382022472,0.4813362381989833,0.4783442265795207,0.4659114015976761,-0.0029920116194625,-0.0154248366013072,other
Necrosis,37,0.0692883895131086,0.6096579476861167,0.6024797433248137,0.6208059165805645,-0.007178204361303,0.0111479688944478,other
Neoplasm,93,0.1741573033707865,0.6121717504205983,0.5553361129397996,0.6051252042035453,-0.0568356374807987,-0.007046546217053,other
Neoplasm malignant,69,0.1292134831460674,0.5822035218949664,0.6069814555088049,0.6154901044101605,0.0247779336138385,0.0332865825151941,other
Nephrolithiasis,63,0.1179775280898876,0.6282816028038958,0.4774037003336366,0.5405587571192667,-0.1508779024702591,-0.087722845684629,systemic/organ
Nephropathy,30,0.0561797752808988,0.3869047619047619,0.5173941798941799,0.4092592592592593,0.130489417989418,0.0223544973544974,systemic/organ
Nephrotic syndrome,29,0.0543071161048689,0.6796176169341072,0.4798907476954592,0.6121543188801639,-0.1997268692386479,-0.0674632980539432,systemic/organ
Nervous system disorder,301,0.5636704119850188,0.636818616058061,0.5354255486005162,0.5597365006487673,-0.1013930674575448,-0.0770821154092936,other
Nervousness,202,0.3782771535580524,0.6369736371227483,0.5431826315161636,0.5706638434927831,-0.0937910056065847,-0.0663097936299652,other
Neuralgia,58,0.1086142322097378,0.5753042596348885,0.4659881193856853,0.5199579831932772,-0.1093161402492032,-0.0553462764416112,other
Neuritis,55,0.1029962546816479,0.5934332890491554,0.5215031315240084,0.6109698234959196,-0.0719301575251469,0.0175365344467641,other
Neuroleptic malignant syndrome,40,0.0749063670411985,0.8237854251012146,0.8132591093117408,0.8420546558704454,-0.0105263157894737,0.0182692307692308,on-target/neuro-endocrine
Neuropathy peripheral,168,0.3146067415730337,0.5798855061150143,0.5629716367421286,0.5824388498568827,-0.0169138693728857,0.0025533437418683,other
Neutropenia,158,0.2958801498127341,0.6902269054672772,0.5801575545381092,0.6363116078642607,-0.1100693509291679,-0.0539152976030165,other
Night sweats,48,0.0898876404494382,0.518218449931413,0.4508744855967078,0.478866598079561,-0.0673439643347051,-0.0393518518518519,other
Nightmare,77,0.1441947565543071,0.6528176418767228,0.5453408735684446,0.5893034755179176,-0.1074767683082781,-0.0635141663588051,other
Nocturia,82,0.1535580524344569,0.5515594647096913,0.4532969997841571,0.4811137491905892,-0.0982624649255341,-0.070445715519102,other
Non-Hodgkin's lymphoma,26,0.048689138576779,0.7103270745003029,0.3944579043004239,0.6310569351907935,-0.3158691701998789,-0.0792701393095093,other
Nuchal rigidity,39,0.0730337078651685,0.6533022533022533,0.5193991193991194,0.601864801864802,-0.1339031339031339,-0.0514374514374513,other
Nystagmus,47,0.0880149812734082,0.6229193062169601,0.5174974878762725,0.5621040674559832,-0.1054218183406876,-0.0608152387609769,other
Ocular hyperaemia,26,0.048689138576779,0.5950938824954572,0.5349030890369473,0.544442761962447,-0.0601907934585099,-0.0506511205330102,other
Oculogyric crisis,25,0.046816479400749,0.828369351669941,0.7073477406679765,0.8440864440078586,-0.1210216110019645,0.0157170923379176,on-target/neuro-endocrine
Oedema,262,0.4906367041198501,0.5830433318365514,0.5259177144140099,0.5421531207903008,-0.0571256174225415,-0.0408902110462506,systemic/organ
Oedema peripheral,193,0.3614232209737827,0.6167018674122133,0.5380699861729444,0.5607858629753999,-0.0786318812392689,-0.0559160044368134,systemic/organ
Oesophagitis,87,0.1629213483146067,0.4904214559386974,0.4807786263467818,0.4724472215793669,-0.0096428295919155,-0.0179742343593304,other
Oliguria,53,0.099250936329588,0.536460989291178,0.4953908916173067,0.498568234417291,-0.0410700976738713,-0.037892754873887,other
Opportunistic infection,33,0.0617977528089887,0.722010524405734,0.4738401983910966,0.6796709611080869,-0.2481703260146374,-0.0423395632976471,other
Optic neuritis,34,0.0636704119850187,0.5733529411764706,0.5401764705882353,0.6273529411764707,-0.0331764705882353,0.054,other
Oral candidiasis,45,0.0842696629213483,0.6281299704612588,0.5445580549875029,0.621177005226085,-0.0835719154737559,-0.0069529652351738,other
Oropharyngeal discomfort,57,0.1067415730337078,0.5806024495200265,0.5024826216484608,0.5152083563205708,-0.0781198278715656,-0.0653940931994556,other
Oropharyngeal pain,81,0.1516853932584269,0.5618782874117679,0.5301828686670482,0.5646853623306898,-0.0316954187447197,0.0028070749189218,other
Orthostatic hypotension,137,0.2565543071161049,0.719355016639394,0.5214105793450882,0.5837209729908621,-0.1979444372943058,-0.1356340436485319,other
Osteoarthritis,115,0.2153558052434457,0.5575801598007679,0.4864584414236795,0.5062778873093287,-0.0711217183770883,-0.0513022724914392,other
Osteoporosis,34,0.0636704119850187,0.7139411764705882,0.46,0.6105294117647058,-0.2539411764705881,-0.1034117647058824,other
Otitis media,52,0.097378277153558,0.5347111394829237,0.4147382700287264,0.4522023619533992,-0.1199728694541972,-0.0825087775295244,other
Pain,304,0.5692883895131086,0.5564359267734553,0.4988987414187643,0.510883867276888,-0.057537185354691,-0.0455520594965673,other
Pain in extremity,115,0.2153558052434457,0.5738922901317838,0.5515201826294489,0.5781259728131161,-0.0223721075023348,0.0042336826813322,other
Pallor,52,0.097378277153558,0.5987472071496969,0.5700606447494414,0.5946776252792849,-0.0286865624002554,-0.0040695818704119,other
Palpitations,233,0.4363295880149813,0.6762437083826445,0.5998602654955584,0.6270942352387606,-0.0763834428870861,-0.0491494731438838,other
Pancreatitis,164,0.3071161048689138,0.621044825313118,0.4608767303889255,0.4946934739617666,-0.1601680949241924,-0.1263513513513513,other
Pancreatitis acute,31,0.0580524344569288,0.512088757775925,0.4196113640736227,0.4795100365548643,-0.0924773937023022,-0.0325787212210606,other
Pancytopenia,151,0.2827715355805243,0.6471218854287345,0.550239482648315,0.5800494527345978,-0.0968824027804194,-0.0670724326941366,other
Paraesthesia,297,0.5561797752808989,0.6388356135191579,0.4913125630425208,0.5243432922757818,-0.147523050476637,-0.114492321243376,other
Paraesthesia oral,30,0.0561797752808988,0.5903439153439154,0.5021164021164021,0.5871031746031746,-0.0882275132275133,-0.0032407407407407,other
Paralysis,47,0.0880149812734082,0.4803180567084625,0.5088033553235178,0.4683909301411158,0.0284852986150553,-0.0119271265673466,other
Paranoia,52,0.097378277153558,0.6976141078838174,0.609998404085541,0.6727976380466008,-0.0876157037982764,-0.0248164698372166,other
Parkinsonism,35,0.0655430711610486,0.8172917263097624,0.7565989121099342,0.7977097051245349,-0.0606928141998281,-0.0195820211852275,on-target/neuro-endocrine
Parosmia,49,0.0917602996254681,0.4353881758889122,0.5407111298127498,0.496191878813381,0.1053229539238375,0.0608037029244687,other
Pelvic pain,37,0.0692883895131086,0.6953069769971179,0.4613083908858557,0.6329327315242809,-0.2339985861112621,-0.0623742454728369,other
Peptic ulcer,47,0.0880149812734082,0.6160164271047228,0.6077591856350212,0.6216960111844119,-0.0082572414697016,0.005679584079689,other
Pericardial effusion,27,0.0505617977528089,0.7050916794506538,0.4662867996201328,0.6423405654174884,-0.2388048798305209,-0.0627511140331653,other
Pericarditis,33,0.0617977528089887,0.5267646525131554,0.5147281195185387,0.5305752132099437,-0.0120365329946167,0.0038105606967883,other
Periorbital oedema,28,0.0524344569288389,0.5918266516092602,0.4259599096555618,0.534867306606437,-0.1658667419536983,-0.0569593450028231,systemic/organ
Peripheral coldness,33,0.0617977528089887,0.7018085042037139,0.6060001209701809,0.7296316457993105,-0.095808383233533,0.0278231415955966,other
Peripheral sensory neuropathy,27,0.0505617977528089,0.6758711374095988,0.6239316239316238,0.6938417707648477,-0.0519395134779749,0.0179706333552488,other
Peripheral vascular disorder,31,0.0580524344569288,0.5551850189187456,0.5713461168473033,0.5587763740139806,0.0161610979285576,0.003591355095235,other
Petechiae,59,0.1104868913857678,0.632149866190901,0.511364852809991,0.584335414808207,-0.1207850133809099,-0.0478144513826939,other
Pharyngitis,176,0.3295880149812734,0.5880840528186897,0.5461052564753681,0.5602621889283901,-0.0419787963433215,-0.0278218638902996,other
Phlebitis,63,0.1179775280898876,0.4819869915411315,0.356114986688235,0.3897145553196508,-0.1258720048528965,-0.0922724362214807,other
Photophobia,77,0.1441947565543071,0.594106112705675,0.4896700673505925,0.5392025917190031,-0.1044360453550825,-0.0549035209866719,other
Photosensitivity reaction,172,0.3220973782771535,0.6412373120904535,0.5098772966722342,0.5471219324168058,-0.1313600154182193,-0.0941153796736476,other
Pigmentation disorder,25,0.046816479400749,0.5066404715127701,0.4695481335952849,0.5310019646365423,-0.0370923379174852,0.0243614931237721,other
Platelet count decreased,50,0.0936329588014981,0.6299173553719009,0.6044214876033057,0.6242148760330578,-0.0254958677685951,-0.005702479338843,other
Pleural effusion,55,0.1029962546816479,0.6099070032264188,0.5140254317707345,0.56621749857658,-0.0958815714556843,-0.0436895046498387,other
Pneumonia,170,0.3183520599250936,0.6163542340012927,0.5439883645765999,0.5615061409179056,-0.0723658694246928,-0.0548480930833871,other
Pneumothorax,29,0.0543071161048689,0.4163878456811198,0.4223284397405258,0.3855240696483442,0.005940594059406,-0.0308637760327756,other
Pollakiuria,160,0.299625468164794,0.6366978609625669,0.546524064171123,0.5660093582887701,-0.0901737967914438,-0.0706885026737967,other
Polyneuropathy,26,0.048689138576779,0.68057238037553,0.4991671714112659,0.657404603270745,-0.1814052089642641,-0.023167777104785,other
Polyp,47,0.0880149812734082,0.6164096290794705,0.5419633885272402,0.6018611560138057,-0.0744462405522302,-0.0145484730656647,other
Polyuria,101,0.1891385767790262,0.5922758557610958,0.5271305421535225,0.5377175130908011,-0.0651453136075732,-0.0545583426702946,other
Pregnancy,34,0.0636704119850187,0.5958823529411765,0.5467647058823529,0.6042941176470588,-0.0491176470588236,0.0084117647058822,other
Priapism,38,0.0711610486891385,0.7855475382003394,0.6787457555178269,0.7890492359932089,-0.1068017826825125,0.0035016977928694,other
Proctalgia,32,0.0599250936329588,0.5256474103585658,0.5195468127490039,0.5418949203187251,-0.0061005976095618,0.0162475099601593,other
Prostatic disorder,32,0.0599250936329588,0.6226967131474104,0.5350473107569721,0.5514815737051793,-0.0876494023904382,-0.0712151394422311,other
Protein urine present,73,0.1367041198501872,0.6186372685941819,0.5056309987222536,0.5702611951386206,-0.1130062698719283,-0.0483760734555612,systemic/organ
Proteinuria,72,0.1348314606741573,0.6391895141895142,0.5124158249158248,0.5881433381433381,-0.1267736892736893,-0.0510461760461761,other
Prurigo,40,0.0749063670411985,0.5674089068825912,0.5558704453441297,0.5480263157894737,-0.0115384615384614,-0.0193825910931174,other
Pruritus,401,0.7509363295880149,0.5260345377158608,0.5238032737704611,0.5333095831848949,-0.0022312639453997,0.007275045469034,other
Psoriasis,46,0.0861423220973782,0.5360833927298647,0.5199572344975053,0.5270402708481825,-0.0161261582323594,-0.0090431218816822,other
Psychotic disorder,115,0.2153558052434457,0.6063920307149527,0.5842274566773893,0.6122652277679776,-0.0221645740375634,0.0058731970530249,other
Pulmonary embolism,83,0.1554307116104868,0.6100766703176341,0.5654903427457056,0.6106911014345631,-0.0445863275719284,0.0006144311169289,other
Pulmonary fibrosis,30,0.0561797752808988,0.5226851851851853,0.6166005291005292,0.6047619047619047,0.0939153439153439,0.0820767195767194,other
Pulmonary function test decreased,31,0.0580524344569288,0.6528570512409415,0.522798691720644,0.6568331943820945,-0.1300583595202975,0.003976143141153,other
Pulmonary oedema,83,0.1554307116104868,0.5177784307963562,0.5396842358346913,0.5262201800550317,0.021905805038335,0.0084417492586754,systemic/organ
Purpura,110,0.2059925093632958,0.5466552315608919,0.5281303602058319,0.5394511149228131,-0.0185248713550599,-0.0072041166380788,other
Pyelonephritis,26,0.048689138576779,0.5423228346456692,0.5033313143549365,0.5071168988491823,-0.0389915202907327,-0.0352059357964869,other
Rash,444,0.8314606741573034,0.612062062062062,0.5674924924924925,0.5858108108108109,-0.0445695695695695,-0.0262512512512511,other
Rash erythematous,55,0.1029962546816479,0.6286961472765231,0.5310305560827482,0.5970772442588727,-0.0976655911937749,-0.0316189030176504,other
Rash generalised,32,0.0599250936329588,0.5685383466135459,0.6489666334661355,0.6476593625498007,0.0804282868525896,0.0791210159362548,other
Rash maculo-papular,93,0.1741573033707865,0.5852778387340599,0.5197864091873309,0.5445834247677566,-0.065491429546729,-0.0406944139663033,other
Rash papular,28,0.0524344569288389,0.4968238283455675,0.4332298136645963,0.4824957651044607,-0.0635940146809712,-0.0143280632411067,other
Rash pustular,61,0.1142322097378277,0.5437216234013794,0.4722559179288116,0.5058052888781062,-0.0714657054725678,-0.0379163345232732,other
Rectal haemorrhage,80,0.149812734082397,0.5572411894273128,0.5363160792951542,0.5501376651982379,-0.0209251101321585,-0.0071035242290748,other
Renal failure,152,0.2846441947565543,0.6563791678148252,0.4717897492422155,0.5334975199779554,-0.1845894185726097,-0.1228816478368698,systemic/organ
Renal failure acute,115,0.2153558052434457,0.704596866244682,0.4569471827332158,0.5510843623534296,-0.2476496835114662,-0.1535125038912523,systemic/organ
Renal impairment,107,0.2003745318352059,0.6156186390597298,0.4554050209021865,0.5078246405042789,-0.1602136181575432,-0.1077939985554509,systemic/organ
Renal pain,33,0.0617977528089887,0.6400532268795742,0.4299885078328192,0.5868263473053892,-0.210064719046755,-0.053226879574185,systemic/organ
Respiratory depression,31,0.0580524344569288,0.6528570512409415,0.522798691720644,0.6568331943820945,-0.1300583595202975,0.003976143141153,other
Respiratory distress,37,0.0692883895131086,0.6256457664908369,0.4878459948882484,0.5730599815106858,-0.1377997716025885,-0.052585784980151,other
Respiratory failure,69,0.1292134831460674,0.5427769985974754,0.5329904940003117,0.5386629266012155,-0.0097865045971636,-0.0041140719962599,other
Respiratory tract infection,47,0.0880149812734082,0.501376206911617,0.5350605094150029,0.5169732185766088,0.0336843025033859,0.0155970116649918,other
Rhabdomyolysis,84,0.1573033707865168,0.623994708994709,0.5775925925925925,0.6116666666666666,-0.0464021164021164,-0.0123280423280424,other
Rhinitis,178,0.3333333333333333,0.5455119303118293,0.5317510415351597,0.5378108824643353,-0.0137608887766695,-0.007701047847494,other
Rhinorrhoea,54,0.1011235955056179,0.5395061728395062,0.6052854938271606,0.5869212962962962,0.0657793209876543,0.04741512345679,other
Salivary hypersecretion,72,0.1348314606741573,0.6657948532948533,0.515993265993266,0.6188973063973063,-0.1498015873015873,-0.0468975468975469,other
Scotoma,57,0.1067415730337078,0.5462135422413477,0.5032182132480046,0.5217183419765347,-0.042995328993343,-0.024495200264813,other
Seborrhoeic dermatitis,47,0.0880149812734082,0.5130411988291319,0.5382061252129844,0.5680020970771986,0.0251649263838524,0.0549608982480667,other
Sensory loss,50,0.0936329588014981,0.6691735537190082,0.5920661157024794,0.65,-0.0771074380165288,-0.0191735537190081,other
Sepsis,93,0.1741573033707865,0.7029966108307122,0.6199253895106429,0.6814424694609027,-0.0830712213200692,-0.0215541413698094,other
Serotonin syndrome,26,0.048689138576779,0.8990006056935191,0.7239551786795881,0.9058903694730468,-0.175045427013931,0.0068897637795275,on-target/neuro-endocrine
Sexual dysfunction,44,0.0823970037453183,0.575834879406308,0.5853896103896103,0.5991187384044527,0.0095547309833023,0.0232838589981447,other
Shock,263,0.4925093632958801,0.6015882592285999,0.5235923842128155,0.5373283010396643,-0.0779958750157844,-0.0642599581889356,other
Sinus bradycardia,39,0.0730337078651685,0.4321678321678322,0.4985754985754986,0.5053095053095054,0.0664076664076663,0.0731416731416731,other
Sinus congestion,41,0.0767790262172284,0.4914658882897145,0.5748775540493741,0.5392074407559492,0.0834116657596595,0.0477415524662346,other
Sinus tachycardia,26,0.048689138576779,0.6985160508782555,0.4562386432465172,0.6437764990914597,-0.2422774076317382,-0.0547395517867957,other
Sinusitis,178,0.3333333333333333,0.5468059588435804,0.5368955939906578,0.5376057315995455,-0.0099103648529226,-0.0092002272440349,other
Skin discolouration,79,0.147940074906367,0.4547503129781611,0.4679927667269439,0.4481012658227848,0.0132424537487828,-0.0066490471553763,other
Skin disorder,302,0.5655430711610487,0.603548184517013,0.5554778488239324,0.570264329755652,-0.0480703356930806,-0.0332838547613609,other
Skin exfoliation,80,0.149812734082397,0.534966960352423,0.532874449339207,0.5310022026431718,-0.0020925110132159,-0.0039647577092511,other
Skin hyperpigmentation,38,0.0711610486891385,0.593060271646859,0.5081175721561969,0.5718378607809846,-0.0849426994906621,-0.0212224108658743,other
Skin irritation,25,0.046816479400749,0.5067976424361493,0.4982318271119842,0.5144204322200393,-0.008565815324165,0.0076227897838899,other
Skin ulcer,62,0.1161048689138576,0.5192386550027337,0.496822033898305,0.5163340623291417,-0.0224166211044286,-0.0029045926735919,other
Sleep disorder,104,0.1947565543071161,0.6131037567084079,0.5384168157423972,0.5610912343470482,-0.0746869409660107,-0.0520125223613596,other
Sneezing,29,0.0543071161048689,0.500034141345169,0.5872311369067942,0.5952884943666781,0.0871969955616251,0.095254353021509,other
Somnolence,317,0.5936329588014981,0.719679018447717,0.6316416868976145,0.6839320240154676,-0.0880373315501025,-0.0357469944322493,on-target/neuro-endocrine
Speech disorder,63,0.1179775280898876,0.5298419438546826,0.4724160010784214,0.4776059043574967,-0.0574259427762611,-0.0522360394971859,other
Stevens-Johnson syndrome,172,0.3220973782771535,0.5947417448284724,0.4836823846845689,0.518967621739689,-0.1110593601439035,-0.0757741230887834,other
Stomatitis,162,0.3033707865168539,0.6466381255807779,0.5235463958582238,0.5675361741669984,-0.1230917297225541,-0.0791019514137795,other
Stupor,47,0.0880149812734082,0.609200926209096,0.502992703918913,0.5688758792433046,-0.106208222290183,-0.0403250469657914,other
Sudden death,34,0.0636704119850187,0.6468235294117648,0.5597058823529412,0.6446470588235294,-0.0871176470588236,-0.0021764705882354,other
Suicidal ideation,59,0.1104868913857678,0.6920249776984836,0.5550401427297057,0.6466012488849242,-0.1369848349687779,-0.0454237288135593,other
Suicide attempt,45,0.0842696629213483,0.7048852533515111,0.5674164962508521,0.671665530561236,-0.1374687571006589,-0.033219722790275,other
Supraventricular tachycardia,40,0.0749063670411985,0.6159412955465586,0.6293522267206477,0.6492408906882591,0.013410931174089,0.0332995951417004,other
Swelling,78,0.146067415730337,0.4930274403958614,0.5477395411605938,0.538349077822762,0.0547121007647323,0.0453216374269005,other
Swelling face,25,0.046816479400749,0.5313948919449902,0.450294695481336,0.5374459724950884,-0.0811001964636542,0.0060510805500981,other
Syncope,235,0.4400749063670412,0.6076424962641429,0.5866647690884508,0.5986052800113855,-0.0209777271756921,-0.0090372162527574,other
Systemic lupus erythematosus,38,0.0711610486891385,0.7268145161290324,0.5542763157894737,0.6925403225806452,-0.1725382003395587,-0.0342741935483871,other
Tachycardia,248,0.4644194756554307,0.6808171667042635,0.5474988720956463,0.5878355515452289,-0.1333182946086172,-0.0929816151590345,other
Tardive dyskinesia,27,0.0505617977528089,0.8677039959091241,0.7896120973044051,0.8779311856234933,-0.0780918986047189,0.0102271897143692,on-target/neuro-endocrine
Tenderness,47,0.0880149812734082,0.4969636069727817,0.5047839573594304,0.5083227751321595,0.0078203503866486,0.0113591681593777,other
Tendonitis,33,0.0617977528089887,0.6449525192040161,0.6294683360551625,0.648339684267828,-0.0154841831488535,0.0033871650638118,other
Tension,197,0.3689138576779026,0.6053713717633945,0.5775806232960279,0.5971471177454097,-0.0277907484673666,-0.0082242540179847,other
Thinking abnormal,62,0.1161048689138576,0.6036085292509569,0.5567249863313286,0.5649603608529251,-0.0468835429196282,-0.0386481683980317,other
Thirst,103,0.1928838951310861,0.5765999144009191,0.5370216025048994,0.5401977789291105,-0.0395783118960196,-0.0364021354718085,other
Throat irritation,31,0.0580524344569288,0.5549284935548002,0.5552491502597319,0.5716667735522349,0.0003206567049316,0.0167382799974347,other
Throat tightness,26,0.048689138576779,0.7469715324046032,0.59728952150212,0.7303906723198061,-0.1496820109024832,-0.016580860084797,other
Thrombocytopenia,291,0.5449438202247191,0.6690000424250138,0.5525858045903865,0.5926915842914315,-0.1164142378346272,-0.0763084581335822,systemic/organ
Thrombocytopenic purpura,25,0.046816479400749,0.7629862475442043,0.4641257367387034,0.7277013752455795,-0.2988605108055009,-0.0352848722986247,systemic/organ
Thrombocytosis,42,0.0786516853932584,0.6170150987224158,0.5137921022067363,0.6115950445218737,-0.1032229965156794,-0.005420054200542,systemic/organ
Thrombophlebitis,84,0.1573033707865168,0.5285449735449735,0.4402645502645502,0.4653703703703704,-0.0882804232804232,-0.0631746031746031,other
Thrombosis,44,0.0823970037453183,0.6175324675324675,0.4813079777365492,0.5518552875695734,-0.1362244897959182,-0.0656771799628941,other
Tinnitus,193,0.3614232209737827,0.6113077963320317,0.47566590187349,0.49920228526279,-0.1356418944585416,-0.1121055110692416,other
Tongue discolouration,34,0.0636704119850187,0.724,0.518,0.6837058823529412,-0.2059999999999999,-0.0402941176470588,other
Tongue disorder,57,0.1067415730337078,0.6722203832432233,0.5234469822354629,0.6075618816433116,-0.1487734010077603,-0.0646585015999117,other
Tongue oedema,44,0.0823970037453183,0.6631725417439703,0.4493970315398887,0.5673469387755102,-0.2137755102040816,-0.0958256029684601,systemic/organ
Tooth abscess,29,0.0543071161048689,0.5491976783885285,0.4759303516558552,0.506657562307955,-0.0732673267326733,-0.0425401160805735,other
Tooth disorder,49,0.0917602996254681,0.5098253734483484,0.4446875657479486,0.4574794866400168,-0.0651378077003997,-0.0523458868083316,other
Toothache,47,0.0880149812734082,0.5593516536327494,0.4584298134475075,0.5179343789593255,-0.1009218401852419,-0.0414172746734239,other
Torsade de pointes,63,0.1179775280898876,0.7354834361203788,0.5812017659151417,0.7127354834361204,-0.1542816702052371,-0.0227479526842584,other
Toxic epidermal necrolysis,136,0.2546816479400749,0.6100908956547444,0.4870676913981672,0.5259200413833875,-0.1230232042565771,-0.0841708542713568,other
Transaminases increased,46,0.0861423220973782,0.4668567355666429,0.4705541696364932,0.486992159657876,0.0036974340698503,0.020135424091233,systemic/organ
Transient ischaemic attack,42,0.0786516853932584,0.5640727835849787,0.5195509097948122,0.5630081300813008,-0.0445218737901664,-0.0010646535036779,other
Traumatic liver injury,29,0.0543071161048689,0.6682144076476614,0.5701604643222943,0.6660976442471833,-0.0980539433253671,-0.002116763400478,other
Tremor,216,0.4044943820224719,0.6666666666666666,0.5491206615420452,0.5827218728162125,-0.1175460051246214,-0.0839447938504541,on-target/neuro-endocrine
Tubulointerstitial nephritis,56,0.1048689138576779,0.7157426778242677,0.5544680215182307,0.638336820083682,-0.161274656306037,-0.0774058577405857,other
Ulcer,51,0.095505617977528,0.6315511711931149,0.4214265416311452,0.5368408232858362,-0.2101246295619697,-0.0947103479072787,other
Upper respiratory tract infection,164,0.3071161048689138,0.5238793671720501,0.4351351351351351,0.4474950560316414,-0.0887442320369149,-0.0763843111404086,other
Urethral disorder,194,0.3632958801498127,0.6288508186779866,0.5809278350515464,0.6035627653123106,-0.0479229836264402,-0.025288053365676,other
Urinary incontinence,88,0.1647940074906367,0.5351355483081941,0.4669282511210762,0.4945729718711781,-0.0682072971871178,-0.0405625764370159,other
Urinary retention,128,0.2397003745318352,0.6985067733990148,0.6043526785714286,0.6482065886699507,-0.0941540948275861,-0.050300184729064,other
Urinary tract disorder,193,0.3614232209737827,0.6469998328597693,0.5886375032288453,0.6213058210383967,-0.0583623296309239,-0.0256940118213725,other
Urinary tract infection,167,0.3127340823970037,0.5508166228850202,0.5572778149423224,0.5635105810178009,0.0064611920573022,0.0126939581327807,other
Urine abnormality,32,0.0599250936329588,0.5296937250996017,0.6381349601593626,0.6429905378486056,0.1084412350597608,0.1132968127490039,systemic/organ
Urine analysis abnormal,37,0.0692883895131086,0.5223775082930012,0.5553863722877808,0.5706128663875143,0.0330088639947795,0.048235358094513,systemic/organ
Urine output increased,95,0.1779026217228464,0.6255125284738041,0.5222635175638413,0.5606521999760221,-0.1032490109099628,-0.064860328497782,systemic/organ
Urticaria,335,0.6273408239700374,0.5791194779869496,0.5737793444836121,0.5856146403660092,-0.0053401335033375,0.0064951623790595,other
VIIth nerve paralysis,27,0.0505617977528089,0.4601504857915114,0.582219300168018,0.5250200891226532,0.1220688143765066,0.0648696033311417,other
Vaginal discharge,43,0.0805243445692883,0.7181357457490646,0.5265476246862123,0.639511201629328,-0.1915881210628522,-0.0786245441197366,other
Vaginal haemorrhage,61,0.1142322097378277,0.6063494264028004,0.5763005580009011,0.5938723876200048,-0.0300488684018993,-0.0124770387827956,other
Vaginal infection,81,0.1516853932584269,0.5951816422750933,0.508952661270542,0.5461532172348948,-0.0862289810045513,-0.0490284250401984,other
Vaginal inflammation,72,0.1348314606741573,0.5825817700817701,0.5015933140933141,0.5482202982202983,-0.080988455988456,-0.0343614718614718,other
Vascular purpura,100,0.1872659176029962,0.588479262672811,0.5388940092165899,0.5711751152073732,-0.0495852534562211,-0.0173041474654378,other
Vasculitis,86,0.1610486891385767,0.559359426910299,0.5726484634551494,0.5843023255813953,0.0132890365448503,0.0249428986710962,other
Vasodilation procedure,62,0.1161048689138576,0.5145229633679607,0.6203184800437398,0.5791416074357573,0.1057955166757791,0.0646186440677966,other
Ventricular arrhythmia,56,0.1048689138576779,0.610393006575015,0.5857367005379558,0.6252988643156008,-0.0246563060370592,0.0149058577405857,other
Ventricular extrasystoles,73,0.1367041198501872,0.5532641963569369,0.4611475945680919,0.4775205776602383,-0.0921166017888449,-0.0757436186966986,other
Ventricular fibrillation,62,0.1161048689138576,0.5268247676325861,0.4830508474576271,0.5073469108802624,-0.0437739201749589,-0.0194778567523237,other
Ventricular tachycardia,81,0.1516853932584269,0.6530945956994523,0.5381952961055242,0.5886408851824598,-0.114899299593928,-0.0644537105169924,other
Vertigo,242,0.4531835205992509,0.6246886674968868,0.5047548964111853,0.5265623231065323,-0.1199337710857014,-0.0981263443903545,other
Viral infection,63,0.1179775280898876,0.5739898223974658,0.4838068277558723,0.5365483773127085,-0.0901829946415934,-0.0374414450847572,other
Vision blurred,231,0.4325842696629213,0.5724858200105725,0.5564699327075565,0.5743860100295743,-0.0160158873030159,0.0019001900190018,other
Visual acuity reduced,41,0.0767790262172284,0.5811111660812349,0.4820165240191956,0.5661208133379508,-0.0990946420620393,-0.014990352743284,other
Visual impairment,188,0.352059925093633,0.5689337104907145,0.5253043906038617,0.5325759439183373,-0.0436293198868528,-0.0363577665723772,other
Vomiting,440,0.8239700374531835,0.6482591876208896,0.559477756286267,0.5924081237911025,-0.0887814313346226,-0.0558510638297871,other
Vulvovaginal candidiasis,36,0.0674157303370786,0.7039268183846497,0.4298862115127176,0.6276215975011156,-0.274040606871932,-0.076305220883534,other
Vulvovaginal mycotic infection,38,0.0711610486891385,0.7140810696095077,0.492731324278438,0.6621922750424448,-0.2213497453310696,-0.0518887945670628,other
Weight decreased,161,0.301498127340824,0.5545101826719732,0.5719947379814497,0.5763242469152249,0.0174845553094765,0.0218140642432517,other
Weight increased,164,0.3071161048689138,0.6681443638760712,0.6046967699406725,0.6412656558998023,-0.0634475939353987,-0.0268787079762689,other
Wheezing,66,0.1235955056179775,0.5237308987308987,0.4999676249676249,0.52000777000777,-0.0237632737632738,-0.0037231287231287,other
White blood cell count decreased,37,0.0692883895131086,0.5915492957746479,0.4677796508782424,0.5591929958127142,-0.1237696448964054,-0.0323562999619336,other
Yawning,26,0.048689138576779,0.7231980617807389,0.4671411265899455,0.677771047849788,-0.2560569351907933,-0.0454270139309508,other
