class,method,mean,std,count
class_AED,contrastive_classholdout_concat,0.7158148148148148,0.16269172684853442,30
class_AED,contrastive_classholdout_expression,0.4954074074074074,0.0634999712280472,30
class_AED,contrastive_classholdout_structure,0.8247407407407407,0.07260636614451396,30
class_AED,contrastive_debiased_concat,0.523,0.07553478979905373,30
class_AED,contrastive_debiased_expression,0.4887037037037037,0.0627997847930881,30
class_AED,contrastive_debiased_structure,0.5392592592592592,0.07956637126191114,30
class_AED,contrastive_full_concat,0.5177037037037037,0.07467821324088342,30
class_AED,contrastive_full_expression,0.5086296296296297,0.07564153510740171,30
class_AED,contrastive_full_structure,0.5342592592592593,0.08216581027085162,30
class_AED,contrastive_randholdout0_concat,0.5532222222222222,0.06553452267737549,10
class_AED,contrastive_randholdout1_concat,0.5606666666666666,0.05666836114629449,10
class_AED,contrastive_randholdout2_concat,0.5314444444444444,0.08616672835524056,10
class_AED,neighbor_connectivity,0.48933333333333334,0.10475682206685788,10
class_AED,random,0.5146666666666666,0.09146843511709885,10
class_AED,raw_concat_RF,0.4903888888888889,0.07174297306226889,10
class_AED,raw_ecfp4_RF,0.7836666666666667,0.07469746939593322,10
class_AED,raw_expression_RF,0.5057777777777778,0.10219980967396021,10
class_Antipsychotic,contrastive_classholdout_concat,0.8258888888888889,0.1560299689587941,30
class_Antipsychotic,contrastive_classholdout_expression,0.43666666666666665,0.20549351864936405,30
class_Antipsychotic,contrastive_classholdout_structure,0.9392222222222222,0.05383160442284982,30
class_Antipsychotic,contrastive_debiased_concat,0.599111111111111,0.21457064557215558,30
class_Antipsychotic,contrastive_debiased_expression,0.47477777777777774,0.21452376791097735,30
class_Antipsychotic,contrastive_debiased_structure,0.6246666666666667,0.21286514717357102,30
class_Antipsychotic,contrastive_full_concat,0.5457777777777777,0.25762090615846883,30
class_Antipsychotic,contrastive_full_expression,0.47855555555555557,0.231916359829524,30
class_Antipsychotic,contrastive_full_structure,0.5562222222222223,0.2625584895003103,30
class_Antipsychotic,contrastive_randholdout0_concat,0.626,0.3049582039769377,10
class_Antipsychotic,contrastive_randholdout1_concat,0.583,0.2669880008400988,10
class_Antipsychotic,contrastive_randholdout2_concat,0.554,0.25889031950010066,10
class_Antipsychotic,neighbor_connectivity,0.569,0.11959860852239806,10
class_Antipsychotic,random,0.5003333333333334,0.19870227123159057,10
class_Antipsychotic,raw_concat_RF,0.49400000000000005,0.2342155280510814,10
class_Antipsychotic,raw_ecfp4_RF,0.9676666666666666,0.02739964855140921,10
class_Antipsychotic,raw_expression_RF,0.38566666666666666,0.1693199907254287,10
class_BetaBlocker,contrastive_classholdout_concat,0.967111111111111,0.05300714426896103,30
class_BetaBlocker,contrastive_classholdout_expression,0.7662222222222221,0.12065508718598213,30
class_BetaBlocker,contrastive_classholdout_structure,0.9781111111111112,0.026474643885004454,30
class_BetaBlocker,contrastive_debiased_concat,0.926888888888889,0.10519069832474981,30
class_BetaBlocker,contrastive_debiased_expression,0.8886666666666667,0.12004341487952891,30
class_BetaBlocker,contrastive_debiased_structure,0.9323333333333333,0.09775702932070508,30
class_BetaBlocker,contrastive_full_concat,0.9161111111111111,0.09932370289400849,30
class_BetaBlocker,contrastive_full_expression,0.8705555555555555,0.13055461807766452,30
class_BetaBlocker,contrastive_full_structure,0.9162222222222223,0.08708886259004997,30
class_BetaBlocker,contrastive_randholdout0_concat,0.9243333333333335,0.0820877278387482,10
class_BetaBlocker,contrastive_randholdout1_concat,0.93,0.08964952335086364,10
class_BetaBlocker,contrastive_randholdout2_concat,0.9216666666666666,0.10503673666571482,10
class_BetaBlocker,neighbor_connectivity,0.6996666666666667,0.1442259030518135,10
class_BetaBlocker,random,0.5003333333333334,0.19870227123159057,10
class_BetaBlocker,raw_concat_RF,0.8791666666666667,0.11134766485713023,10
class_BetaBlocker,raw_ecfp4_RF,0.9916666666666666,0.015010284540118126,10
class_BetaBlocker,raw_expression_RF,0.577,0.16292049109842843,10
class_NSAID,contrastive_classholdout_concat,0.7046666666666667,0.17260812037210418,30
class_NSAID,contrastive_classholdout_expression,0.5431851851851852,0.06403937521538171,30
class_NSAID,contrastive_classholdout_structure,0.792074074074074,0.1435352266466025,30
class_NSAID,contrastive_debiased_concat,0.7287407407407407,0.09999392630909472,30
class_NSAID,contrastive_debiased_expression,0.64,0.07796256101193846,30
class_NSAID,contrastive_debiased_structure,0.762074074074074,0.1034754649478594,30
class_NSAID,contrastive_full_concat,0.6783703703703703,0.08571127458609833,30
class_NSAID,contrastive_full_expression,0.5977037037037037,0.06263813739698104,30
class_NSAID,contrastive_full_structure,0.7162222222222222,0.09524792322945001,30
class_NSAID,contrastive_randholdout0_concat,0.6486666666666666,0.07041674884939325,10
class_NSAID,contrastive_randholdout1_concat,0.754,0.08807061638541851,10
class_NSAID,contrastive_randholdout2_concat,0.7666666666666666,0.06931370409060492,10
class_NSAID,neighbor_connectivity,0.5586666666666666,0.1194188028750487,10
class_NSAID,random,0.4964444444444444,0.15355039208055862,10
class_NSAID,raw_concat_RF,0.5563333333333333,0.15832547088990542,10
class_NSAID,raw_ecfp4_RF,0.8379999999999999,0.08463558614259704,10
class_NSAID,raw_expression_RF,0.4895555555555555,0.14495086911833907,10
class_SSRI,contrastive_classholdout_concat,0.7778888888888889,0.17910052686371633,30
class_SSRI,contrastive_classholdout_expression,0.447,0.11438775890353473,30
class_SSRI,contrastive_classholdout_structure,0.9396666666666668,0.08643359464655455,30
class_SSRI,contrastive_debiased_concat,0.7037777777777777,0.14013330635665097,30
class_SSRI,contrastive_debiased_expression,0.641,0.15079393973411667,30
class_SSRI,contrastive_debiased_structure,0.7446666666666667,0.13130234770715246,30
class_SSRI,contrastive_full_concat,0.6781111111111111,0.173820454627753,30
class_SSRI,contrastive_full_expression,0.6354444444444444,0.16143865502378174,30
class_SSRI,contrastive_full_structure,0.7004444444444444,0.18113886913249805,30
class_SSRI,contrastive_randholdout0_concat,0.6876666666666666,0.10607532846351209,10
class_SSRI,contrastive_randholdout1_concat,0.742,0.1434426800821004,10
class_SSRI,contrastive_randholdout2_concat,0.644,0.14208152763053739,10
class_SSRI,neighbor_connectivity,0.5256666666666667,0.13074383586725588,10
class_SSRI,random,0.5003333333333334,0.19870227123159057,10
class_SSRI,raw_concat_RF,0.44833333333333336,0.1319113993707542,10
class_SSRI,raw_ecfp4_RF,0.9345000000000001,0.07992299534667845,10
class_SSRI,raw_expression_RF,0.35333333333333333,0.1028483241369434,10
class_Statin,contrastive_classholdout_concat,0.8442222222222221,0.21248742731944822,30
class_Statin,contrastive_classholdout_expression,0.7072222222222222,0.15357822356542647,30
class_Statin,contrastive_classholdout_structure,0.8881111111111112,0.15317754037755502,30
class_Statin,contrastive_debiased_concat,0.9510000000000001,0.050150348665431714,30
class_Statin,contrastive_debiased_expression,0.926111111111111,0.06285715322353166,30
class_Statin,contrastive_debiased_structure,0.9571111111111111,0.048016067978995054,30
class_Statin,contrastive_full_concat,0.9537777777777777,0.05729357973120851,30
class_Statin,contrastive_full_expression,0.8865555555555555,0.10704846660175936,30
class_Statin,contrastive_full_structure,0.9727777777777777,0.0351252093524892,30
class_Statin,contrastive_randholdout0_concat,0.9476666666666667,0.04666798939924347,10
class_Statin,contrastive_randholdout1_concat,0.9550000000000001,0.04369507133830154,10
class_Statin,contrastive_randholdout2_concat,0.923,0.07653692726108033,10
class_Statin,neighbor_connectivity,0.6900000000000001,0.17196755364362437,10
class_Statin,random,0.5003333333333334,0.19870227123159057,10
class_Statin,raw_concat_RF,0.9443333333333334,0.09018225715833927,10
class_Statin,raw_ecfp4_RF,0.9873333333333333,0.04005551702879948,10
class_Statin,raw_expression_RF,0.7328333333333333,0.19703676726520097,10
