class,mode,pretrain_seed,view,auroc,auprc
class_AED,positive,0,structure,0.5466666666666666,0.06318171087076965
class_AED,positive,0,expression,0.6222222222222222,0.13039590769853926
class_AED,positive,0,concat,0.5833333333333334,0.07764796835020488
class_AED,positive,1,structure,0.508888888888889,0.04994609627261708
class_AED,positive,1,expression,0.5166666666666666,0.06566858759628305
class_AED,positive,1,concat,0.5133333333333333,0.051545888762018155
class_AED,positive,2,structure,0.4633333333333334,0.04394452280650449
class_AED,positive,2,expression,0.5766666666666667,0.10308961514349296
class_AED,positive,2,concat,0.49111111111111116,0.049947431402035
class_AED,exclude,0,structure,0.6355555555555555,0.06370907644077245
class_AED,exclude,0,expression,0.6911111111111111,0.10128468542842356
class_AED,exclude,0,concat,0.6611111111111111,0.06858653411287306
class_AED,exclude,1,structure,0.4866666666666667,0.047124546733548205
class_AED,exclude,1,expression,0.5244444444444445,0.051078253965057434
class_AED,exclude,1,concat,0.52,0.04888760702215439
class_AED,exclude,2,structure,0.6933333333333334,0.07434062763067684
class_AED,exclude,2,expression,0.5144444444444445,0.0928328958736921
class_AED,exclude,2,concat,0.6688888888888889,0.06956499410693955
class_Statin,positive,0,structure,0.9933333333333334,0.75
class_Statin,positive,0,expression,0.9833333333333334,0.6428571428571428
class_Statin,positive,0,concat,0.9933333333333334,0.75
class_Statin,positive,1,structure,0.9966666666666666,0.8333333333333333
class_Statin,positive,1,expression,1.0,1.0
class_Statin,positive,1,concat,0.9966666666666666,0.8333333333333333
class_Statin,positive,2,structure,0.9966666666666666,0.8333333333333333
class_Statin,positive,2,expression,0.99,0.7
class_Statin,positive,2,concat,0.9966666666666666,0.8333333333333333
class_Statin,exclude,0,structure,0.9933333333333333,0.5833333333333333
class_Statin,exclude,0,expression,0.98,0.625
class_Statin,exclude,0,concat,0.9966666666666666,0.8333333333333333
class_Statin,exclude,1,structure,0.9933333333333333,0.5833333333333333
class_Statin,exclude,1,expression,0.9933333333333334,0.75
class_Statin,exclude,1,concat,0.9966666666666666,0.8333333333333333
class_Statin,exclude,2,structure,0.99,0.5
class_Statin,exclude,2,expression,0.9866666666666667,0.6666666666666666
class_Statin,exclude,2,concat,0.9933333333333334,0.75
class_SSRI,positive,0,structure,0.9066666666666666,0.125
class_SSRI,positive,0,expression,0.75,0.03790375741595254
class_SSRI,positive,0,concat,0.8833333333333333,0.07703081232492998
class_SSRI,positive,1,structure,0.88,0.1
class_SSRI,positive,1,expression,0.7333333333333334,0.03511904761904762
class_SSRI,positive,1,concat,0.8533333333333333,0.06203007518796992
class_SSRI,positive,2,structure,0.9066666666666666,0.125
class_SSRI,positive,2,expression,0.7933333333333333,0.04554079696394687
class_SSRI,positive,2,concat,0.8766666666666666,0.07393483709273183
class_SSRI,exclude,0,structure,0.86,0.08695652173913043
class_SSRI,exclude,0,expression,0.7366666666666667,0.03573573573573574
class_SSRI,exclude,0,concat,0.8266666666666667,0.05309139784946236
class_SSRI,exclude,1,structure,0.86,0.08695652173913043
class_SSRI,exclude,1,expression,0.6333333333333333,0.02620841180163214
class_SSRI,exclude,1,concat,0.8166666666666667,0.05119047619047619
class_SSRI,exclude,2,structure,0.8866666666666667,0.10526315789473684
class_SSRI,exclude,2,expression,0.73,0.03489702517162471
class_SSRI,exclude,2,concat,0.8433333333333333,0.05929487179487179
class_NSAID,positive,0,structure,0.6044444444444445,0.03876389265383573
class_NSAID,positive,0,expression,0.5133333333333333,0.032119514472455646
class_NSAID,positive,0,concat,0.5599999999999999,0.032004029682048254
class_NSAID,positive,1,structure,0.611111111111111,0.047418630751964085
class_NSAID,positive,1,expression,0.5288888888888889,0.03013945119208277
class_NSAID,positive,1,concat,0.5688888888888889,0.03538726561982376
class_NSAID,positive,2,structure,0.5066666666666667,0.0269526567340775
class_NSAID,positive,2,expression,0.45999999999999996,0.02774671722040143
class_NSAID,positive,2,concat,0.4755555555555555,0.0249120670995671
class_NSAID,exclude,0,structure,0.6511111111111111,0.039363525091799266
class_NSAID,exclude,0,expression,0.5422222222222222,0.033893664091683894
class_NSAID,exclude,0,concat,0.6,0.0346415770609319
class_NSAID,exclude,1,structure,0.5955555555555555,0.08478439088375143
class_NSAID,exclude,1,expression,0.5444444444444445,0.0390994188676619
class_NSAID,exclude,1,concat,0.6,0.07397107897664071
class_NSAID,exclude,2,structure,0.49111111111111105,0.027724705548460335
class_NSAID,exclude,2,expression,0.4533333333333333,0.030158007782400985
class_NSAID,exclude,2,concat,0.48,0.02876047797396112
class_BetaBlocker,positive,0,structure,0.8733333333333333,0.27564102564102566
class_BetaBlocker,positive,0,expression,0.67,0.17676767676767677
class_BetaBlocker,positive,0,concat,0.8266666666666668,0.1858974358974359
class_BetaBlocker,positive,1,structure,0.79,0.5153846153846153
class_BetaBlocker,positive,1,expression,0.5966666666666667,0.2581967213114754
class_BetaBlocker,positive,1,concat,0.7166666666666667,0.5114942528735632
class_BetaBlocker,positive,2,structure,0.8733333333333333,0.525
class_BetaBlocker,positive,2,expression,0.63,0.25892857142857145
class_BetaBlocker,positive,2,concat,0.7766666666666666,0.5144927536231884
class_BetaBlocker,exclude,0,structure,0.8733333333333333,0.27564102564102566
class_BetaBlocker,exclude,0,expression,0.6833333333333333,0.17719298245614035
class_BetaBlocker,exclude,0,concat,0.8033333333333332,0.26666666666666666
class_BetaBlocker,exclude,1,structure,0.7866666666666666,0.5151515151515151
class_BetaBlocker,exclude,1,expression,0.5900000000000001,0.508
class_BetaBlocker,exclude,1,concat,0.7366666666666667,0.5123456790123457
class_BetaBlocker,exclude,2,structure,0.8366666666666667,0.5196078431372549
class_BetaBlocker,exclude,2,expression,0.6366666666666667,0.2590909090909091
class_BetaBlocker,exclude,2,concat,0.7733333333333333,0.5142857142857142
class_Antipsychotic,positive,0,structure,0.45999999999999996,0.017773253993109927
class_Antipsychotic,positive,0,expression,0.42333333333333334,0.016983081492961384
class_Antipsychotic,positive,0,concat,0.45666666666666667,0.017645245800585605
class_Antipsychotic,positive,1,structure,0.5700000000000001,0.02286386203292396
class_Antipsychotic,positive,1,expression,0.37666666666666665,0.015429338103756709
class_Antipsychotic,positive,1,concat,0.4933333333333333,0.01881720430107527
class_Antipsychotic,positive,2,structure,0.4033333333333333,0.016530054644808743
class_Antipsychotic,positive,2,expression,0.42,0.01670843776106934
class_Antipsychotic,positive,2,concat,0.39999999999999997,0.01639344262295082
class_Antipsychotic,exclude,0,structure,0.5433333333333333,0.020815811606391926
class_Antipsychotic,exclude,0,expression,0.48333333333333334,0.0184640522875817
class_Antipsychotic,exclude,0,concat,0.5566666666666666,0.021441202475685234
class_Antipsychotic,exclude,1,structure,0.5666666666666667,0.031736281736281735
class_Antipsychotic,exclude,1,expression,0.39333333333333337,0.015773809523809523
class_Antipsychotic,exclude,1,concat,0.54,0.022866632600919774
class_Antipsychotic,exclude,2,structure,0.5733333333333334,0.022642390289449112
class_Antipsychotic,exclude,2,expression,0.5033333333333333,0.019444444444444445
class_Antipsychotic,exclude,2,concat,0.5733333333333334,0.022642390289449112
